Enter the model name: Enter the log name : Enter the version: Enter the model name: Début du programme...
Error: MonCal.CTRL is not in the matrix
Error: MonCal.Kldg is not in the matrix
Error: MonCal.Kldg is not in the matrix
Error: MonCal.Kldg is not in the matrix
Error: MonCal.StratKldg is not in the matrix
Error: MonCal.Kldg is not in the matrix
Error: MonCal.StratKldg is not in the matrix
Miss: 7
Programme terminé.
Accuracy =  0.6680851063829787
Kappa =  0.6129726990561856
Energy(kWh) =  121026780317.47308
Time(min) =  34.24338345130285
Time:  [1742385614.1674793, 1742385614.270593, 1742385614.3735764, 1742385614.4763887, 1742385614.5790913, 1742385614.6817646, 1742385614.7844718, 1742385614.8872378, 1742385614.9899278, 1742385615.0925856, 1742385615.1953022, 1742385615.2979794, 1742385615.4006195, 1742385615.5032802, 1742385615.605969, 1742385615.7086112, 1742385615.8112912, 1742385615.913954, 1742385616.0165918, 1742385616.1193285, 1742385616.2220862, 1742385616.3247204, 1742385616.4274218, 1742385616.53076, 1742385616.6339846, 1742385616.7371004, 1742385616.840265, 1742385616.943308, 1742385617.0463865, 1742385617.1495013, 1742385617.2526345, 1742385617.3557057, 1742385617.4574947, 1742385617.5594018, 1742385617.6613133, 1742385617.7638643, 1742385617.8657653, 1742385617.9677496, 1742385618.0697007, 1742385618.1715784, 1742385618.2735012, 1742385618.375405, 1742385618.4773197, 1742385618.5792232, 1742385618.6811535, 1742385618.7830582, 1742385618.8849833, 1742385618.9868755, 1742385619.0897412, 1742385619.191648, 1742385619.293559, 1742385619.3954444, 1742385619.4973617, 1742385619.5993357, 1742385619.7012355, 1742385619.803141, 1742385619.905093, 1742385620.007037, 1742385620.1089628, 1742385620.2108643, 1742385620.3127751, 1742385620.4147117, 1742385620.516653, 1742385620.6188014, 1742385620.7206929, 1742385620.8226106, 1742385620.924539, 1742385621.0265913, 1742385621.1285503, 1742385621.2304375, 1742385621.3323812, 1742385621.4343414, 1742385621.536383, 1742385621.6383233, 1742385621.7402654, 1742385621.8422334, 1742385621.9441576, 1742385622.0460763, 1742385622.1480567, 1742385622.2499552, 1742385622.3519073, 1742385622.4538338, 1742385622.5556574, 1742385622.6577823, 1742385622.7596498, 1742385622.8615816, 1742385622.9635227, 1742385623.0654418, 1742385623.1672335, 1742385623.2687476, 1742385623.370697, 1742385623.472731, 1742385623.5746574, 1742385623.6766288, 1742385623.7785554, 1742385623.8805854, 1742385623.9825497, 1742385624.084467, 1742385624.1863484, 1742385624.2882946, 1742385624.3899376, 1742385624.4918222, 1742385624.5937538, 1742385624.6956482, 1742385624.7976048, 1742385624.8995185, 1742385625.0014677, 1742385625.1033702, 1742385625.205231, 1742385625.308129, 1742385625.411247, 1742385625.5132341, 1742385625.6153555, 1742385625.7173522, 1742385625.8189044, 1742385625.9208698, 1742385626.0228229, 1742385626.1248927, 1742385626.2268264, 1742385626.3288488, 1742385626.4308143, 1742385626.5328043, 1742385626.6347191, 1742385626.7366688, 1742385626.8386126, 1742385626.940583, 1742385627.0425649, 1742385627.144601, 1742385627.2465224, 1742385627.3484805, 1742385627.4504282, 1742385627.5523815, 1742385627.6543357, 1742385627.7562006, 1742385627.8581219, 1742385627.960063, 1742385628.0620165, 1742385628.1639476, 1742385628.2658968, 1742385628.367829, 1742385628.4697495, 1742385628.5717323, 1742385628.673668, 1742385628.775625, 1742385628.877564, 1742385628.979526, 1742385629.0813599, 1742385629.183327, 1742385629.28528, 1742385629.3872294, 1742385629.4891708, 1742385629.5911345, 1742385629.6934407, 1742385629.795416, 1742385629.8972795, 1742385629.999232, 1742385630.1012, 1742385630.2031264, 1742385630.3050833, 1742385630.407395, 1742385630.50933, 1742385630.611327, 1742385630.7132425, 1742385630.815176, 1742385630.9171047, 1742385631.019055, 1742385631.1210306, 1742385631.2229311, 1742385631.3248458, 1742385631.4267914, 1742385631.5287278, 1742385631.6306756, 1742385631.7325764, 1742385631.8345473, 1742385631.936457, 1742385632.0384068, 1742385632.1406076, 1742385632.2425325, 1742385632.3443422, 1742385632.4462833, 1742385632.5498981, 1742385632.651884, 1742385632.753834, 1742385632.8563333, 1742385632.9593544, 1742385633.0611823, 1742385633.1636078, 1742385633.2666578, 1742385633.3688412, 1742385633.4716368, 1742385633.5742786, 1742385633.6768858, 1742385633.7799222, 1742385633.8929114, 1742385633.9959626, 1742385634.0990288, 1742385634.2021103, 1742385634.3051784, 1742385634.4071817, 1742385634.50916, 1742385634.6110992, 1742385634.7130542, 1742385634.8150516, 1742385634.9170403, 1742385635.019014, 1742385635.1211166, 1742385635.22306, 1742385635.3251407, 1742385635.427114, 1742385635.530133, 1742385635.6319747, 1742385635.734567, 1742385635.8364952, 1742385635.9384303, 1742385636.0404336, 1742385636.1424477, 1742385636.244412, 1742385636.3464031, 1742385636.4483669, 1742385636.550342, 1742385636.6522796, 1742385636.7542279, 1742385636.8561563, 1742385636.9580986, 1742385637.0600388, 1742385637.1620197, 1742385637.263959, 1742385637.3658755, 1742385637.4677987, 1742385637.5697198, 1742385637.6718569, 1742385637.7738056, 1742385637.8758101, 1742385637.9777393, 1742385638.0808966, 1742385638.1828272, 1742385638.2848294, 1742385638.3867528, 1742385638.4887173, 1742385638.5906634, 1742385638.6926014, 1742385638.7944894, 1742385638.89644, 1742385638.998407, 1742385639.100355, 1742385639.2022843, 1742385639.3042529, 1742385639.406214, 1742385639.5081556, 1742385639.6101024, 1742385639.7120035, 1742385639.8139431, 1742385639.915911, 1742385640.0178704, 1742385640.1198807, 1742385640.2218487, 1742385640.3246722, 1742385640.4276009, 1742385640.5294008, 1742385640.6320877, 1742385640.7352936, 1742385640.8462973, 1742385640.9491832, 1742385641.0523522, 1742385641.1554115, 1742385641.2576735, 1742385641.359597, 1742385641.4615643, 1742385641.563489, 1742385641.665455, 1742385641.7673678, 1742385641.8693278, 1742385641.9712656, 1742385642.0732174, 1742385642.175144, 1742385642.2771142, 1742385642.379044, 1742385642.4809945, 1742385642.5829573, 1742385642.6849117, 1742385642.7868783, 1742385642.889044, 1742385642.9914992, 1742385643.0934942, 1742385643.1954052, 1742385643.297576, 1742385643.3995004, 1742385643.5029578, 1742385643.6049669, 1742385643.7069407, 1742385643.808917, 1742385643.9108808, 1742385644.0128348, 1742385644.1147444, 1742385644.216713, 1742385644.3186285, 1742385644.4205923, 1742385644.5225003, 1742385644.6244504, 1742385644.7263505, 1742385644.8283525, 1742385644.930312, 1742385645.0322726, 1742385645.134208, 1742385645.2361848, 1742385645.3377244, 1742385645.4409623, 1742385645.5429108, 1742385645.645486, 1742385645.7474358, 1742385645.849437, 1742385645.9514015, 1742385646.053393, 1742385646.1553261, 1742385646.257304, 1742385646.3593764, 1742385646.4615803, 1742385646.5635345, 1742385646.6654956, 1742385646.7673743, 1742385646.8693392, 1742385646.971251, 1742385647.0731745, 1742385647.17511, 1742385647.2770474, 1742385647.3790023, 1742385647.4809422, 1742385647.5829105, 1742385647.684814, 1742385647.7882612, 1742385647.89133, 1742385647.994308, 1742385648.097302, 1742385648.2000518, 1742385648.3031714, 1742385648.4044943, 1742385648.5071316, 1742385648.609743, 1742385648.7125843, 1742385648.814406, 1742385648.9163187, 1742385649.018303, 1742385649.120193, 1742385649.222204, 1742385649.3242166, 1742385649.426126, 1742385649.5280638, 1742385649.6299405, 1742385649.7318733, 1742385649.8337717, 1742385649.93568, 1742385650.0376585, 1742385650.1395543, 1742385650.2414455, 1742385650.3434136, 1742385650.4453197, 1742385650.5478206, 1742385650.6497014, 1742385650.751546, 1742385650.853508, 1742385650.9554272, 1742385651.057828, 1742385651.1597517, 1742385651.261612, 1742385651.3635726, 1742385651.4654126, 1742385651.5673628, 1742385651.6693127, 1742385651.7712224, 1742385651.8730931, 1742385651.9749937, 1742385652.0769033, 1742385652.178835, 1742385652.2807603, 1742385652.3826783, 1742385652.4845645, 1742385652.5864537, 1742385652.6883743, 1742385652.7903013, 1742385652.8922913, 1742385652.9942055, 1742385653.0961168, 1742385653.198021, 1742385653.2999554, 1742385653.402676, 1742385653.5046332, 1742385653.606537, 1742385653.7085102, 1742385653.8110251, 1742385653.912946, 1742385654.0148573, 1742385654.1167555, 1742385654.2186754, 1742385654.3205822, 1742385654.4225237, 1742385654.524472, 1742385654.6264439, 1742385654.7283866, 1742385654.8302805, 1742385654.9323316, 1742385655.0341036, 1742385655.1358922, 1742385655.2378392, 1742385655.339723, 1742385655.4416215, 1742385655.5435073, 1742385655.6454601, 1742385655.748136, 1742385655.8500443, 1742385655.9519806, 1742385656.0538905, 1742385656.1557646, 1742385656.25771, 1742385656.3596816, 1742385656.4615822, 1742385656.5635102, 1742385656.6654391, 1742385656.767359, 1742385656.8704407, 1742385656.9733934, 1742385657.0749934, 1742385657.1767015, 1742385657.2786164, 1742385657.380516, 1742385657.4825106, 1742385657.5845354, 1742385657.686454, 1742385657.7883544, 1742385657.8902981, 1742385657.992301, 1742385658.0942667, 1742385658.1962225, 1742385658.2980485, 1742385658.399943, 1742385658.5018678, 1742385658.6037974, 1742385658.7060213, 1742385658.8091788, 1742385658.9123077, 1742385659.0152864, 1742385659.1167498, 1742385659.2195747, 1742385659.3225548, 1742385659.4298825, 1742385659.5318735, 1742385659.6338, 1742385659.735739, 1742385659.8379092, 1742385659.93985, 1742385660.0417886, 1742385660.1437216, 1742385660.2456656, 1742385660.347585, 1742385660.449778, 1742385660.5530076, 1742385660.6549473, 1742385660.7570276, 1742385660.8589811, 1742385660.9609041, 1742385661.0628238, 1742385661.1647727, 1742385661.2667372, 1742385661.3687196, 1742385661.4706993, 1742385661.572557, 1742385661.6744485, 1742385661.7764022, 1742385661.8783455, 1742385661.980329, 1742385662.0822756, 1742385662.1842237, 1742385662.2861722, 1742385662.3881414, 1742385662.4900715, 1742385662.59203, 1742385662.6939914, 1742385662.795947, 1742385662.897931, 1742385662.999859, 1742385663.1020854, 1742385663.2040377, 1742385663.3059897, 1742385663.4079652, 1742385663.509887, 1742385663.612042, 1742385663.7139664, 1742385663.8159502, 1742385663.9179075, 1742385664.019849, 1742385664.1218035, 1742385664.2243128, 1742385664.3266642, 1742385664.4286363, 1742385664.530574, 1742385664.6325264, 1742385664.7344747, 1742385664.8363202, 1742385664.9381883, 1742385665.0409372, 1742385665.14289, 1742385665.2448423, 1742385665.3467937, 1742385665.4487288, 1742385665.5506089, 1742385665.6525502, 1742385665.7543457, 1742385665.856305, 1742385665.9582102, 1742385666.0604846, 1742385666.1623263, 1742385666.2643049, 1742385666.3662457, 1742385666.4681914, 1742385666.570111, 1742385666.672033, 1742385666.7740352, 1742385666.8758755, 1742385666.978916, 1742385667.0817082, 1742385667.1838424, 1742385667.2868297, 1742385667.3899906, 1742385667.4929519, 1742385667.5959563, 1742385667.6978896, 1742385667.800766, 1742385667.903681, 1742385668.0064921, 1742385668.1083386, 1742385668.2102962, 1742385668.3122227, 1742385668.4141796, 1742385668.5161004, 1742385668.6180599, 1742385668.7199576, 1742385668.821913, 1742385668.9238281, 1742385669.0258985, 1742385669.127846, 1742385669.2297664, 1742385669.331734, 1742385669.4336631, 1742385669.5356, 1742385669.6375024, 1742385669.7394404, 1742385669.841379, 1742385669.9433432, 1742385670.0452807, 1742385670.1472461, 1742385670.2491405, 1742385670.3516874, 1742385670.453639, 1742385670.5557241, 1742385670.6576629, 1742385670.7595258, 1742385670.8614619, 1742385670.963406, 1742385671.0653613, 1742385671.1673188, 1742385671.2692096, 1742385671.3706918, 1742385671.4724762, 1742385671.57443, 1742385671.6763914, 1742385671.7783062, 1742385671.8802233, 1742385671.9821742, 1742385672.0841258, 1742385672.1860843, 1742385672.2880461, 1742385672.389985, 1742385672.4920785, 1742385672.5940518, 1742385672.6959534, 1742385672.7979228, 1742385672.8998837, 1742385673.0018399, 1742385673.103828, 1742385673.2057672, 1742385673.3077335, 1742385673.4096158, 1742385673.5115569, 1742385673.6135342, 1742385673.7154617, 1742385673.8173933, 1742385673.9199426, 1742385674.021888, 1742385674.1238592, 1742385674.2258005, 1742385674.3277173, 1742385674.4296737, 1742385674.5315385, 1742385674.6333723, 1742385674.7353075, 1742385674.8372319, 1742385674.9386966, 1742385675.0414014, 1742385675.1444921, 1742385675.2471728, 1742385675.3492463, 1742385675.4521086, 1742385675.5551608, 1742385675.6581233, 1742385675.7609131, 1742385675.863702, 1742385675.966468, 1742385676.0691805, 1742385676.172068, 1742385676.2740173, 1742385676.3759933, 1742385676.4778614, 1742385676.5797665, 1742385676.6817105, 1742385676.7836416, 1742385676.8855789, 1742385676.9874907, 1742385677.0894442, 1742385677.1913984, 1742385677.2933536, 1742385677.3952715, 1742385677.497227, 1742385677.5993266, 1742385677.7012935, 1742385677.8031163, 1742385677.9050348, 1742385678.007004, 1742385678.108967, 1742385678.210921, 1742385678.312854, 1742385678.4147916, 1742385678.5167587, 1742385678.6186833, 1742385678.7205706, 1742385678.8225172, 1742385678.9244976, 1742385679.0268538, 1742385679.128826, 1742385679.2307389, 1742385679.332709, 1742385679.434694, 1742385679.5366259, 1742385679.6385725, 1742385679.7405512, 1742385679.8424914, 1742385679.9444625, 1742385680.046392, 1742385680.148506, 1742385680.2504787, 1742385680.3524308, 1742385680.4543822, 1742385680.5563254, 1742385680.6582875, 1742385680.7602706, 1742385680.8622131, 1742385680.9641852, 1742385681.066015, 1742385681.1679032, 1742385681.2699075, 1742385681.3719013, 1742385681.474046, 1742385681.5767684, 1742385681.679429, 1742385681.7823796, 1742385681.8851702, 1742385681.988097, 1742385682.0911472, 1742385682.1936276, 1742385682.2966156, 1742385682.399159, 1742385682.502224, 1742385682.6052644, 1742385682.7081497, 1742385682.811184, 1742385682.914412, 1742385683.015906, 1742385683.1177938, 1742385683.2197123, 1742385683.321691, 1742385683.4236405, 1742385683.5255995, 1742385683.6275418, 1742385683.7294881, 1742385683.8314157, 1742385683.9333818, 1742385684.0353115, 1742385684.1372921, 1742385684.2391787, 1742385684.3409772, 1742385684.4428573, 1742385684.5448425, 1742385684.6467402, 1742385684.7486887, 1742385684.8506312, 1742385684.9526136, 1742385685.054513, 1742385685.1564639, 1742385685.258354, 1742385685.3603053, 1742385685.4622118, 1742385685.564143, 1742385685.6662765, 1742385685.7682083, 1742385685.8701043, 1742385685.9721365, 1742385686.0740306, 1742385686.175967, 1742385686.2778983, 1742385686.3799038, 1742385686.4818087, 1742385686.5837598, 1742385686.6857128, 1742385686.7876563, 1742385686.8897202, 1742385686.9916594, 1742385687.093559, 1742385687.19552, 1742385687.2975013, 1742385687.3994255, 1742385687.5014641, 1742385687.6033075, 1742385687.7053316, 1742385687.8073108, 1742385687.9092634, 1742385688.0112169, 1742385688.113251, 1742385688.2152107, 1742385688.3171961, 1742385688.4191473, 1742385688.5211353, 1742385688.6230798, 1742385688.7249985, 1742385688.826918, 1742385688.9294765, 1742385689.0314429, 1742385689.1339858, 1742385689.2371244, 1742385689.3385653, 1742385689.441282, 1742385689.543137, 1742385689.6455638, 1742385689.7482862, 1742385689.8514044, 1742385689.954609, 1742385690.0572288, 1742385690.1606236, 1742385690.2634642, 1742385690.3651712, 1742385690.4670835, 1742385690.5690854, 1742385690.6710467, 1742385690.773269, 1742385690.8751097, 1742385690.9771266, 1742385691.0790539, 1742385691.1810718, 1742385691.2829745, 1742385691.3852406, 1742385691.4871714, 1742385691.5894592, 1742385691.6913962, 1742385691.7939553, 1742385691.8959258, 1742385691.9982712, 1742385692.100211, 1742385692.202191, 1742385692.3041325, 1742385692.406089, 1742385692.5080187, 1742385692.6101317, 1742385692.7120922, 1742385692.814003, 1742385692.9159043, 1742385693.017859, 1742385693.1198099, 1742385693.2217836, 1742385693.3237982, 1742385693.4257376, 1742385693.5276816, 1742385693.6299229, 1742385693.731853, 1742385693.8337824, 1742385693.9357138, 1742385694.037504, 1742385694.1393657, 1742385694.241314, 1742385694.3432655, 1742385694.4452085, 1742385694.547136, 1742385694.6490738, 1742385694.7510035, 1742385694.852964, 1742385694.954897, 1742385695.056811, 1742385695.1587536, 1742385695.2606885, 1742385695.3626173, 1742385695.4645731, 1742385695.5664887, 1742385695.6690512, 1742385695.770965, 1742385695.8729205, 1742385695.974835, 1742385696.0767438, 1742385696.179188, 1742385696.2811077, 1742385696.383414, 1742385696.485332, 1742385696.5879514, 1742385696.6898663, 1742385696.7918644, 1742385696.8949716, 1742385696.9982133, 1742385697.1009653, 1742385697.2041872, 1742385697.3066, 1742385697.4093428, 1742385697.51196, 1742385697.6148036, 1742385697.716706, 1742385697.8193471, 1742385697.921228, 1742385698.023186, 1742385698.1251073, 1742385698.2270358, 1742385698.3289485, 1742385698.4309008, 1742385698.532887, 1742385698.6348224, 1742385698.736786, 1742385698.8386676, 1742385698.9405987, 1742385699.0425417, 1742385699.144488, 1742385699.2464051, 1742385699.348354, 1742385699.4502695, 1742385699.55222, 1742385699.654171, 1742385699.7567587, 1742385699.8586674, 1742385699.9606023, 1742385700.062551, 1742385700.1645277, 1742385700.2670548, 1742385700.36901, 1742385700.470916, 1742385700.572859, 1742385700.6746995, 1742385700.7766225, 1742385700.8785796, 1742385700.9805455, 1742385701.0824695, 1742385701.1843889, 1742385701.286321, 1742385701.3883014, 1742385701.4901671, 1742385701.5921462, 1742385701.6940496, 1742385701.7959716, 1742385701.897894, 1742385701.9998496, 1742385702.1022863, 1742385702.2042193, 1742385702.306169, 1742385702.408118, 1742385702.510167, 1742385702.6121466, 1742385702.7140996, 1742385702.8160272, 1742385702.9179788, 1742385703.0198977, 1742385703.1218584, 1742385703.2237492, 1742385703.325633, 1742385703.4275656, 1742385703.5294843, 1742385703.6314182, 1742385703.733372, 1742385703.8352149, 1742385703.9369934, 1742385704.0389185, 1742385704.140801, 1742385704.2427194, 1742385704.3447034, 1742385704.446872, 1742385704.5488644, 1742385704.650802, 1742385704.7528026, 1742385704.8546941, 1742385704.956707, 1742385705.0586581, 1742385705.1605775, 1742385705.2626, 1742385705.3644817, 1742385705.4665413, 1742385705.5684571, 1742385705.6703806, 1742385705.7723749, 1742385705.8754525, 1742385705.9785638, 1742385706.0805151, 1742385706.182511, 1742385706.284631, 1742385706.3865426, 1742385706.48852, 1742385706.5902448, 1742385706.691967, 1742385706.794298, 1742385706.89578, 1742385706.998483, 1742385707.1014395, 1742385707.2045074, 1742385707.3074257, 1742385707.4095588, 1742385707.5125911, 1742385707.6156082, 1742385707.7185855, 1742385707.821485, 1742385707.9232957, 1742385708.0251548, 1742385708.127113, 1742385708.2290251, 1742385708.330941, 1742385708.4328957, 1742385708.5348067, 1742385708.6370833, 1742385708.7389839, 1742385708.8409138, 1742385708.9428637, 1742385709.0448272, 1742385709.1467917, 1742385709.2486823, 1742385709.3505883, 1742385709.4525495, 1742385709.5544493, 1742385709.6564808, 1742385709.7583435, 1742385709.8602736, 1742385709.9622078, 1742385710.064154, 1742385710.1676693, 1742385710.2696006, 1742385710.3713856, 1742385710.473342, 1742385710.5752733, 1742385710.6772456, 1742385710.7791986, 1742385710.88117, 1742385710.9831047, 1742385711.0849848, 1742385711.1869912, 1742385711.2889657, 1742385711.390926, 1742385711.4928896, 1742385711.5948117, 1742385711.6967645, 1742385711.7987087, 1742385711.9007254, 1742385712.0027072, 1742385712.1046371, 1742385712.2065907, 1742385712.3085196, 1742385712.4104536, 1742385712.5140235, 1742385712.6159859, 1742385712.717951, 1742385712.8198998, 1742385712.9218748, 1742385713.0243855, 1742385713.1263049, 1742385713.2282012, 1742385713.33013, 1742385713.4319844, 1742385713.5338016, 1742385713.63567, 1742385713.7375677, 1742385713.8394864, 1742385713.9414475, 1742385714.0433834, 1742385714.1453705, 1742385714.2473068, 1742385714.3492734, 1742385714.4511673, 1742385714.5530827, 1742385714.6550345, 1742385714.7570407, 1742385714.8605783, 1742385714.9625273, 1742385715.0644803, 1742385715.1664464, 1742385715.2690754, 1742385715.3710134, 1742385715.472981, 1742385715.5748873, 1742385715.6768584, 1742385715.778766, 1742385715.8807786, 1742385715.9837377, 1742385716.0867298, 1742385716.189856, 1742385716.2918491, 1742385716.3947783, 1742385716.497869, 1742385716.600943, 1742385716.703952, 1742385716.807071, 1742385716.9114146, 1742385717.0143034, 1742385717.1169944, 1742385717.2200596, 1742385717.321877, 1742385717.4234166, 1742385717.52536, 1742385717.6272972, 1742385717.729175, 1742385717.8311195, 1742385717.9330037, 1742385718.034946, 1742385718.1368654, 1742385718.238771, 1742385718.3413303, 1742385718.4432225, 1742385718.5451593, 1742385718.6470168, 1742385718.7495778, 1742385718.8515391, 1742385718.9534695, 1742385719.0554068, 1742385719.1573694, 1742385719.2592278, 1742385719.3612065, 1742385719.4631255, 1742385719.5650804, 1742385719.667031, 1742385719.769259, 1742385719.8714926, 1742385719.9734657, 1742385720.0752478, 1742385720.177237, 1742385720.2791522, 1742385720.3810952, 1742385720.4830565, 1742385720.5850089, 1742385720.6886008, 1742385720.790565, 1742385720.8925376, 1742385720.9944904, 1742385721.0970986, 1742385721.1990232, 1742385721.3009784, 1742385721.402962, 1742385721.5049329, 1742385721.6068368, 1742385721.7088022, 1742385721.8107815, 1742385721.9127758, 1742385722.0150564, 1742385722.1169674, 1742385722.2189982, 1742385722.3209305, 1742385722.4228547, 1742385722.5248272, 1742385722.6267264, 1742385722.7286823, 1742385722.830625, 1742385722.9325929, 1742385723.0352194, 1742385723.1371346, 1742385723.2390828, 1742385723.3408673, 1742385723.4426718, 1742385723.5446587, 1742385723.6463916, 1742385723.7483063, 1742385723.8502302, 1742385723.9521215, 1742385724.054122, 1742385724.1560829, 1742385724.2579973, 1742385724.3599615, 1742385724.4618328, 1742385724.563798, 1742385724.665734, 1742385724.767683, 1742385724.8699758, 1742385724.9718685, 1742385725.0737839, 1742385725.1757338, 1742385725.2776816, 1742385725.3805048, 1742385725.4834502, 1742385725.5865338, 1742385725.6897354, 1742385725.7928512, 1742385725.8959072, 1742385725.9978583, 1742385726.0998266, 1742385726.2017882, 1742385726.303835, 1742385726.405746, 1742385726.5077777, 1742385726.610805, 1742385726.713557, 1742385726.8152604, 1742385726.917322, 1742385727.0202465, 1742385727.123311, 1742385727.226468, 1742385727.329554, 1742385727.4324546, 1742385727.5346143, 1742385727.637779, 1742385727.7396135, 1742385727.8410585, 1742385727.9429407, 1742385728.044921, 1742385728.1468332, 1742385728.2487645, 1742385728.350674, 1742385728.4526508, 1742385728.5545712, 1742385728.6578934, 1742385728.75987, 1742385728.8617995, 1742385728.963764, 1742385729.065664, 1742385729.167597, 1742385729.2695317, 1742385729.37148, 1742385729.4734218, 1742385729.5765128, 1742385729.6784482, 1742385729.7802517, 1742385729.8820827, 1742385729.9839923, 1742385730.0859637, 1742385730.187882, 1742385730.2898483, 1742385730.3917658, 1742385730.4937024, 1742385730.5955887, 1742385730.6975105, 1742385730.7994134, 1742385730.901358, 1742385731.003315, 1742385731.1052592, 1742385731.2072077, 1742385731.3091424, 1742385731.4110994, 1742385731.5130424, 1742385731.6149924, 1742385731.7169116, 1742385731.818782, 1742385731.9208074, 1742385732.0227535, 1742385732.1247323, 1742385732.226667, 1742385732.328721, 1742385732.4306335, 1742385732.5328, 1742385732.6347198, 1742385732.7366319, 1742385732.8385272, 1742385732.9404902, 1742385733.0424654, 1742385733.144255, 1742385733.2461529, 1742385733.3482254, 1742385733.4501393, 1742385733.552109, 1742385733.6541028, 1742385733.7560277, 1742385733.85791, 1742385733.9609601, 1742385734.062893, 1742385734.1648393, 1742385734.2668147, 1742385734.3687441, 1742385734.4706717, 1742385734.5726275, 1742385734.674561, 1742385734.7764244, 1742385734.8796086, 1742385734.9826834, 1742385735.0858774, 1742385735.189084, 1742385735.2922103, 1742385735.3952248, 1742385735.4986234, 1742385735.601567, 1742385735.704686, 1742385735.8076932, 1742385735.9093091, 1742385736.0110126, 1742385736.1126032, 1742385736.2145221, 1742385736.3159, 1742385736.4178295, 1742385736.5197067, 1742385736.6216276, 1742385736.7231555, 1742385736.8247614, 1742385736.9263399, 1742385737.0296695, 1742385737.1315906, 1742385737.2335536, 1742385737.3354733, 1742385737.4373863, 1742385737.5393507, 1742385737.6412718, 1742385737.7431614, 1742385737.8450572, 1742385737.9469974, 1742385738.048875, 1742385738.152167, 1742385738.254083, 1742385738.3560474, 1742385738.4579806, 1742385738.559904, 1742385738.6618986, 1742385738.763827, 1742385738.8657677, 1742385738.9677224, 1742385739.0696783, 1742385739.1714237, 1742385739.2740426, 1742385739.3759782, 1742385739.477939, 1742385739.579742, 1742385739.6816807, 1742385739.7836275, 1742385739.885568, 1742385739.9875124, 1742385740.0894673, 1742385740.191389, 1742385740.2932925, 1742385740.3963716, 1742385740.4983213, 1742385740.600232, 1742385740.7021396, 1742385740.804093, 1742385740.9060006, 1742385741.0079334, 1742385741.1098733, 1742385741.211807, 1742385741.3140104, 1742385741.415961, 1742385741.5190043, 1742385741.6210072, 1742385741.72311, 1742385741.8251026, 1742385741.9270773, 1742385742.029029, 1742385742.1309767, 1742385742.2328799, 1742385742.3348153, 1742385742.4367893, 1742385742.538713, 1742385742.6420414, 1742385742.7440217, 1742385742.845486, 1742385742.9473822, 1742385743.0493212, 1742385743.151219, 1742385743.2541778, 1742385743.3556473, 1742385743.458808, 1742385743.560496, 1742385743.663345, 1742385743.7664177, 1742385743.8694563, 1742385743.972517, 1742385744.0756059, 1742385744.1775248, 1742385744.280489, 1742385744.3823955, 1742385744.4846334, 1742385744.5866103, 1742385744.6890483, 1742385744.7909863, 1742385744.8929913, 1742385744.9948995, 1742385745.0968907, 1742385745.1987865, 1742385745.3007588, 1742385745.4026504, 1742385745.5046382, 1742385745.6065106, 1742385745.708504, 1742385745.8103726, 1742385745.9123669, 1742385746.0142677, 1742385746.1173742, 1742385746.2193546, 1742385746.3225503, 1742385746.424579, 1742385746.5275333, 1742385746.62951, 1742385746.7324748, 1742385746.8344254, 1742385746.9375665, 1742385747.0395088, 1742385747.1422915, 1742385747.2441843, 1742385747.3464808, 1742385747.4483907, 1742385747.5506291, 1742385747.6525397, 1742385747.7548807, 1742385747.856842, 1742385747.9590783, 1742385748.0609899, 1742385748.1631598, 1742385748.2650905, 1742385748.367284, 1742385748.469164, 1742385748.5714355, 1742385748.673361, 1742385748.7756648, 1742385748.8776014, 1742385748.979926, 1742385749.0818467, 1742385749.1840343, 1742385749.2858806, 1742385749.3892183, 1742385749.491147, 1742385749.5941885, 1742385749.6961365, 1742385749.7993011, 1742385749.9012587, 1742385750.0044203, 1742385750.106366, 1742385750.2094588, 1742385750.3122125, 1742385750.4150794, 1742385750.5179594, 1742385750.620967, 1742385750.7240922, 1742385750.8271508, 1742385750.9306133, 1742385751.0334616, 1742385751.1366305, 1742385751.238489, 1742385751.3401384, 1742385751.44331, 1742385751.5448697, 1742385751.647116, 1742385751.7486665, 1742385751.8505878, 1742385751.9524727, 1742385752.0540612, 1742385752.1568384, 1742385752.2583508, 1742385752.360388, 1742385752.46185, 1742385752.563718, 1742385752.6655955, 1742385752.7675083, 1742385752.8694491, 1742385752.971294, 1742385753.0732813, 1742385753.1752417, 1742385753.2771916, 1742385753.3790998, 1742385753.4810257, 1742385753.5829346, 1742385753.6848788, 1742385753.7868145, 1742385753.8887606, 1742385753.990707, 1742385754.0927188, 1742385754.194648, 1742385754.2974226, 1742385754.399376, 1742385754.5021744, 1742385754.604192, 1742385754.7061925, 1742385754.8081563, 1742385754.9102333, 1742385755.0122232, 1742385755.1141815, 1742385755.2161462, 1742385755.318025, 1742385755.4199805, 1742385755.5219047, 1742385755.6238303, 1742385755.7257965, 1742385755.8277416, 1742385755.9297514, 1742385756.0317278, 1742385756.1336563, 1742385756.2366443, 1742385756.338647, 1742385756.4406183, 1742385756.5425613, 1742385756.6446164, 1742385756.7465348, 1742385756.848512, 1742385756.950429, 1742385757.0524397, 1742385757.154376, 1742385757.2563233, 1742385757.3582096, 1742385757.460204, 1742385757.5621288, 1742385757.6641119, 1742385757.7660553, 1742385757.8680894, 1742385757.9700344, 1742385758.0719948, 1742385758.173952, 1742385758.2758741, 1742385758.3789303, 1742385758.481973, 1742385758.5848124, 1742385758.6864994, 1742385758.7891579, 1742385758.8918061, 1742385758.99462, 1742385759.0974424, 1742385759.200424, 1742385759.3035688, 1742385759.4051065, 1742385759.5068321, 1742385759.6097047, 1742385759.7127273, 1742385759.8152528, 1742385759.917737, 1742385760.0206225, 1742385760.122472, 1742385760.224042, 1742385760.3259766, 1742385760.4279003, 1742385760.529824, 1742385760.6316981, 1742385760.733647, 1742385760.8355217, 1742385760.9374514, 1742385761.0393493, 1742385761.1412606, 1742385761.2431672, 1742385761.3450856, 1742385761.4470217, 1742385761.548974, 1742385761.6509216, 1742385761.7528906, 1742385761.854789, 1742385761.9567301, 1742385762.0586221, 1742385762.1605532, 1742385762.262447, 1742385762.3644214, 1742385762.4663467, 1742385762.5683348, 1742385762.670271, 1742385762.7732718, 1742385762.8752165, 1742385762.9782069, 1742385763.080196, 1742385763.183217, 1742385763.2851467, 1742385763.3880978, 1742385763.4900749, 1742385763.5930336, 1742385763.695022, 1742385763.7980766, 1742385763.9000351, 1742385764.003118, 1742385764.1051133, 1742385764.2082355, 1742385764.3101654, 1742385764.4131856, 1742385764.5151653, 1742385764.6174126, 1742385764.7194266, 1742385764.8214507, 1742385764.9234335, 1742385765.0254002, 1742385765.1273649, 1742385765.2293043, 1742385765.3312435, 1742385765.433213, 1742385765.535081, 1742385765.6369302, 1742385765.7388759, 1742385765.8409457, 1742385765.9429016, 1742385766.0448399, 1742385766.1467383, 1742385766.2486618, 1742385766.3505664, 1742385766.4525445, 1742385766.5556304, 1742385766.6586013, 1742385766.7615416, 1742385766.8645663, 1742385766.9675171, 1742385767.0706046, 1742385767.1725147, 1742385767.2754326, 1742385767.3785455, 1742385767.4815972, 1742385767.5835998, 1742385767.6855667, 1742385767.787483, 1742385767.8894274, 1742385767.9912343, 1742385768.093177, 1742385768.1968758, 1742385768.2987852, 1742385768.4006832, 1742385768.5026004, 1742385768.6045127, 1742385768.7064855, 1742385768.8083687, 1742385768.910268, 1742385769.0121646, 1742385769.114012, 1742385769.215808, 1742385769.3177643, 1742385769.4197345, 1742385769.5227745, 1742385769.624816, 1742385769.7267644, 1742385769.8287175, 1742385769.9306023, 1742385770.0326116, 1742385770.1345444, 1742385770.2364664, 1742385770.3384223, 1742385770.4403176, 1742385770.5422382, 1742385770.6441941, 1742385770.74612, 1742385770.8481104, 1742385770.950019, 1742385771.0519567, 1742385771.1538813, 1742385771.2557967, 1742385771.3577592, 1742385771.459725, 1742385771.5616586, 1742385771.6636398, 1742385771.7656426, 1742385771.8693185, 1742385771.9712842, 1742385772.0730858, 1742385772.1750326, 1742385772.2768867, 1742385772.378859, 1742385772.4807956, 1742385772.5827594, 1742385772.6846983, 1742385772.78659, 1742385772.8886542, 1742385772.990587, 1742385773.0925338, 1742385773.1944761, 1742385773.2963545, 1742385773.3982072, 1742385773.500199, 1742385773.602199, 1742385773.7050762, 1742385773.8069608, 1742385773.9089735, 1742385774.0109048, 1742385774.1128714, 1742385774.216516, 1742385774.3184388, 1742385774.4203718, 1742385774.5222814, 1742385774.6242292, 1742385774.726279, 1742385774.8282146, 1742385774.9301116, 1742385775.032054, 1742385775.133982, 1742385775.2358944, 1742385775.33764, 1742385775.4395945, 1742385775.5415452, 1742385775.6445053, 1742385775.7475722, 1742385775.850737, 1742385775.9538476, 1742385776.0558279, 1742385776.157747, 1742385776.2597063, 1742385776.3616219, 1742385776.4635875, 1742385776.5655525, 1742385776.6684604, 1742385776.7704453, 1742385776.8724365, 1742385776.9745042, 1742385777.0764523, 1742385777.1784062, 1742385777.28053, 1742385777.3824623, 1742385777.4856431, 1742385777.5885253, 1742385777.690865, 1742385777.7936225, 1742385777.896783, 1742385777.9996006, 1742385778.102543, 1742385778.2053094, 1742385778.3084075, 1742385778.4118917, 1742385778.5147827, 1742385778.6177213, 1742385778.7192504, 1742385778.8212097, 1742385778.9231756, 1742385779.025087, 1742385779.1270695, 1742385779.2290156, 1742385779.3309557, 1742385779.4328742, 1742385779.534801, 1742385779.6367555, 1742385779.7387047, 1742385779.8406067, 1742385779.943526, 1742385780.0454454, 1742385780.148556, 1742385780.25046, 1742385780.3526611, 1742385780.4545996, 1742385780.556559, 1742385780.6584897, 1742385780.760469, 1742385780.8624227, 1742385780.964438, 1742385781.0663793, 1742385781.1683226, 1742385781.2703245, 1742385781.3722765, 1742385781.4743495, 1742385781.5763273, 1742385781.6782784, 1742385781.7800977, 1742385781.881985, 1742385781.9839835, 1742385782.0859346, 1742385782.1879196, 1742385782.2898338, 1742385782.391813, 1742385782.4937594, 1742385782.5957053, 1742385782.6976507, 1742385782.7995908, 1742385782.901516, 1742385783.0035253, 1742385783.1054451, 1742385783.2074237, 1742385783.3094018, 1742385783.4112973, 1742385783.513281, 1742385783.615215, 1742385783.7172453, 1742385783.8191404, 1742385783.922378, 1742385784.0243874, 1742385784.1263647, 1742385784.2283533, 1742385784.3303354, 1742385784.4323049, 1742385784.534253, 1742385784.6362276, 1742385784.7382536, 1742385784.840219, 1742385784.9421284, 1742385785.044039, 1742385785.1459367, 1742385785.248093, 1742385785.3508575, 1742385785.4537425, 1742385785.556737, 1742385785.659268, 1742385785.761973, 1742385785.8648455, 1742385785.9678907, 1742385786.0707626, 1742385786.1725018, 1742385786.2750888, 1742385786.3779411, 1742385786.4799247, 1742385786.5815065, 1742385786.6844347, 1742385786.7863808, 1742385786.88976, 1742385786.9917164, 1742385787.0936825, 1742385787.1956267, 1742385787.2975898, 1742385787.3995366, 1742385787.501462, 1742385787.6034281, 1742385787.7053924, 1742385787.8073196, 1742385787.9092567, 1742385788.0112338, 1742385788.113156, 1742385788.2150872, 1742385788.3170311, 1742385788.4189806, 1742385788.5209172, 1742385788.622953, 1742385788.7251918, 1742385788.827155, 1742385788.9291115, 1742385789.032006, 1742385789.1339426, 1742385789.2371693, 1742385789.339101, 1742385789.4411201, 1742385789.5431108, 1742385789.6450763, 1742385789.7470286, 1742385789.8490005, 1742385789.9511242, 1742385790.0533328, 1742385790.1552744, 1742385790.2572093, 1742385790.3591325, 1742385790.4610863, 1742385790.5630403, 1742385790.6649942, 1742385790.766956, 1742385790.868901, 1742385790.970852, 1742385791.0729065, 1742385791.1748414, 1742385791.276824, 1742385791.3791783, 1742385791.4810998, 1742385791.5825856, 1742385791.6845737, 1742385791.7865083, 1742385791.888497, 1742385791.9904385, 1742385792.0925386, 1742385792.1945431, 1742385792.2964687, 1742385792.3984344, 1742385792.5003843, 1742385792.602344, 1742385792.704263, 1742385792.806221, 1742385792.9081893, 1742385793.0101762, 1742385793.1118577, 1742385793.213516, 1742385793.315101, 1742385793.417497, 1742385793.5205715, 1742385793.6240656, 1742385793.727323, 1742385793.8304296, 1742385793.9320602, 1742385794.0339682, 1742385794.1359377, 1742385794.237842, 1742385794.339882, 1742385794.4417982, 1742385794.543729, 1742385794.645662, 1742385794.7476313, 1742385794.8494616, 1742385794.951398, 1742385795.0533323, 1742385795.1552951, 1742385795.2571871, 1742385795.3591275, 1742385795.4610786, 1742385795.5629866, 1742385795.6649067, 1742385795.7667744, 1742385795.8687563, 1742385795.9706964, 1742385796.0726285, 1742385796.1745443, 1742385796.2764075, 1742385796.3783283, 1742385796.4802701, 1742385796.5821557, 1742385796.6855013, 1742385796.787395, 1742385796.889507, 1742385796.991434, 1742385797.0934312, 1742385797.1960557, 1742385797.297963, 1742385797.399813, 1742385797.501712, 1742385797.6035564, 1742385797.7055478, 1742385797.8074887, 1742385797.9094179, 1742385798.0115254, 1742385798.1133327, 1742385798.215248, 1742385798.317206, 1742385798.4191358, 1742385798.522584, 1742385798.624526, 1742385798.726449, 1742385798.8284044, 1742385798.9307745, 1742385799.0327141, 1742385799.1346495, 1742385799.236577, 1742385799.3384914, 1742385799.4403431, 1742385799.5422175, 1742385799.6441953, 1742385799.746138, 1742385799.8481038, 1742385799.950002, 1742385800.0519273, 1742385800.1538544, 1742385800.2557192, 1742385800.3575265, 1742385800.459942, 1742385800.5618389, 1742385800.6651268, 1742385800.7670183, 1742385800.8689196, 1742385800.970816, 1742385801.073397, 1742385801.1753018, 1742385801.277188, 1742385801.3790545, 1742385801.4810598, 1742385801.5828867, 1742385801.6848598, 1742385801.786738, 1742385801.888689, 1742385801.990613, 1742385802.0938468, 1742385802.1957524, 1742385802.2975116, 1742385802.3999715, 1742385802.5018961, 1742385802.603677, 1742385802.7061002, 1742385802.8075488, 1742385802.9099832, 1742385803.0131502, 1742385803.1154642, 1742385803.2185836, 1742385803.3215833, 1742385803.4241674, 1742385803.5269265, 1742385803.6300967, 1742385803.733148, 1742385803.8360004, 1742385803.9388392, 1742385804.0416193, 1742385804.1445036, 1742385804.2464054, 1742385804.3483727, 1742385804.4503357, 1742385804.5521653, 1742385804.6541002, 1742385804.7560363, 1742385804.8580482, 1742385804.9600105, 1742385805.0619142, 1742385805.1639187, 1742385805.2657928, 1742385805.367712, 1742385805.46965, 1742385805.5715418, 1742385805.6734593, 1742385805.7753227, 1742385805.87729, 1742385805.9792643, 1742385806.0811672, 1742385806.1831102, 1742385806.2856936, 1742385806.3893995, 1742385806.4913986, 1742385806.5948105, 1742385806.6968217, 1742385806.7987902, 1742385806.901617, 1742385807.0035732, 1742385807.105529, 1742385807.2074919, 1742385807.309433, 1742385807.4113953, 1742385807.5133224, 1742385807.6152687, 1742385807.717208, 1742385807.8191822, 1742385807.9212165, 1742385808.0231347, 1742385808.125067, 1742385808.2270198, 1742385808.328952, 1742385808.4309225, 1742385808.5328667, 1742385808.6347625, 1742385808.7367077, 1742385808.8386092, 1742385808.9405901, 1742385809.0424893, 1742385809.14439, 1742385809.2463775, 1742385809.348351, 1742385809.4504724, 1742385809.5524285, 1742385809.654399, 1742385809.756309, 1742385809.858235, 1742385809.9602458, 1742385810.0621839, 1742385810.1640234, 1742385810.265951, 1742385810.3678815, 1742385810.4698114, 1742385810.571717, 1742385810.6737177, 1742385810.775653, 1742385810.8776293, 1742385810.9795582, 1742385811.0813897, 1742385811.183311, 1742385811.28548, 1742385811.3874412, 1742385811.4893987, 1742385811.5912938, 1742385811.6932719, 1742385811.7958539, 1742385811.8986366, 1742385812.0017793, 1742385812.104937, 1742385812.2066703, 1742385812.308759, 1742385812.4105093, 1742385812.5125773, 1742385812.6147573, 1742385812.7177584, 1742385812.820895, 1742385812.923996, 1742385813.0268848, 1742385813.1288767, 1742385813.2307818, 1742385813.3327723, 1742385813.434688, 1742385813.536674, 1742385813.6386046, 1742385813.740536, 1742385813.8424706, 1742385813.9444396, 1742385814.0463836, 1742385814.1489758, 1742385814.2509296, 1742385814.35277, 1742385814.454754, 1742385814.556721, 1742385814.6586092, 1742385814.7605548, 1742385814.862506, 1742385814.9644933, 1742385815.066439, 1742385815.1684253, 1742385815.270357, 1742385815.3723335, 1742385815.4742665, 1742385815.5762463, 1742385815.6782072, 1742385815.7801132, 1742385815.882051, 1742385815.983961, 1742385816.0858715, 1742385816.1877544, 1742385816.290229, 1742385816.3921864, 1742385816.4941642, 1742385816.5961132, 1742385816.6982744, 1742385816.8002677, 1742385816.9022334, 1742385817.004201, 1742385817.1061177, 1742385817.2080753, 1742385817.3099427, 1742385817.411916, 1742385817.5138566, 1742385817.6157777, 1742385817.717758, 1742385817.819681, 1742385817.9216378, 1742385818.0236368, 1742385818.1255808, 1742385818.2275345, 1742385818.3307295, 1742385818.4327059, 1742385818.53466, 1742385818.6367066, 1742385818.738663, 1742385818.8405967, 1742385818.9425087, 1742385819.0444767, 1742385819.1464412, 1742385819.2484324, 1742385819.3503704, 1742385819.4523914, 1742385819.5543141, 1742385819.6563168, 1742385819.7582214, 1742385819.8601978, 1742385819.9616356, 1742385820.0633404, 1742385820.1662939, 1742385820.269427, 1742385820.372496, 1742385820.4753954, 1742385820.5776808, 1742385820.6859438, 1742385820.7891023, 1742385820.8922975, 1742385820.995038, 1742385821.0978127, 1742385821.1996377, 1742385821.3015993, 1742385821.4035037, 1742385821.5054066, 1742385821.607334, 1742385821.7092736, 1742385821.8111978, 1742385821.9137151, 1742385822.0165603, 1742385822.1185026, 1742385822.2204306, 1742385822.3223925, 1742385822.4243488, 1742385822.528019, 1742385822.6299782, 1742385822.7321298, 1742385822.8340673, 1742385822.9360535, 1742385823.0394707, 1742385823.1414306, 1742385823.2434258, 1742385823.3453825, 1742385823.4473429, 1742385823.5501852, 1742385823.6521215, 1742385823.7541306, 1742385823.8560658, 1742385823.9580138, 1742385824.0609362, 1742385824.1627796, 1742385824.264772, 1742385824.3667092, 1742385824.468692, 1742385824.572668, 1742385824.6746857, 1742385824.7766356, 1742385824.8785799, 1742385824.9805589, 1742385825.0843601, 1742385825.1863325, 1742385825.2884526, 1742385825.3904073, 1742385825.492434, 1742385825.595748, 1742385825.6977372, 1742385825.7997258, 1742385825.901677, 1742385826.0036309, 1742385826.1070318, 1742385826.208968, 1742385826.3108864, 1742385826.4128275, 1742385826.5147185, 1742385826.618062, 1742385826.720007, 1742385826.821992, 1742385826.9239676, 1742385827.025912, 1742385827.12889, 1742385827.2308533, 1742385827.3327913, 1742385827.4347417, 1742385827.5367095, 1742385827.6404192, 1742385827.7423613, 1742385827.8445177, 1742385827.9464645, 1742385828.0483928, 1742385828.1517382, 1742385828.2536702, 1742385828.3556383, 1742385828.457553, 1742385828.559498, 1742385828.6628547, 1742385828.7648442, 1742385828.866943, 1742385828.9687564, 1742385829.0703988, 1742385829.173388, 1742385829.2765, 1742385829.379443, 1742385829.4821002, 1742385829.5851045, 1742385829.6881785, 1742385829.7915204, 1742385829.8942013, 1742385829.9971192, 1742385830.0999928, 1742385830.2019107, 1742385830.3047214, 1742385830.4066772, 1742385830.508636, 1742385830.6104286, 1742385830.7130928, 1742385830.8150623, 1742385830.9170475, 1742385831.0189607, 1742385831.120923, 1742385831.222869, 1742385831.3249002, 1742385831.4268405, 1742385831.5287828, 1742385831.630706, 1742385831.732618, 1742385831.8346672, 1742385831.9365878, 1742385832.0385735, 1742385832.1405468, 1742385832.2424626, 1742385832.3444428, 1742385832.4464202, 1742385832.548398, 1742385832.6503453, 1742385832.7523232, 1742385832.8542573, 1742385832.9562423, 1742385833.0582378, 1742385833.1602554, 1742385833.262145, 1742385833.3641226, 1742385833.466101, 1742385833.5680876, 1742385833.67139, 1742385833.7732992, 1742385833.8751323, 1742385833.977112, 1742385834.0791094, 1742385834.1810913, 1742385834.2830553, 1742385834.3850482, 1742385834.4869852, 1742385834.5889266, 1742385834.6908379, 1742385834.7927482, 1742385834.8947005, 1742385834.996615, 1742385835.0985377, 1742385835.2005594, 1742385835.3024848, 1742385835.404442, 1742385835.5066457, 1742385835.6085844, 1742385835.7105489, 1742385835.8124945, 1742385835.9145994, 1742385836.0183697, 1742385836.1204016, 1742385836.2223325, 1742385836.3243217, 1742385836.4265559, 1742385836.5286033, 1742385836.6305923, 1742385836.7325919, 1742385836.8345072, 1742385836.9364607, 1742385837.038331, 1742385837.14016, 1742385837.2421298, 1742385837.3440857, 1742385837.446068, 1742385837.5480056, 1742385837.649963, 1742385837.7519352, 1742385837.8539119, 1742385837.9558415, 1742385838.0577574, 1742385838.1609037, 1742385838.2636623, 1742385838.3666868, 1742385838.4699059, 1742385838.571524, 1742385838.6746013, 1742385838.77801, 1742385838.8813293, 1742385838.9844964, 1742385839.087536, 1742385839.1903622, 1742385839.2932048, 1742385839.395977, 1742385839.4979558, 1742385839.5999336, 1742385839.7019176, 1742385839.8050613, 1742385839.9070368, 1742385840.0089808, 1742385840.110874, 1742385840.2128239, 1742385840.3147423, 1742385840.4166138, 1742385840.5195706, 1742385840.6215537, 1742385840.7234902, 1742385840.825404, 1742385840.927349, 1742385841.0292573, 1742385841.1311722, 1742385841.233146, 1742385841.335083, 1742385841.4370394, 1742385841.5389483, 1742385841.6409066, 1742385841.742887, 1742385841.8448203, 1742385841.9467907, 1742385842.048759, 1742385842.150689, 1742385842.2526448, 1742385842.35458, 1742385842.4565818, 1742385842.5585418, 1742385842.660527, 1742385842.7624233, 1742385842.8643441, 1742385842.9662712, 1742385843.0682645, 1742385843.1710095, 1742385843.2729871, 1742385843.374915, 1742385843.4768314, 1742385843.5786214, 1742385843.6805956, 1742385843.7825267, 1742385843.8851624, 1742385843.987114, 1742385844.0890899, 1742385844.1909993, 1742385844.2929237, 1742385844.3949413, 1742385844.4968834, 1742385844.5999079, 1742385844.7030787, 1742385844.806256, 1742385844.9092538, 1742385845.012461, 1742385845.1154783, 1742385845.2188017, 1742385845.321527, 1742385845.4249291, 1742385845.5267646, 1742385845.6286867, 1742385845.7302325, 1742385845.8318827, 1742385845.9337976, 1742385846.0357404, 1742385846.1376944, 1742385846.2396688, 1742385846.3416448, 1742385846.443685, 1742385846.5456672, 1742385846.6476457, 1742385846.7496161, 1742385846.8514535, 1742385846.9534214, 1742385847.0559967, 1742385847.1586623, 1742385847.26059, 1742385847.3625567, 1742385847.464665, 1742385847.5666249, 1742385847.6686294, 1742385847.7705781, 1742385847.8727732, 1742385847.9746678, 1742385848.0776181, 1742385848.1796095, 1742385848.28158, 1742385848.383554, 1742385848.4855523, 1742385848.5874746, 1742385848.6894903, 1742385848.7914448, 1742385848.8934772, 1742385848.9954944, 1742385849.0974607, 1742385849.1994264, 1742385849.3013453, 1742385849.4032826, 1742385849.505247, 1742385849.6072185, 1742385849.7092044, 1742385849.8111804, 1742385849.9131508, 1742385850.0151472, 1742385850.116961, 1742385850.218916, 1742385850.3208926, 1742385850.4228532, 1742385850.524742, 1742385850.6267226, 1742385850.7286744, 1742385850.830639, 1742385850.9326003, 1742385851.034549, 1742385851.1365385, 1742385851.2385118, 1742385851.340897, 1742385851.4428065, 1742385851.544754, 1742385851.6468904, 1742385851.7488832, 1742385851.8508193, 1742385851.9527965, 1742385852.0547318, 1742385852.1567166, 1742385852.2587397, 1742385852.3606658, 1742385852.4626207, 1742385852.56456, 1742385852.6665137, 1742385852.7682726, 1742385852.870293, 1742385852.9727004, 1742385853.0758288, 1742385853.178839, 1742385853.2820554, 1742385853.3849456, 1742385853.487491, 1742385853.5906103, 1742385853.6934776, 1742385853.7962005, 1742385853.8980951, 1742385854.0000472, 1742385854.1020045, 1742385854.2039986, 1742385854.3059509, 1742385854.4079483, 1742385854.5098865, 1742385854.611881, 1742385854.7138197, 1742385854.8157003, 1742385854.9177184, 1742385855.019599, 1742385855.1215546, 1742385855.2234733, 1742385855.3254447, 1742385855.427344, 1742385855.529309, 1742385855.6315668, 1742385855.7335556, 1742385855.8354363, 1742385855.9374034, 1742385856.0393548, 1742385856.1413264, 1742385856.2433908, 1742385856.3452969, 1742385856.447231, 1742385856.5490766, 1742385856.6510093, 1742385856.753071, 1742385856.8550124, 1742385856.9569778, 1742385857.0590053, 1742385857.1610324, 1742385857.2629812, 1742385857.3649223, 1742385857.4670606, 1742385857.569047, 1742385857.670986, 1742385857.7729504, 1742385857.8748994, 1742385857.9768302, 1742385858.079364, 1742385858.1814072, 1742385858.2834883, 1742385858.3855107, 1742385858.4874523, 1742385858.5894084, 1742385858.6914876, 1742385858.793389, 1742385858.8953598, 1742385858.9973137, 1742385859.0992558, 1742385859.2012482, 1742385859.303182, 1742385859.405095, 1742385859.5080206, 1742385859.6099749, 1742385859.7119951, 1742385859.8138392, 1742385859.9159186, 1742385860.0178912, 1742385860.119857, 1742385860.221853, 1742385860.3238263, 1742385860.4257834, 1742385860.5278907, 1742385860.6302984, 1742385860.733097, 1742385860.8353286, 1742385860.9381292, 1742385861.0401597, 1742385861.1432328, 1742385861.246589, 1742385861.3493626, 1742385861.451957, 1742385861.5542202, 1742385861.6571543, 1742385861.7586892, 1742385861.860617, 1742385861.9625542, 1742385862.0644686, 1742385862.1664004, 1742385862.2682867, 1742385862.3712077, 1742385862.4731581, 1742385862.5751302, 1742385862.677114, 1742385862.7790208, 1742385862.8810217, 1742385862.9831572, 1742385863.0850651, 1742385863.1869664, 1742385863.2888901, 1742385863.3908308, 1742385863.492946, 1742385863.5948563, 1742385863.6977446, 1742385863.7996602, 1742385863.901653, 1742385864.0036168, 1742385864.105564, 1742385864.207664, 1742385864.3096108, 1742385864.4115593, 1742385864.5135186, 1742385864.6154993, 1742385864.7174242, 1742385864.8193698, 1742385864.9213054, 1742385865.0240755, 1742385865.1260247, 1742385865.2280335, 1742385865.3299787, 1742385865.4319587, 1742385865.5338414, 1742385865.6358268, 1742385865.7377312, 1742385865.8396566, 1742385865.941582, 1742385866.0435634, 1742385866.145776, 1742385866.2477236, 1742385866.350163, 1742385866.4521334, 1742385866.554148, 1742385866.6561275, 1742385866.7581193, 1742385866.8600779, 1742385866.9619937, 1742385867.0639424, 1742385867.1659167, 1742385867.2678583, 1742385867.3697715, 1742385867.4717073, 1742385867.5736134, 1742385867.6756315, 1742385867.7775743, 1742385867.87963, 1742385867.9815984, 1742385868.0835066, 1742385868.185441, 1742385868.287407, 1742385868.389368, 1742385868.491318, 1742385868.5933099, 1742385868.695394, 1742385868.798363, 1742385868.901524, 1742385869.0033607, 1742385869.1065485, 1742385869.209599, 1742385869.3127792, 1742385869.4155977, 1742385869.5183961, 1742385869.6210923, 1742385869.7240307, 1742385869.8259568, 1742385869.9282107, 1742385870.0301325, 1742385870.1320953, 1742385870.2340736, 1742385870.3360178, 1742385870.4381542, 1742385870.5401046, 1742385870.642015, 1742385870.7439706, 1742385870.845917, 1742385870.9479165, 1742385871.0498543, 1742385871.1518219, 1742385871.2537396, 1742385871.3556316, 1742385871.457608, 1742385871.559864, 1742385871.6632912, 1742385871.765255, 1742385871.8672035, 1742385871.9692109, 1742385872.0711353, 1742385872.1731007, 1742385872.2750685, 1742385872.377052, 1742385872.4789686, 1742385872.5809157, 1742385872.6828537, 1742385872.7847393, 1742385872.886805, 1742385872.988673, 1742385873.090619, 1742385873.1926134, 1742385873.294492, 1742385873.3964534, 1742385873.4984214, 1742385873.6021276, 1742385873.7040832, 1742385873.8059971, 1742385873.9079745, 1742385874.0099385, 1742385874.1121392, 1742385874.2140512, 1742385874.316077, 1742385874.4180427, 1742385874.5199885, 1742385874.6219213, 1742385874.7239833, 1742385874.8259292, 1742385874.9279003, 1742385875.0298986, 1742385875.1318314, 1742385875.233758, 1742385875.3357449, 1742385875.4384446, 1742385875.5419755, 1742385875.644, 1742385875.745992, 1742385875.8479242, 1742385875.9499052, 1742385876.0518222, 1742385876.1536932, 1742385876.2556715, 1742385876.3576722, 1742385876.4595814, 1742385876.5615616, 1742385876.663517, 1742385876.765508, 1742385876.867448, 1742385876.9695172, 1742385877.07261, 1742385877.175721, 1742385877.278299, 1742385877.3810747, 1742385877.4841814, 1742385877.5874612, 1742385877.690495, 1742385877.7932518, 1742385877.8963552, 1742385877.9991262, 1742385878.1010664, 1742385878.2027986, 1742385878.304742, 1742385878.406645, 1742385878.5087972, 1742385878.6106536, 1742385878.7126985, 1742385878.8146687, 1742385878.9166293, 1742385879.0185575, 1742385879.1204882, 1742385879.222426, 1742385879.3242512, 1742385879.4262214, 1742385879.52964, 1742385879.6315787, 1742385879.7337275, 1742385879.8356726, 1742385879.93763, 1742385880.0415735, 1742385880.14354, 1742385880.2454615, 1742385880.3474512, 1742385880.4499006, 1742385880.5519602, 1742385880.65392, 1742385880.7558649, 1742385880.8577454, 1742385880.959724, 1742385881.0617409, 1742385881.1636996, 1742385881.2656503, 1742385881.3676245, 1742385881.469525, 1742385881.5713716, 1742385881.6733499, 1742385881.7752879, 1742385881.877259, 1742385881.9791949, 1742385882.0810945, 1742385882.18304, 1742385882.2849581, 1742385882.386923, 1742385882.4888408, 1742385882.5909011, 1742385882.692866, 1742385882.7948852, 1742385882.898001, 1742385882.9999607, 1742385883.101903, 1742385883.2038534, 1742385883.3056831, 1742385883.4076796, 1742385883.5096385, 1742385883.6115365, 1742385883.7134569, 1742385883.8153076, 1742385883.9172528, 1742385884.0192401, 1742385884.1211824, 1742385884.223164, 1742385884.3251119, 1742385884.4270372, 1742385884.5289688, 1742385884.6309316, 1742385884.732888, 1742385884.8348022, 1742385884.9368, 1742385885.0387137, 1742385885.1407154, 1742385885.2443984, 1742385885.3463786, 1742385885.4483376, 1742385885.5502465, 1742385885.6525557, 1742385885.7545402, 1742385885.8560197, 1742385885.9580102, 1742385886.059886, 1742385886.1629143, 1742385886.2660375, 1742385886.3690946, 1742385886.4710052, 1742385886.5739777, 1742385886.67693, 1742385886.7797446, 1742385886.8828342, 1742385886.9860246, 1742385887.087841, 1742385887.19089, 1742385887.2936509, 1742385887.3965726, 1742385887.498396, 1742385887.600314, 1742385887.7022412, 1742385887.8041995, 1742385887.906209, 1742385888.0081244, 1742385888.110077, 1742385888.212064, 1742385888.314003, 1742385888.415921, 1742385888.517872, 1742385888.6198037, 1742385888.721739, 1742385888.8236015, 1742385888.9255476, 1742385889.0273385, 1742385889.129131, 1742385889.2310154, 1742385889.332984, 1742385889.4348917, 1742385889.5368054, 1742385889.638745, 1742385889.740736, 1742385889.842696, 1742385889.9446583, 1742385890.0466099, 1742385890.1485972, 1742385890.2505698, 1742385890.3525248, 1742385890.454473, 1742385890.556421, 1742385890.6588316, 1742385890.7608008, 1742385890.8626904, 1742385890.9647021, 1742385891.0665956, 1742385891.1692052, 1742385891.271138, 1742385891.3741932, 1742385891.4761744, 1742385891.5793605, 1742385891.6813571, 1742385891.7840557, 1742385891.886087, 1742385891.9881148, 1742385892.0900846, 1742385892.1920881, 1742385892.2939563, 1742385892.3957658, 1742385892.4976928, 1742385892.5996215, 1742385892.7016954, 1742385892.803602, 1742385892.9055192, 1742385893.0074341, 1742385893.1093793, 1742385893.2113104, 1742385893.313244, 1742385893.4151165, 1742385893.5170722, 1742385893.6189916, 1742385893.7209702, 1742385893.8228846, 1742385893.9250727, 1742385894.027778, 1742385894.1308334, 1742385894.233765, 1742385894.336776, 1742385894.4396925, 1742385894.5426252, 1742385894.6458092, 1742385894.7478178, 1742385894.8584304, 1742385894.9614198, 1742385895.0645194, 1742385895.1674087, 1742385895.2693517, 1742385895.3712804, 1742385895.4732645, 1742385895.5748389, 1742385895.676782, 1742385895.7787116, 1742385895.8806849, 1742385895.9826279, 1742385896.0846052, 1742385896.1864984, 1742385896.2884324, 1742385896.3903606, 1742385896.4923196, 1742385896.5944257, 1742385896.6964324, 1742385896.7983272, 1742385896.9003015, 1742385897.0022528, 1742385897.1042018, 1742385897.2061377, 1742385897.3080885, 1742385897.410024, 1742385897.512001, 1742385897.6139357, 1742385897.715861, 1742385897.819086, 1742385897.9210649, 1742385898.0229902, 1742385898.1249757, 1742385898.226958, 1742385898.3289225, 1742385898.4308686, 1742385898.5328434, 1742385898.6348433, 1742385898.7368178, 1742385898.838573, 1742385898.9405806, 1742385899.042547, 1742385899.1445706, 1742385899.2464905, 1742385899.3485072, 1742385899.4504318, 1742385899.552454, 1742385899.6543992, 1742385899.756319, 1742385899.8595657, 1742385899.9615438, 1742385900.063553, 1742385900.1656897, 1742385900.267648, 1742385900.369583, 1742385900.4714918, 1742385900.5734434, 1742385900.6754768, 1742385900.7774773, 1742385900.8794012, 1742385900.9814415, 1742385901.0833848, 1742385901.1853683, 1742385901.2873137, 1742385901.389261, 1742385901.4912176, 1742385901.5931184, 1742385901.695343, 1742385901.7972546, 1742385901.9006443, 1742385902.0025911, 1742385902.1043706, 1742385902.2074876, 1742385902.3105526, 1742385902.4125004, 1742385902.5150945, 1742385902.6171832, 1742385902.720132, 1742385902.823209, 1742385902.9262986, 1742385903.0293472, 1742385903.1322646, 1742385903.2353096, 1742385903.33819, 1742385903.4397576, 1742385903.541693, 1742385903.643562, 1742385903.7455168, 1742385903.8474665, 1742385903.9494503, 1742385904.051369, 1742385904.15327, 1742385904.2551863, 1742385904.3570843, 1742385904.4589827, 1742385904.560879, 1742385904.662814, 1742385904.764735, 1742385904.8666258, 1742385904.9691062, 1742385905.0710497, 1742385905.1729434, 1742385905.2758877, 1742385905.3776813, 1742385905.4796264, 1742385905.5815787, 1742385905.6834939, 1742385905.7855213, 1742385905.8875885, 1742385905.9895124, 1742385906.0916545, 1742385906.1935735, 1742385906.295516, 1742385906.3974519, 1742385906.4994094, 1742385906.6013217, 1742385906.7037625, 1742385906.8056552, 1742385906.9075837, 1742385907.010751, 1742385907.1127174, 1742385907.2146432, 1742385907.3166153, 1742385907.4186215, 1742385907.5205843, 1742385907.622533, 1742385907.7245107, 1742385907.8264563, 1742385907.9283943, 1742385908.0303926, 1742385908.132322, 1742385908.2342803, 1742385908.336221, 1742385908.4381478, 1742385908.5399442, 1742385908.6417353, 1742385908.7448077, 1742385908.846775, 1742385908.948732, 1742385909.0507045, 1742385909.152637, 1742385909.2546043, 1742385909.356887, 1742385909.458792, 1742385909.5607917, 1742385909.662737, 1742385909.7647722, 1742385909.8666933, 1742385909.9686785, 1742385910.070295, 1742385910.1725934, 1742385910.2755551, 1742385910.3785157, 1742385910.490209, 1742385910.5932083, 1742385910.695684, 1742385910.7985644, 1742385910.9004338, 1742385911.002358, 1742385911.104325, 1742385911.206215, 1742385911.3081934, 1742385911.4101048, 1742385911.512109, 1742385911.6140373, 1742385911.7159972, 1742385911.8177714, 1742385911.9197474, 1742385912.0232458, 1742385912.1252189, 1742385912.22716, 1742385912.3290782, 1742385912.4309738, 1742385912.532969, 1742385912.6348646, 1742385912.7383256, 1742385912.8403132, 1742385912.9422596, 1742385913.04423, 1742385913.1461582, 1742385913.2481072, 1742385913.3499856, 1742385913.4519694, 1742385913.5539043, 1742385913.6558073, 1742385913.7577686, 1742385913.8597465, 1742385913.961697, 1742385914.0636325, 1742385914.1657279, 1742385914.2677386, 1742385914.36974, 1742385914.4716966, 1742385914.573689, 1742385914.6756513, 1742385914.7776217, 1742385914.8796446, 1742385914.981576, 1742385915.0833936, 1742385915.1853518, 1742385915.2872028, 1742385915.3892384, 1742385915.491148, 1742385915.5930104, 1742385915.6949344, 1742385915.7968135, 1742385915.898734, 1742385916.0006518, 1742385916.102593, 1742385916.2045114, 1742385916.3064325, 1742385916.4084074, 1742385916.5103502, 1742385916.613979, 1742385916.7159383, 1742385916.817828, 1742385916.919756, 1742385917.0216491, 1742385917.1235921, 1742385917.225491, 1742385917.3276608, 1742385917.4296417, 1742385917.5316002, 1742385917.6335404, 1742385917.7354856, 1742385917.8374445, 1742385917.9394019, 1742385918.0413473, 1742385918.143298, 1742385918.2451882, 1742385918.3468006, 1742385918.4494553, 1742385918.551645, 1742385918.6546304, 1742385918.7561722, 1742385918.859204, 1742385918.962246, 1742385919.0647228, 1742385919.1674907, 1742385919.270543, 1742385919.3734233, 1742385919.4755056, 1742385919.577429, 1742385919.6793988, 1742385919.78134, 1742385919.8832812, 1742385919.9852624, 1742385920.0872116, 1742385920.1891837, 1742385920.291194, 1742385920.3931592, 1742385920.4950893, 1742385920.5970395, 1742385920.6989734, 1742385920.8009186, 1742385920.9028397, 1742385921.0048292, 1742385921.1067617, 1742385921.2086587, 1742385921.3105707, 1742385921.41254, 1742385921.5145342, 1742385921.6164005, 1742385921.7184038, 1742385921.8204134, 1742385921.9223962, 1742385922.024303, 1742385922.1263185, 1742385922.2298155, 1742385922.3317575, 1742385922.4337752, 1742385922.5357604, 1742385922.637625, 1742385922.7395499, 1742385922.841752, 1742385922.9453392, 1742385923.0473514, 1742385923.149292, 1742385923.2512286, 1742385923.3531933, 1742385923.4551547, 1742385923.5571418, 1742385923.6605833, 1742385923.7625678, 1742385923.864573, 1742385923.9665484, 1742385924.0685425, 1742385924.1704855, 1742385924.2724142, 1742385924.3759198, 1742385924.4778228, 1742385924.579833, 1742385924.6817842, 1742385924.7835724, 1742385924.8855293, 1742385924.9874663, 1742385925.0894725, 1742385925.1914818, 1742385925.2933397, 1742385925.3952494, 1742385925.4971972, 1742385925.5991583, 1742385925.7011068, 1742385925.8030572, 1742385925.90505, 1742385926.0069807, 1742385926.1088943, 1742385926.2108517, 1742385926.3144445, 1742385926.416433, 1742385926.5183945, 1742385926.620338, 1742385926.7223148, 1742385926.823858, 1742385926.926908, 1742385927.02881, 1742385927.131706, 1742385927.2346723, 1742385927.3381095, 1742385927.4410784, 1742385927.5442514, 1742385927.646545, 1742385927.7497272, 1742385927.8528073, 1742385927.9558287, 1742385928.0587356, 1742385928.1616848, 1742385928.2648368, 1742385928.3679025, 1742385928.4709854, 1742385928.5742, 1742385928.6773286, 1742385928.7805898, 1742385928.8825805, 1742385928.9845502, 1742385929.0864806, 1742385929.1885571, 1742385929.2905767, 1742385929.392535, 1742385929.494432, 1742385929.5963771, 1742385929.6982803, 1742385929.8002698, 1742385929.9021862, 1742385930.004194, 1742385930.106373, 1742385930.2083583, 1742385930.3102508, 1742385930.4133692, 1742385930.5153186, 1742385930.6173022, 1742385930.7192578, 1742385930.8211837, 1742385930.9231484, 1742385931.0250998, 1742385931.1270778, 1742385931.229029, 1742385931.330888, 1742385931.4328632, 1742385931.5348787, 1742385931.6368515, 1742385931.7387905, 1742385931.8408146, 1742385931.9439518, 1742385932.0460062, 1742385932.1480134, 1742385932.2500112, 1742385932.355111, 1742385932.4572606, 1742385932.5592341, 1742385932.6612067, 1742385932.7631657, 1742385932.865078, 1742385932.96699, 1742385933.0689511, 1742385933.1709263, 1742385933.2729328, 1742385933.3749325, 1742385933.4772701, 1742385933.579215, 1742385933.681219, 1742385933.7832341, 1742385933.8853257, 1742385933.9872856, 1742385934.0892403, 1742385934.1911838, 1742385934.2931275, 1742385934.3950639, 1742385934.4969943, 1742385934.598811, 1742385934.7007987, 1742385934.8027399, 1742385934.904677, 1742385935.0080376, 1742385935.111202, 1742385935.2140472, 1742385935.3171062, 1742385935.4188678, 1742385935.5218778, 1742385935.6250556, 1742385935.7281046, 1742385935.8300595, 1742385935.9320512, 1742385936.0339425, 1742385936.1359289, 1742385936.2378597, 1742385936.3397603, 1742385936.4416575, 1742385936.543574, 1742385936.645877, 1742385936.7478197, 1742385936.8498306, 1742385936.9517965, 1742385937.0537152, 1742385937.1556547, 1742385937.2575767, 1742385937.359529, 1742385937.461444, 1742385937.5649233, 1742385937.6668956, 1742385937.768914, 1742385937.8707404, 1742385937.9726996, 1742385938.0746355, 1742385938.1766143, 1742385938.2799954, 1742385938.3819907, 1742385938.48388, 1742385938.585857, 1742385938.687755, 1742385938.789648, 1742385938.8921592, 1742385938.9958458, 1742385939.0977876, 1742385939.1997063, 1742385939.3016295, 1742385939.403573, 1742385939.5054924, 1742385939.6075733, 1742385939.7111273, 1742385939.8130991, 1742385939.9149954, 1742385940.016897, 1742385940.1188464, 1742385940.2207518, 1742385940.3227067, 1742385940.4261873, 1742385940.5281484, 1742385940.6302567, 1742385940.7322052, 1742385940.83415, 1742385940.9361153, 1742385941.038036, 1742385941.1416826, 1742385941.2435966, 1742385941.3455496, 1742385941.4474645, 1742385941.5493238, 1742385941.6512551, 1742385941.753192, 1742385941.8568895, 1742385941.9588296, 1742385942.0607932, 1742385942.162712, 1742385942.264685, 1742385942.3665984, 1742385942.4685078, 1742385942.5721765, 1742385942.6741056, 1742385942.7760274, 1742385942.8779757, 1742385942.9799066, 1742385943.081568, 1742385943.1842933, 1742385943.2862725, 1742385943.3894749, 1742385943.492665, 1742385943.594457, 1742385943.697529, 1742385943.800584, 1742385943.9039633, 1742385944.0067933, 1742385944.108373, 1742385944.2099547, 1742385944.3118339, 1742385944.4136999, 1742385944.5156138, 1742385944.6175401, 1742385944.7194788, 1742385944.821431, 1742385944.9233553, 1742385945.0254672, 1742385945.127558, 1742385945.2295034, 1742385945.3314204, 1742385945.4333713, 1742385945.5371625, 1742385945.6390917, 1742385945.741021, 1742385945.84295, 1742385945.9448657, 1742385946.0472038, 1742385946.1491482, 1742385946.251181, 1742385946.3531961, 1742385946.4550939, 1742385946.5570385, 1742385946.659039, 1742385946.7628188, 1742385946.8647707, 1742385946.9666867, 1742385947.0686631, 1742385947.1706233, 1742385947.2725713, 1742385947.3745213, 1742385947.4764004, 1742385947.5782413, 1742385947.6802053, 1742385947.7821307, 1742385947.8840773, 1742385947.9860198, 1742385948.087995, 1742385948.1899064, 1742385948.2918477, 1742385948.3937614, 1742385948.4967659, 1742385948.5987551, 1742385948.7009926, 1742385948.8029075, 1742385948.9048872, 1742385949.0068383, 1742385949.1087852, 1742385949.2107108, 1742385949.3126547, 1742385949.4145923, 1742385949.5165527, 1742385949.6184201, 1742385949.7204025, 1742385949.8223393, 1742385949.9243085, 1742385950.0262158, 1742385950.1281564, 1742385950.2316494, 1742385950.333574, 1742385950.4355223, 1742385950.537463, 1742385950.6393514, 1742385950.7413118, 1742385950.8430984, 1742385950.9450984, 1742385951.047014, 1742385951.1489744, 1742385951.251133, 1742385951.3530388, 1742385951.455115, 1742385951.5572124, 1742385951.6591403, 1742385951.7609086, 1742385951.863758, 1742385951.9666626, 1742385952.0696337, 1742385952.1711566, 1742385952.2740567, 1742385952.376537, 1742385952.4796367, 1742385952.5824742, 1742385952.685281, 1742385952.7884865, 1742385952.8902643, 1742385952.9929945, 1742385953.0949588, 1742385953.196865, 1742385953.2988036, 1742385953.4007094, 1742385953.5026653, 1742385953.6046393, 1742385953.7066953, 1742385953.8086214, 1742385953.9105594, 1742385954.0125625, 1742385954.1143005, 1742385954.2162151, 1742385954.3191035, 1742385954.4214375, 1742385954.5233488, 1742385954.6252894, 1742385954.7271929, 1742385954.8290892, 1742385954.931001, 1742385955.033915, 1742385955.1363125, 1742385955.2382798, 1742385955.340193, 1742385955.4421554, 1742385955.5441513, 1742385955.6460648, 1742385955.749213, 1742385955.8511436, 1742385955.9530723, 1742385956.0549746, 1742385956.156912, 1742385956.2588606, 1742385956.3608093, 1742385956.4627874, 1742385956.5647507, 1742385956.6668487, 1742385956.7687547, 1742385956.8707137, 1742385956.9726496, 1742385957.074571, 1742385957.1766162, 1742385957.278428, 1742385957.380328, 1742385957.4822621, 1742385957.5844223, 1742385957.686421, 1742385957.7883315, 1742385957.890304, 1742385957.9919622, 1742385958.0947473, 1742385958.1967046, 1742385958.2985487, 1742385958.4004607, 1742385958.502439, 1742385958.6054192, 1742385958.707631, 1742385958.809867, 1742385958.9130104, 1742385959.0161266, 1742385959.118895, 1742385959.221695, 1742385959.3244486, 1742385959.4275124, 1742385959.5305045, 1742385959.6325376, 1742385959.734486, 1742385959.8364122, 1742385959.9384007, 1742385960.0404272, 1742385960.1423182, 1742385960.2442782, 1742385960.346177, 1742385960.4481125, 1742385960.5499635, 1742385960.6518803, 1742385960.7538147, 1742385960.8557332, 1742385960.9576688, 1742385961.0595856, 1742385961.161515, 1742385961.2652867, 1742385961.3672292, 1742385961.4691613, 1742385961.571113, 1742385961.6737347, 1742385961.775725, 1742385961.8777106, 1742385961.9796612, 1742385962.081589, 1742385962.1835043, 1742385962.2854526, 1742385962.3873816, 1742385962.489308, 1742385962.5912704, 1742385962.6931787, 1742385962.7951066, 1742385962.897047, 1742385962.9989579, 1742385963.100926, 1742385963.2028396, 1742385963.3047428, 1742385963.406625, 1742385963.5086665, 1742385963.612376, 1742385963.7143583, 1742385963.8161354, 1742385963.918082, 1742385964.0199978, 1742385964.1219964, 1742385964.22404, 1742385964.3259141, 1742385964.4278283, 1742385964.5297022, 1742385964.631705, 1742385964.7336483, 1742385964.8355515, 1742385964.937493, 1742385965.039443, 1742385965.1413515, 1742385965.2432816, 1742385965.3452315, 1742385965.4472244, 1742385965.549133, 1742385965.6510472, 1742385965.7529604, 1742385965.8548844, 1742385965.9589171, 1742385966.0608983, 1742385966.1627812, 1742385966.2647302, 1742385966.3666546, 1742385966.468698, 1742385966.5706074, 1742385966.6725588, 1742385966.7745004, 1742385966.8764231, 1742385966.9783866, 1742385967.0802064, 1742385967.1821487, 1742385967.2841566, 1742385967.3860567, 1742385967.4880185, 1742385967.5907092, 1742385967.6936512, 1742385967.7957284, 1742385967.8983948, 1742385968.0015059, 1742385968.1045513, 1742385968.207275, 1742385968.3102674, 1742385968.4131038, 1742385968.5149848, 1742385968.6168747, 1742385968.7188067, 1742385968.8207533, 1742385968.9226797, 1742385969.0246108, 1742385969.1265812, 1742385969.22854, 1742385969.3306313, 1742385969.4330251, 1742385969.5349572, 1742385969.6369038, 1742385969.7392447, 1742385969.8411036, 1742385969.9442267, 1742385970.0461617, 1742385970.1481206, 1742385970.2501109, 1742385970.3515737, 1742385970.4535167, 1742385970.5554364, 1742385970.657436, 1742385970.7593658, 1742385970.8613434, 1742385970.9632022, 1742385971.0651402, 1742385971.1671085, 1742385971.26903, 1742385971.371006, 1742385971.4729865, 1742385971.574918, 1742385971.6770186, 1742385971.7793725, 1742385971.8813443, 1742385971.9832351, 1742385972.0861855, 1742385972.18817, 1742385972.290611, 1742385972.392562, 1742385972.4944763, 1742385972.5964172, 1742385972.698383, 1742385972.800281, 1742385972.9021857, 1742385973.0041173, 1742385973.105995, 1742385973.2079275, 1742385973.309803, 1742385973.4116833, 1742385973.5136302, 1742385973.6154122, 1742385973.7173254, 1742385973.8192647, 1742385973.921228, 1742385974.023197, 1742385974.1251628, 1742385974.228389, 1742385974.3302965, 1742385974.4322999, 1742385974.5342686, 1742385974.636171, 1742385974.7381396, 1742385974.8401058, 1742385974.9420493, 1742385975.044067, 1742385975.1474319, 1742385975.251257, 1742385975.3539329, 1742385975.4565644, 1742385975.558847, 1742385975.6620135, 1742385975.7650461, 1742385975.8680255, 1742385975.97077, 1742385976.073863, 1742385976.176929, 1742385976.2788541, 1742385976.380833, 1742385976.4827888, 1742385976.584773, 1742385976.6866841, 1742385976.788579, 1742385976.8904881, 1742385976.9924912, 1742385977.094452, 1742385977.1964004, 1742385977.2983496, 1742385977.400293, 1742385977.5022428, 1742385977.6042025, 1742385977.7063944, 1742385977.8083036, 1742385977.9111009, 1742385978.0130317, 1742385978.1150193, 1742385978.2170024, 1742385978.3189442, 1742385978.4210255, 1742385978.523035, 1742385978.6250196, 1742385978.726962, 1742385978.828896, 1742385978.9308822, 1742385979.032825, 1742385979.1347966, 1742385979.237399, 1742385979.3393178, 1742385979.4413362, 1742385979.5432787, 1742385979.6452425, 1742385979.7471821, 1742385979.849132, 1742385979.9510438, 1742385980.0528283, 1742385980.1547894, 1742385980.2567859, 1742385980.3587165, 1742385980.460661, 1742385980.5625951, 1742385980.6646078, 1742385980.7666328, 1742385980.8685677, 1742385980.9707782, 1742385981.072726, 1742385981.174656, 1742385981.2766147, 1742385981.3785307, 1742385981.4804955, 1742385981.5830457, 1742385981.6850412, 1742385981.78699, 1742385981.8889828, 1742385981.9909673, 1742385982.0930552, 1742385982.1950145, 1742385982.2969506, 1742385982.3988967, 1742385982.5008676, 1742385982.6028128, 1742385982.704754, 1742385982.8067093, 1742385982.9086049, 1742385983.0112746, 1742385983.1141813, 1742385983.216266, 1742385983.3189936, 1742385983.4221244, 1742385983.5253074, 1742385983.6281023, 1742385983.7307527, 1742385983.8334641, 1742385983.9350069, 1742385984.037949, 1742385984.1410277, 1742385984.2435818, 1742385984.3463023, 1742385984.4493763, 1742385984.5512896, 1742385984.6532824, 1742385984.75524, 1742385984.8571966, 1742385984.9591568, 1742385985.061089, 1742385985.1630037, 1742385985.2649164, 1742385985.366826, 1742385985.468724, 1742385985.5706208, 1742385985.6725433, 1742385985.7744362, 1742385985.876356, 1742385985.9783, 1742385986.0802727, 1742385986.1821613, 1742385986.2840714, 1742385986.3862, 1742385986.488148, 1742385986.5900025, 1742385986.6919715, 1742385986.7939126, 1742385986.895891, 1742385986.9978337, 1742385987.0998344, 1742385987.2017913, 1742385987.3036797, 1742385987.4056282, 1742385987.5083113, 1742385987.6102943, 1742385987.7122912, 1742385987.8142505, 1742385987.9162629, 1742385988.018229, 1742385988.120226, 1742385988.2222078, 1742385988.324189, 1742385988.426088, 1742385988.528019, 1742385988.6299791, 1742385988.7318728, 1742385988.8337982, 1742385988.936548, 1742385989.0384696, 1742385989.140416, 1742385989.2423646, 1742385989.3447359, 1742385989.4464953, 1742385989.54962, 1742385989.652713, 1742385989.755817, 1742385989.8587, 1742385989.961656, 1742385990.0644913, 1742385990.1673021, 1742385990.268792, 1742385990.370749, 1742385990.4726708, 1742385990.5746012, 1742385990.676519, 1742385990.778461, 1742385990.8803945, 1742385990.982356, 1742385991.084291, 1742385991.1862352, 1742385991.2881777, 1742385991.3901398, 1742385991.4920595, 1742385991.5939612, 1742385991.6958656, 1742385991.7977927, 1742385991.8998237, 1742385992.0017898, 1742385992.10381, 1742385992.2057858, 1742385992.3077257, 1742385992.4097083, 1742385992.5116343, 1742385992.6135883, 1742385992.7154868, 1742385992.8174517, 1742385992.9194272, 1742385993.0213208, 1742385993.1231837, 1742385993.225167, 1742385993.3270712, 1742385993.4290318, 1742385993.5309246, 1742385993.6329327, 1742385993.7348824, 1742385993.836821, 1742385993.9387484, 1742385994.0407052, 1742385994.1425807, 1742385994.2445602, 1742385994.3464947, 1742385994.4484427, 1742385994.5503411, 1742385994.6523108, 1742385994.75425, 1742385994.8562112, 1742385994.9581306, 1742385995.0601304, 1742385995.1620333, 1742385995.2639778, 1742385995.3658848, 1742385995.4678698, 1742385995.5698133, 1742385995.6717489, 1742385995.7737007, 1742385995.87564, 1742385995.9775383, 1742385996.079521, 1742385996.1814735, 1742385996.2832804, 1742385996.38516, 1742385996.4882736, 1742385996.5912256, 1742385996.694222, 1742385996.7973843, 1742385996.9002213, 1742385997.003023, 1742385997.1058626, 1742385997.2089684, 1742385997.3125296, 1742385997.415332, 1742385997.5184908, 1742385997.6216068, 1742385997.7247086, 1742385997.8283298, 1742385997.930245, 1742385998.0323744, 1742385998.1343284, 1742385998.2362714, 1742385998.3382494, 1742385998.4402392, 1742385998.542213, 1742385998.6441524, 1742385998.746219, 1742385998.8482208, 1742385998.9501262, 1742385999.052101, 1742385999.153996, 1742385999.2561514, 1742385999.358046, 1742385999.4600546, 1742385999.5619717, 1742385999.6639652, 1742385999.7659323, 1742385999.8679357, 1742385999.9701147, 1742386000.072059, 1742386000.1740406, 1742386000.276043, 1742386000.3779993, 1742386000.479957, 1742386000.5818923, 1742386000.6838453, 1742386000.785767, 1742386000.889428, 1742386000.99141, 1742386001.093324, 1742386001.1952431, 1742386001.2971845, 1742386001.3991146, 1742386001.5011609, 1742386001.60435, 1742386001.706376, 1742386001.8083959, 1742386001.91033, 1742386002.0122917, 1742386002.114203, 1742386002.21613, 1742386002.3180892, 1742386002.4200172, 1742386002.5219896, 1742386002.6239648, 1742386002.7259011, 1742386002.827694, 1742386002.929673, 1742386003.0326395, 1742386003.1345692, 1742386003.2365181, 1742386003.3384154, 1742386003.440269, 1742386003.5421772, 1742386003.6442163, 1742386003.7462685, 1742386003.8482046, 1742386003.9502022, 1742386004.0522945, 1742386004.1542244, 1742386004.2561748, 1742386004.358113, 1742386004.460091, 1742386004.5620744, 1742386004.6642914, 1742386004.7662604, 1742386004.8681989, 1742386004.9704392, 1742386005.0734484, 1742386005.1761782, 1742386005.2777534, 1742386005.3803415, 1742386005.4842656, 1742386005.5873227, 1742386005.6907272, 1742386005.7924442, 1742386005.895184, 1742386005.9970586, 1742386006.0988708, 1742386006.200746, 1742386006.3026388, 1742386006.4045827, 1742386006.506493, 1742386006.6085255, 1742386006.7104573, 1742386006.8123617, 1742386006.9142659, 1742386007.0161915, 1742386007.118192, 1742386007.2201078, 1742386007.3220084, 1742386007.4239545, 1742386007.5258665, 1742386007.6295352, 1742386007.7314603, 1742386007.8333862, 1742386007.9353406, 1742386008.037864, 1742386008.1398244, 1742386008.241791, 1742386008.3437135, 1742386008.4456735, 1742386008.5475566, 1742386008.6495104, 1742386008.7514808, 1742386008.8534749, 1742386008.9554322, 1742386009.0573616, 1742386009.159395, 1742386009.2613404, 1742386009.363264, 1742386009.4653745, 1742386009.5673194, 1742386009.6693003, 1742386009.771248, 1742386009.8732045, 1742386009.9763868, 1742386010.078377, 1742386010.1805823, 1742386010.2930393, 1742386010.3950663, 1742386010.4982667, 1742386010.6002636, 1742386010.7024133, 1742386010.804364, 1742386010.9062958, 1742386011.0098875, 1742386011.1118436, 1742386011.2137308, 1742386011.3156533, 1742386011.4174669, 1742386011.5194468, 1742386011.6214125, 1742386011.723309, 1742386011.8252163, 1742386011.9271145, 1742386012.029044, 1742386012.1309912, 1742386012.2329586, 1742386012.3349113, 1742386012.4368145, 1742386012.5386744, 1742386012.6406033, 1742386012.7425587, 1742386012.845468, 1742386012.947448, 1742386013.049584, 1742386013.1514938, 1742386013.2535706, 1742386013.3574672, 1742386013.459455, 1742386013.5615046, 1742386013.6634839, 1742386013.7654846, 1742386013.8674428, 1742386013.9704807, 1742386014.073649, 1742386014.1765516, 1742386014.278442, 1742386014.3803487, 1742386014.4822888, 1742386014.5849252, 1742386014.686813, 1742386014.7887642, 1742386014.8906937, 1742386014.9925678, 1742386015.0944405, 1742386015.1963844, 1742386015.2989106, 1742386015.400899, 1742386015.5035787, 1742386015.6063497, 1742386015.709519, 1742386015.8124447, 1742386015.9156926, 1742386016.0186517, 1742386016.1208136, 1742386016.2239053, 1742386016.32583, 1742386016.4295876, 1742386016.531597, 1742386016.6335151, 1742386016.7355025, 1742386016.837445, 1742386016.939442, 1742386017.0413716, 1742386017.14328, 1742386017.2452261, 1742386017.3471293, 1742386017.4491348, 1742386017.5510843, 1742386017.6530206, 1742386017.7550042, 1742386017.8569014, 1742386017.958868, 1742386018.060842, 1742386018.1627805, 1742386018.2647393, 1742386018.366671, 1742386018.4686477, 1742386018.570627, 1742386018.6725495, 1742386018.7745574, 1742386018.8765202, 1742386018.9784796, 1742386019.080336, 1742386019.182387, 1742386019.2844496, 1742386019.3864684, 1742386019.4884634, 1742386019.590426, 1742386019.6923668, 1742386019.794363, 1742386019.896393, 1742386019.998308, 1742386020.1002665, 1742386020.202207, 1742386020.304518, 1742386020.4064848, 1742386020.5084682, 1742386020.6104114, 1742386020.71236, 1742386020.8142524, 1742386020.9162097, 1742386021.018167, 1742386021.1201572, 1742386021.222007, 1742386021.3239615, 1742386021.425907, 1742386021.5279338, 1742386021.6314065, 1742386021.7333822, 1742386021.8352807, 1742386021.9371994, 1742386022.039228, 1742386022.1413114, 1742386022.2432468, 1742386022.3450599, 1742386022.4470298, 1742386022.548943, 1742386022.65099, 1742386022.7529545, 1742386022.8548985, 1742386022.956898, 1742386023.0587833, 1742386023.160778, 1742386023.26271, 1742386023.364612, 1742386023.4665985, 1742386023.5685096, 1742386023.6704426, 1742386023.772411, 1742386023.8743978, 1742386023.9779809, 1742386024.0799973, 1742386024.1819053, 1742386024.284287, 1742386024.3873813, 1742386024.4904568, 1742386024.593549, 1742386024.6967244, 1742386024.7995858, 1742386024.9024906, 1742386025.0053735, 1742386025.1072862, 1742386025.209191, 1742386025.3111145, 1742386025.413053, 1742386025.5149658, 1742386025.6179104, 1742386025.7198818, 1742386025.8217945, 1742386025.9237287, 1742386026.0256293, 1742386026.1275606, 1742386026.2294948, 1742386026.3323393, 1742386026.4353673, 1742386026.538311, 1742386026.6414733, 1742386026.7445447, 1742386026.8475986, 1742386026.950786, 1742386027.053678, 1742386027.1565413, 1742386027.2584913, 1742386027.360461, 1742386027.4624162, 1742386027.5644622, 1742386027.6664217, 1742386027.7684162, 1742386027.8703694, 1742386027.9723537, 1742386028.0742867, 1742386028.1763272, 1742386028.2782469, 1742386028.3802862, 1742386028.482221, 1742386028.5841713, 1742386028.6861045, 1742386028.7879462, 1742386028.8898253, 1742386028.9918091, 1742386029.0938902, 1742386029.1958616, 1742386029.297823, 1742386029.3998454, 1742386029.501857, 1742386029.6038432, 1742386029.7068012, 1742386029.8087616, 1742386029.9107091, 1742386030.0127437, 1742386030.1146743, 1742386030.2166235, 1742386030.3185642, 1742386030.4205298, 1742386030.522461, 1742386030.6244516, 1742386030.7265806, 1742386030.8285394, 1742386030.9304442, 1742386031.0324407, 1742386031.1344073, 1742386031.2374604, 1742386031.339463, 1742386031.4414582, 1742386031.5434937, 1742386031.645474, 1742386031.7474608, 1742386031.8494225, 1742386031.9513237, 1742386032.0531309, 1742386032.1549838, 1742386032.25694, 1742386032.3589008, 1742386032.460897, 1742386032.562817, 1742386032.664851, 1742386032.7677562, 1742386032.8696845, 1742386032.9716215, 1742386033.0750248, 1742386033.1780682, 1742386033.2800636, 1742386033.382775, 1742386033.4846375, 1742386033.5868182, 1742386033.6899269, 1742386033.793003, 1742386033.8959754, 1742386033.999015, 1742386034.1020267, 1742386034.203932, 1742386034.30591, 1742386034.4078262, 1742386034.509782, 1742386034.6116982, 1742386034.7136781, 1742386034.8156633, 1742386034.9175975, 1742386035.0195196, 1742386035.1214938, 1742386035.223435, 1742386035.3270242, 1742386035.4290264, 1742386035.5310118, 1742386035.633006, 1742386035.734897, 1742386035.836806, 1742386035.938808, 1742386036.0407875, 1742386036.1427765, 1742386036.2447143, 1742386036.3466547, 1742386036.4486487, 1742386036.550625, 1742386036.652856, 1742386036.7548113, 1742386036.8567932, 1742386036.958744, 1742386037.0606935, 1742386037.1626425, 1742386037.2646224, 1742386037.3665845, 1742386037.4685655, 1742386037.5705588, 1742386037.6729934, 1742386037.774988, 1742386037.8769872, 1742386037.9789453, 1742386038.0809665, 1742386038.1848032, 1742386038.2868075, 1742386038.388758, 1742386038.4907231, 1742386038.592648, 1742386038.6946213, 1742386038.796641, 1742386038.8986115, 1742386039.0005887, 1742386039.1024773, 1742386039.204421, 1742386039.3064275, 1742386039.408424, 1742386039.510388, 1742386039.6122565, 1742386039.714173, 1742386039.816142, 1742386039.918099, 1742386040.019797, 1742386040.1217859, 1742386040.224016, 1742386040.3259428, 1742386040.4279885, 1742386040.5305123, 1742386040.6325536, 1742386040.7345228, 1742386040.8364542, 1742386040.9383607, 1742386041.040356, 1742386041.14244, 1742386041.244392, 1742386041.346332, 1742386041.4483104, 1742386041.550238, 1742386041.6522343, 1742386041.7542164, 1742386041.8562202, 1742386041.9581153, 1742386042.0600548, 1742386042.1622066, 1742386042.265021, 1742386042.367967, 1742386042.4694343, 1742386042.57107, 1742386042.6726384, 1742386042.7745862, 1742386042.8765032, 1742386042.9783783, 1742386043.080288, 1742386043.1822555, 1742386043.285939, 1742386043.387981, 1742386043.4899845, 1742386043.5919504, 1742386043.6939304, 1742386043.7958255, 1742386043.897755, 1742386043.9997017, 1742386044.101682, 1742386044.2036574, 1742386044.3056684, 1742386044.4076078, 1742386044.509524, 1742386044.611572, 1742386044.713501, 1742386044.8157501, 1742386044.9176974, 1742386045.019614, 1742386045.1214519, 1742386045.223398, 1742386045.3253427, 1742386045.4273484, 1742386045.5292575, 1742386045.6314387, 1742386045.733421, 1742386045.8354015, 1742386045.9372993, 1742386046.0392382, 1742386046.1411757, 1742386046.243133, 1742386046.3450177, 1742386046.4469726, 1742386046.5489235, 1742386046.650445, 1742386046.7527316, 1742386046.8558607, 1742386046.9589198, 1742386047.0608215, 1742386047.1639829, 1742386047.266524, 1742386047.3695657, 1742386047.472676, 1742386047.5746467, 1742386047.6766038, 1742386047.778653, 1742386047.8806672, 1742386047.982625, 1742386048.0850835, 1742386048.1870792, 1742386048.2889082, 1742386048.3908305, 1742386048.4928038, 1742386048.5947661, 1742386048.696852, 1742386048.7988071, 1742386048.9007945, 1742386049.0028002, 1742386049.1047664, 1742386049.206731, 1742386049.3087516, 1742386049.410833, 1742386049.5128343, 1742386049.614789, 1742386049.716785, 1742386049.8187375, 1742386049.920742, 1742386050.0227206, 1742386050.1247103, 1742386050.2266414, 1742386050.32861, 1742386050.4305897, 1742386050.5325415, 1742386050.634608, 1742386050.7366035, 1742386050.838523, 1742386050.9405491, 1742386051.0425272, 1742386051.1445582, 1742386051.2464995, 1742386051.3484685, 1742386051.4504676, 1742386051.5523155, 1742386051.6542618, 1742386051.7562425, 1742386051.8582628, 1742386051.9602342, 1742386052.0621614, 1742386052.164114, 1742386052.2662246, 1742386052.3689559, 1742386052.4719102, 1742386052.574996, 1742386052.6781607, 1742386052.779725, 1742386052.8825152, 1742386052.9857004, 1742386053.0888484, 1742386053.1916132, 1742386053.2944853, 1742386053.397357, 1742386053.5001855, 1742386053.6020598, 1742386053.7040322, 1742386053.8059878, 1742386053.9079654, 1742386054.009883, 1742386054.1131456, 1742386054.2150419, 1742386054.3170671, 1742386054.4190025, 1742386054.5209694, 1742386054.622913, 1742386054.7249224, 1742386054.8267448, 1742386054.9286914, 1742386055.0306294, 1742386055.13257, 1742386055.234694, 1742386055.3366282, 1742386055.4390574, 1742386055.5410576, 1742386055.6430984, 1742386055.7450914, 1742386055.847044, 1742386055.9491072, 1742386056.0512793, 1742386056.1532624, 1742386056.2552104, 1742386056.3572087, 1742386056.4591432, 1742386056.5611079, 1742386056.6631064, 1742386056.7651043, 1742386056.867018, 1742386056.9701736, 1742386057.072189, 1742386057.174184, 1742386057.2761185, 1742386057.3780534, 1742386057.480026, 1742386057.581926, 1742386057.6838799, 1742386057.7858286, 1742386057.8877735, 1742386057.989732, 1742386058.0916185, 1742386058.193548, 1742386058.2955282, 1742386058.3975956, 1742386058.4996173, 1742386058.6016226, 1742386058.7036781, 1742386058.8056405, 1742386058.9075997, 1742386059.0095398, 1742386059.1114724, 1742386059.2134552, 1742386059.3154728, 1742386059.4174578, 1742386059.5193691, 1742386059.6213896, 1742386059.7234, 1742386059.825395, 1742386059.927341, 1742386060.0295923, 1742386060.132381, 1742386060.2352655, 1742386060.3379898, 1742386060.4400766, 1742386060.5423627, 1742386060.6530747, 1742386060.7560647, 1742386060.8589077, 1742386060.9617636, 1742386061.0646367, 1742386061.1666126, 1742386061.268585, 1742386061.3707724, 1742386061.4727354, 1742386061.5746963, 1742386061.6766949, 1742386061.7786207, 1742386061.8805685, 1742386061.9825346, 1742386062.0844853, 1742386062.1864302, 1742386062.2884123, 1742386062.3903663, 1742386062.4922829, 1742386062.594243, 1742386062.696175, 1742386062.7980928, 1742386062.9000404, 1742386063.0019956, 1742386063.1042264, 1742386063.2061741, 1742386063.308116, 1742386063.4100797, 1742386063.5120287, 1742386063.614025, 1742386063.716016, 1742386063.8180516, 1742386063.9200864, 1742386064.022053, 1742386064.1240077, 1742386064.225987, 1742386064.3279595, 1742386064.4299407, 1742386064.5318587, 1742386064.6337118, 1742386064.7358665, 1742386064.8377976, 1742386064.939825, 1742386065.0417562, 1742386065.1437619, 1742386065.2457325, 1742386065.3485308, 1742386065.450467, 1742386065.5529647, 1742386065.6549034, 1742386065.7568867, 1742386065.858816, 1742386065.9607887, 1742386066.0627966, 1742386066.1649463, 1742386066.2669396, 1742386066.3689055, 1742386066.4708369, 1742386066.5728092, 1742386066.6748302, 1742386066.7768073, 1742386066.8787866, 1742386066.9807217, 1742386067.0827045, 1742386067.1848278, 1742386067.2879474, 1742386067.3894207, 1742386067.492378, 1742386067.5964043, 1742386067.699437, 1742386067.8023157, 1742386067.9054155, 1742386068.008532, 1742386068.110068, 1742386068.2116492, 1742386068.3136044, 1742386068.4151514, 1742386068.5166934, 1742386068.6186402, 1742386068.7206457, 1742386068.8225617, 1742386068.924543, 1742386069.0264885, 1742386069.1284218, 1742386069.2303848, 1742386069.3323262, 1742386069.434296, 1742386069.5362253, 1742386069.638165, 1742386069.7401435, 1742386069.842052, 1742386069.9456742, 1742386070.04765, 1742386070.149632, 1742386070.2515368, 1742386070.353542, 1742386070.4564342, 1742386070.558431, 1742386070.6603687, 1742386070.7623327, 1742386070.8642206, 1742386070.9662652, 1742386071.0678837, 1742386071.1698036, 1742386071.271762, 1742386071.3737392, 1742386071.4757326, 1742386071.577676, 1742386071.6796358, 1742386071.781628, 1742386071.8835113, 1742386071.9854305, 1742386072.0873744, 1742386072.1892867, 1742386072.2929857, 1742386072.3949265, 1742386072.496837, 1742386072.598837, 1742386072.7008467, 1742386072.8036766, 1742386072.9056158, 1742386073.007518, 1742386073.1094851, 1742386073.2113864, 1742386073.313467, 1742386073.4153626, 1742386073.5172794, 1742386073.6192844, 1742386073.7211268, 1742386073.823117, 1742386073.9250777, 1742386074.02709, 1742386074.129027, 1742386074.2309327, 1742386074.3327532, 1742386074.4347208, 1742386074.5367215, 1742386074.6402833, 1742386074.7422402, 1742386074.8440874, 1742386074.9460316, 1742386075.0479288, 1742386075.1499379, 1742386075.2519026, 1742386075.3538566, 1742386075.4558163, 1742386075.5576773, 1742386075.6596725, 1742386075.7615774, 1742386075.8635597, 1742386075.965463, 1742386076.0673923, 1742386076.169384, 1742386076.2725177, 1742386076.3755765, 1742386076.4787133, 1742386076.5807223, 1742386076.6826704, 1742386076.7847342, 1742386076.8866975, 1742386076.9886703, 1742386077.0906787, 1742386077.1926594, 1742386077.2946122, 1742386077.3966236, 1742386077.4985776, 1742386077.6004329, 1742386077.7023854, 1742386077.8043606, 1742386077.906283, 1742386078.0082653, 1742386078.110249, 1742386078.2122872, 1742386078.3142278, 1742386078.4162073, 1742386078.518289, 1742386078.6202652, 1742386078.722171, 1742386078.8241947, 1742386078.9273648, 1742386079.030377, 1742386079.1334476, 1742386079.2364328, 1742386079.3395424, 1742386079.4410715, 1742386079.5439312, 1742386079.646981, 1742386079.7489088, 1742386079.8507924, 1742386079.9527674, 1742386080.0546618, 1742386080.156621, 1742386080.2585506, 1742386080.3605738, 1742386080.4624906, 1742386080.5644708, 1742386080.6664155, 1742386080.7684069, 1742386080.870194, 1742386080.9721231, 1742386081.07405, 1742386081.1759784, 1742386081.2779057, 1742386081.3798525, 1742386081.4818852, 1742386081.58385, 1742386081.6857846, 1742386081.7877657, 1742386081.8896894, 1742386081.9916308, 1742386082.0936525, 1742386082.195587, 1742386082.2977915, 1742386082.4003146, 1742386082.5022204, 1742386082.604303, 1742386082.7062726, 1742386082.8082259, 1742386082.9101374, 1742386083.0121076, 1742386083.1140573, 1742386083.215993, 1742386083.317922, 1742386083.4198325, 1742386083.521773, 1742386083.623744, 1742386083.7256727, 1742386083.827626, 1742386083.9295712, 1742386084.0313625, 1742386084.1332262, 1742386084.2352028, 1742386084.337191, 1742386084.439203, 1742386084.5412018, 1742386084.6431265, 1742386084.745054, 1742386084.846943, 1742386084.9489734, 1742386085.0508757, 1742386085.152834, 1742386085.2547286, 1742386085.3579667, 1742386085.4599836, 1742386085.5619497, 1742386085.663887, 1742386085.7658792, 1742386085.867885, 1742386085.9697897, 1742386086.071718, 1742386086.1736972, 1742386086.2756238, 1742386086.377584, 1742386086.4795907, 1742386086.5815947, 1742386086.68351, 1742386086.7870865, 1742386086.8897684, 1742386086.992627, 1742386087.095209, 1742386087.1975877, 1742386087.2991235, 1742386087.4022343, 1742386087.5056806, 1742386087.6086674, 1742386087.711759, 1742386087.8147457, 1742386087.9178343, 1742386088.020885, 1742386088.1239748, 1742386088.2269707, 1742386088.3289683, 1742386088.4309309, 1742386088.5328884, 1742386088.634829, 1742386088.7367823, 1742386088.8386798, 1742386088.9406996, 1742386089.0425975, 1742386089.1444948, 1742386089.246434, 1742386089.3484206, 1742386089.451515, 1742386089.55344, 1742386089.6556475, 1742386089.7575877, 1742386089.8595364, 1742386089.962434, 1742386090.064416, 1742386090.1663373, 1742386090.2682827, 1742386090.3702288, 1742386090.4722648, 1742386090.5741735, 1742386090.6761627, 1742386090.7781408, 1742386090.880137, 1742386090.9820957, 1742386091.084046, 1742386091.1860406, 1742386091.2879992, 1742386091.3900168, 1742386091.4920332, 1742386091.5939744, 1742386091.695989, 1742386091.7982333, 1742386091.9002142, 1742386092.0023482, 1742386092.1043112, 1742386092.2062795, 1742386092.3097463, 1742386092.4117262, 1742386092.5137036, 1742386092.6156628, 1742386092.718135, 1742386092.8201888, 1742386092.9221547, 1742386093.0240986, 1742386093.126069, 1742386093.2280178, 1742386093.3300765, 1742386093.4320166, 1742386093.5340083, 1742386093.6360247, 1742386093.7379415, 1742386093.8397467, 1742386093.9417262, 1742386094.0436826, 1742386094.1457114, 1742386094.2476444, 1742386094.349597, 1742386094.4515781, 1742386094.553524, 1742386094.6563547, 1742386094.758276, 1742386094.860154, 1742386094.9620986, 1742386095.0647962, 1742386095.1667416, 1742386095.2687204, 1742386095.3706276, 1742386095.472602, 1742386095.5745897, 1742386095.676655, 1742386095.7786355, 1742386095.8806195, 1742386095.982572, 1742386096.085388, 1742386096.1880493, 1742386096.289995, 1742386096.3921258, 1742386096.494348, 1742386096.5975025, 1742386096.7006488, 1742386096.8029308, 1742386096.906026, 1742386097.009457, 1742386097.1121697, 1742386097.21495, 1742386097.3177087, 1742386097.4192302, 1742386097.5212276, 1742386097.6231465, 1742386097.7251003, 1742386097.827046, 1742386097.9290094, 1742386098.0309908, 1742386098.1329558, 1742386098.2349072, 1742386098.3368187, 1742386098.4387393, 1742386098.5407383, 1742386098.642623, 1742386098.7454813, 1742386098.8474233, 1742386098.9493868, 1742386099.0513356, 1742386099.1532927, 1742386099.2552755, 1742386099.3572307, 1742386099.4592168, 1742386099.561204, 1742386099.663151, 1742386099.7651198, 1742386099.8670807, 1742386099.9689958, 1742386100.07094, 1742386100.172904, 1742386100.2747772, 1742386100.376628, 1742386100.4786406, 1742386100.5806365, 1742386100.6825943, 1742386100.7845786, 1742386100.8865113, 1742386100.9884515, 1742386101.0903883, 1742386101.1923676, 1742386101.2942693, 1742386101.3962452, 1742386101.4982529, 1742386101.600238, 1742386101.7021568, 1742386101.8041294, 1742386101.9066281, 1742386102.0086548, 1742386102.1106706, 1742386102.2133422, 1742386102.3153248, 1742386102.4173844, 1742386102.5193563, 1742386102.6213496, 1742386102.7233212, 1742386102.8253126, 1742386102.9272788, 1742386103.029203, 1742386103.1311848, 1742386103.233175, 1742386103.3351066, 1742386103.4370093, 1742386103.5388494, 1742386103.6406112, 1742386103.7432091, 1742386103.8451679, 1742386103.9472294, 1742386104.0503237, 1742386104.153038, 1742386104.2553852, 1742386104.3577542, 1742386104.4606314, 1742386104.5633252, 1742386104.670039, 1742386104.7733452, 1742386104.8764696, 1742386104.978418, 1742386105.0804513, 1742386105.1823666, 1742386105.2844322, 1742386105.3868048, 1742386105.488838, 1742386105.5907621, 1742386105.692739, 1742386105.7946763, 1742386105.896729, 1742386105.9985998, 1742386106.1005816, 1742386106.202799, 1742386106.3047762, 1742386106.4066856, 1742386106.508634, 1742386106.6105635, 1742386106.7125378, 1742386106.814365, 1742386106.9162445, 1742386107.0181973, 1742386107.12021, 1742386107.2221704, 1742386107.3241897, 1742386107.4261453, 1742386107.5281327, 1742386107.6301148, 1742386107.7321043, 1742386107.8341095, 1742386107.9360926, 1742386108.0380738, 1742386108.1401348, 1742386108.2420979, 1742386108.344115, 1742386108.4461815, 1742386108.5481484, 1742386108.6501513, 1742386108.7521503, 1742386108.8540835, 1742386108.956054, 1742386109.058002, 1742386109.1600406, 1742386109.262041, 1742386109.3640122, 1742386109.4659374, 1742386109.567936, 1742386109.6698868, 1742386109.7718508, 1742386109.8737786, 1742386109.9757628, 1742386110.077606, 1742386110.179536, 1742386110.281513, 1742386110.3834295, 1742386110.4854102, 1742386110.5873773, 1742386110.6893265, 1742386110.7923849, 1742386110.8953516, 1742386110.9980588, 1742386111.1011431, 1742386111.2041743, 1742386111.3073404, 1742386111.4093297, 1742386111.511259, 1742386111.6132307, 1742386111.7151563, 1742386111.8171093, 1742386111.9190216, 1742386112.0209925, 1742386112.122921, 1742386112.224919, 1742386112.3268507, 1742386112.4298885, 1742386112.5318582, 1742386112.6338224, 1742386112.735732, 1742386112.8377256, 1742386112.939654, 1742386113.0418518, 1742386113.143798, 1742386113.2457795, 1742386113.34755, 1742386113.4495778, 1742386113.5518222, 1742386113.6537278, 1742386113.7560956, 1742386113.8580453, 1742386113.9601254, 1742386114.0621057, 1742386114.1641698, 1742386114.266234, 1742386114.3684435, 1742386114.4703803, 1742386114.5723743, 1742386114.6743052, 1742386114.7763126, 1742386114.8782763, 1742386114.9803894, 1742386115.0823896, 1742386115.1843581, 1742386115.2863653, 1742386115.3883793, 1742386115.4903135, 1742386115.5922837, 1742386115.694183, 1742386115.7961144, 1742386115.898023, 1742386115.9999533, 1742386116.1018386, 1742386116.2037995, 1742386116.3057666, 1742386116.4076958, 1742386116.5096586, 1742386116.6115031, 1742386116.7134614, 1742386116.8154137, 1742386116.9174805, 1742386117.0194023, 1742386117.1213558, 1742386117.2232726, 1742386117.3252666, 1742386117.4272394, 1742386117.529187, 1742386117.631692, 1742386117.7336533, 1742386117.8356142, 1742386117.937632, 1742386118.0396636, 1742386118.1417174, 1742386118.2447126, 1742386118.3476522, 1742386118.449663, 1742386118.552427, 1742386118.6553724, 1742386118.7583842, 1742386118.8615677, 1742386118.9646032, 1742386119.067326, 1742386119.170388, 1742386119.273443, 1742386119.3765512, 1742386119.479611, 1742386119.5826747, 1742386119.6847253, 1742386119.7866786, 1742386119.8886583, 1742386119.9906242, 1742386120.0937905, 1742386120.1957326, 1742386120.2982266, 1742386120.40017, 1742386120.5021358, 1742386120.6040802, 1742386120.706147, 1742386120.8080883, 1742386120.9100344, 1742386121.0120296, 1742386121.113985, 1742386121.2159238, 1742386121.3178184, 1742386121.419772, 1742386121.5217285, 1742386121.623677, 1742386121.7256577, 1742386121.827656, 1742386121.9296257, 1742386122.031559, 1742386122.133555, 1742386122.2354617, 1742386122.337755, 1742386122.439746, 1742386122.5417607, 1742386122.6439779, 1742386122.7459657, 1742386122.8485558, 1742386122.9505064, 1742386123.0523918, 1742386123.1543143, 1742386123.256364, 1742386123.3584404, 1742386123.460445, 1742386123.5623782, 1742386123.6643438, 1742386123.7662377, 1742386123.8681812, 1742386123.970094, 1742386124.0720322, 1742386124.1739602, 1742386124.2759683, 1742386124.3778844, 1742386124.4798574, 1742386124.58181, 1742386124.6839104, 1742386124.7858636, 1742386124.8878517, 1742386124.990085, 1742386125.0919774, 1742386125.1949654, 1742386125.296924, 1742386125.3989043, 1742386125.5009067, 1742386125.6028357, 1742386125.704848, 1742386125.806859, 1742386125.908823, 1742386126.010778, 1742386126.1139834, 1742386126.2172043, 1742386126.3200328, 1742386126.421891, 1742386126.5249815, 1742386126.6280856, 1742386126.7308435, 1742386126.8339562, 1742386126.9368587, 1742386127.0397284, 1742386127.1424727, 1742386127.245326, 1742386127.3480957, 1742386127.4509294, 1742386127.5538142, 1742386127.65668, 1742386127.7595322, 1742386127.862312, 1742386127.9651802, 1742386128.0679502, 1742386128.169867, 1742386128.271816, 1742386128.373941, 1742386128.4758747, 1742386128.577764, 1742386128.67969, 1742386128.7816412, 1742386128.8836195, 1742386128.9855917, 1742386129.0875704, 1742386129.1894917, 1742386129.291667, 1742386129.3936281, 1742386129.4956396, 1742386129.597463, 1742386129.699463, 1742386129.8014133, 1742386129.9034178, 1742386130.005382, 1742386130.107331, 1742386130.2092113, 1742386130.311221, 1742386130.4131618, 1742386130.515552, 1742386130.6175475, 1742386130.7194674, 1742386130.8224742, 1742386130.9245386, 1742386131.026532, 1742386131.128475, 1742386131.230371, 1742386131.3323119, 1742386131.4341943, 1742386131.5361538, 1742386131.6380782, 1742386131.740003, 1742386131.841921, 1742386131.944136, 1742386132.0460958, 1742386132.1481664, 1742386132.2501655, 1742386132.3521528, 1742386132.454164, 1742386132.556223, 1742386132.6581988, 1742386132.7603757, 1742386132.862156, 1742386132.9642403, 1742386133.066196, 1742386133.1681836, 1742386133.2703457, 1742386133.372303, 1742386133.474421, 1742386133.57644, 1742386133.6784203, 1742386133.7803702, 1742386133.8823376, 1742386133.9844568, 1742386134.0863256, 1742386134.1891277, 1742386134.2923243, 1742386134.3936892, 1742386134.4968712, 1742386134.6008391, 1742386134.703572, 1742386134.8063097, 1742386134.9095159, 1742386135.0114636, 1742386135.1134155, 1742386135.2153695, 1742386135.3173008, 1742386135.419248, 1742386135.5211976, 1742386135.6231625, 1742386135.725105, 1742386135.8270988, 1742386135.929066, 1742386136.0308638, 1742386136.1326716, 1742386136.2345243, 1742386136.3364615, 1742386136.4384155, 1742386136.5403914, 1742386136.642295, 1742386136.7442904, 1742386136.846238, 1742386136.948331, 1742386137.0502932, 1742386137.152262, 1742386137.25419, 1742386137.3561766, 1742386137.4581656, 1742386137.560108, 1742386137.6621528, 1742386137.7642024, 1742386137.8662274, 1742386137.9681826, 1742386138.0701373, 1742386138.172078, 1742386138.2741303, 1742386138.376113, 1742386138.4780152, 1742386138.579986, 1742386138.6819603, 1742386138.7838938, 1742386138.8858435, 1742386138.9877455, 1742386139.0896976, 1742386139.1917694, 1742386139.2937608, 1742386139.3956275, 1742386139.497614, 1742386139.5995686, 1742386139.7015052, 1742386139.8034372, 1742386139.9054246, 1742386140.0073595, 1742386140.1092627, 1742386140.211904, 1742386140.3138568, 1742386140.4157794, 1742386140.5178301, 1742386140.6197686, 1742386140.7217422, 1742386140.8237307, 1742386140.9256775, 1742386141.0275736, 1742386141.1308508, 1742386141.2327678, 1742386141.3347578, 1742386141.4367764, 1742386141.538643, 1742386141.640622, 1742386141.742581, 1742386141.844538, 1742386141.947208, 1742386142.0495923, 1742386142.1528416, 1742386142.2556846, 1742386142.3585122, 1742386142.4615657, 1742386142.5641987, 1742386142.6672268, 1742386142.7703333, 1742386142.8738132, 1742386142.9765909, 1742386143.0796692, 1742386143.1827884, 1742386143.2856896, 1742386143.3885672, 1742386143.4905038, 1742386143.5930674, 1742386143.694968, 1742386143.796968, 1742386143.8989224, 1742386144.0009446, 1742386144.102876, 1742386144.2048094, 1742386144.3067446, 1742386144.4087172, 1742386144.510633, 1742386144.6125686, 1742386144.71448, 1742386144.8164172, 1742386144.9183939, 1742386145.0203722, 1742386145.1222858, 1742386145.2243345, 1742386145.3263307, 1742386145.4283323, 1742386145.5303576, 1742386145.632346, 1742386145.734627, 1742386145.8365314, 1742386145.9391422, 1742386146.041051, 1742386146.1430032, 1742386146.2449698, 1742386146.347055, 1742386146.4490767, 1742386146.5509799, 1742386146.6529205, 1742386146.7548838, 1742386146.8568044, 1742386146.9587238, 1742386147.0607042, 1742386147.1626701, 1742386147.2645762, 1742386147.366498, 1742386147.4687302, 1742386147.5708613, 1742386147.6728022, 1742386147.7747812, 1742386147.8767512, 1742386147.9787335, 1742386148.0806913, 1742386148.1827085, 1742386148.2858562, 1742386148.3881319, 1742386148.4901118, 1742386148.5921266, 1742386148.6940668, 1742386148.7960575, 1742386148.8980255, 1742386149.000036, 1742386149.1017575, 1742386149.2037215, 1742386149.3052123, 1742386149.4082363, 1742386149.5107572, 1742386149.6123683, 1742386149.7153418, 1742386149.818346, 1742386149.921127, 1742386150.0241747, 1742386150.126917, 1742386150.230025, 1742386150.3318439, 1742386150.4344199, 1742386150.5370347, 1742386150.6392002, 1742386150.7411056, 1742386150.8429883, 1742386150.945014, 1742386151.0469873, 1742386151.1504154, 1742386151.2524242, 1742386151.3543239, 1742386151.4563053, 1742386151.5582278, 1742386151.6602123, 1742386151.7622101, 1742386151.8641715, 1742386151.9661431, 1742386152.0680711, 1742386152.1700928, 1742386152.2720737, 1742386152.373868, 1742386152.4758337, 1742386152.5777464, 1742386152.679762, 1742386152.7817156, 1742386152.8836405, 1742386152.985656, 1742386153.0876284, 1742386153.189617, 1742386153.2915604, 1742386153.393564, 1742386153.4967377, 1742386153.5987148, 1742386153.7006826, 1742386153.8026457, 1742386153.904706, 1742386154.006929, 1742386154.1089532, 1742386154.210842, 1742386154.3128238, 1742386154.4148269, 1742386154.516848, 1742386154.6188083, 1742386154.7208383, 1742386154.8227978, 1742386154.9247367, 1742386155.0266743, 1742386155.1286879, 1742386155.2306485, 1742386155.332652, 1742386155.4346058, 1742386155.5364354, 1742386155.6382756, 1742386155.7402616, 1742386155.843201, 1742386155.9452255, 1742386156.0471625, 1742386156.1491702, 1742386156.2511117, 1742386156.3531306, 1742386156.4551294, 1742386156.5571089, 1742386156.6590614, 1742386156.7610128, 1742386156.8629813, 1742386156.964928, 1742386157.0668936, 1742386157.1688414, 1742386157.2707632, 1742386157.3727102, 1742386157.4746268, 1742386157.5766008, 1742386157.678559, 1742386157.7804854, 1742386157.882386, 1742386157.9843986, 1742386158.0863504, 1742386158.1891592, 1742386158.291128, 1742386158.393057, 1742386158.4950094, 1742386158.5978591, 1742386158.699902, 1742386158.8027542, 1742386158.9055674, 1742386159.0083826, 1742386159.1111171, 1742386159.214003, 1742386159.315922, 1742386159.4176164, 1742386159.520689, 1742386159.6235569, 1742386159.7267125, 1742386159.8286572, 1742386159.931521, 1742386160.0346038, 1742386160.1376348, 1742386160.239772, 1742386160.3413322, 1742386160.4433384, 1742386160.5452719, 1742386160.6472144, 1742386160.7491705, 1742386160.8519542, 1742386160.9538894, 1742386161.055849, 1742386161.1577795, 1742386161.2596889, 1742386161.3616188, 1742386161.4636014, 1742386161.565774, 1742386161.6676927, 1742386161.7696137, 1742386161.8715045, 1742386161.9734592, 1742386162.0753179, 1742386162.1772375, 1742386162.2792048, 1742386162.3811235, 1742386162.4830496, 1742386162.5850356, 1742386162.6869855, 1742386162.7890387, 1742386162.8909411, 1742386162.9928381, 1742386163.094788, 1742386163.1968596, 1742386163.2992666, 1742386163.4012952, 1742386163.5032763, 1742386163.6052446, 1742386163.707196, 1742386163.8092039, 1742386163.911337, 1742386164.0132637, 1742386164.1152117, 1742386164.2171745, 1742386164.3191242, 1742386164.4211764, 1742386164.5230234, 1742386164.6249704, 1742386164.7270157, 1742386164.828997, 1742386164.930901, 1742386165.0328782, 1742386165.1348944, 1742386165.2368379, 1742386165.338818, 1742386165.440779, 1742386165.5433092, 1742386165.6453404, 1742386165.7472682, 1742386165.84921, 1742386165.951157, 1742386166.0531278, 1742386166.1551583, 1742386166.257113, 1742386166.3590546, 1742386166.4610431, 1742386166.562961, 1742386166.6649063, 1742386166.7669153, 1742386166.8688824, 1742386166.970847, 1742386167.0728192, 1742386167.17477, 1742386167.2767806, 1742386167.3787594, 1742386167.4807649, 1742386167.5826533, 1742386167.684638, 1742386167.7865694, 1742386167.8886044, 1742386167.9915528, 1742386168.0936134, 1742386168.195551, 1742386168.297295, 1742386168.4000785, 1742386168.5018992, 1742386168.6036208, 1742386168.7054992, 1742386168.8074055, 1742386168.9103882, 1742386169.0135772, 1742386169.1162236, 1742386169.2184145, 1742386169.3215964, 1742386169.4230878, 1742386169.525787, 1742386169.6287065, 1742386169.7425852, 1742386169.8456173, 1742386169.9481874, 1742386170.050259, 1742386170.1520233, 1742386170.2539682, 1742386170.3568857, 1742386170.4588215, 1742386170.560747, 1742386170.6627192, 1742386170.7646914, 1742386170.8666494, 1742386170.9685898, 1742386171.0705078, 1742386171.1724737, 1742386171.2743845, 1742386171.3764067, 1742386171.4783404, 1742386171.5802562, 1742386171.682233, 1742386171.7840245, 1742386171.8858194, 1742386171.9877727, 1742386172.0897074, 1742386172.1916978, 1742386172.293644, 1742386172.3955894, 1742386172.497566, 1742386172.5995111, 1742386172.7033339, 1742386172.805325, 1742386172.9072108, 1742386173.0096257, 1742386173.1122625, 1742386173.2142315, 1742386173.3162172, 1742386173.4181147, 1742386173.5200644, 1742386173.621995, 1742386173.7240365, 1742386173.8259838, 1742386173.9279404, 1742386174.0298784, 1742386174.1317942, 1742386174.2337966, 1742386174.3357673, 1742386174.437677, 1742386174.5396438, 1742386174.6416411, 1742386174.7435913, 1742386174.8455431, 1742386174.9475412, 1742386175.0508456, 1742386175.152769, 1742386175.2547786, 1742386175.3567448, 1742386175.4586961, 1742386175.5607252, 1742386175.6628451, 1742386175.7648003, 1742386175.8667045, 1742386175.9686563, 1742386176.0706313, 1742386176.1725898, 1742386176.274527, 1742386176.376528, 1742386176.4784288, 1742386176.580366, 1742386176.682296, 1742386176.7843192, 1742386176.8869562, 1742386176.9889216, 1742386177.0909538, 1742386177.1929312, 1742386177.2949455, 1742386177.397743, 1742386177.4997709, 1742386177.6017504, 1742386177.703699, 1742386177.8057098, 1742386177.9077027, 1742386178.0097866, 1742386178.1116984, 1742386178.2132092, 1742386178.3150184, 1742386178.418707, 1742386178.5217416, 1742386178.6247842, 1742386178.727529, 1742386178.8303201, 1742386178.932023, 1742386179.035092, 1742386179.1381662, 1742386179.239735, 1742386179.3426056, 1742386179.4457722, 1742386179.5488458, 1742386179.6507907, 1742386179.7527344, 1742386179.8547008, 1742386179.9566753, 1742386180.0586092, 1742386180.1615558, 1742386180.2635179, 1742386180.3655891, 1742386180.4675179, 1742386180.5694597, 1742386180.6714432, 1742386180.7733517, 1742386180.8753192, 1742386180.9772224, 1742386181.0791574, 1742386181.181119, 1742386181.283089, 1742386181.3850343, 1742386181.4877276, 1742386181.589568, 1742386181.6916344, 1742386181.7936947, 1742386181.8959115, 1742386181.9978898, 1742386182.0998528, 1742386182.2017965, 1742386182.303754, 1742386182.4057324, 1742386182.5076692, 1742386182.6098142, 1742386182.7118168, 1742386182.8138347, 1742386182.9158373, 1742386183.0177913, 1742386183.1198304, 1742386183.2217767, 1742386183.3237357, 1742386183.4257243, 1742386183.5276878, 1742386183.6297042, 1742386183.731657, 1742386183.8336854, 1742386183.9363816, 1742386184.0383992, 1742386184.1403682, 1742386184.2423658, 1742386184.3442917, 1742386184.446247, 1742386184.548192, 1742386184.6501453, 1742386184.7521083, 1742386184.8539476, 1742386184.9559605, 1742386185.057823, 1742386185.15985, 1742386185.261867, 1742386185.3638673, 1742386185.4658222, 1742386185.5678122, 1742386185.6697905, 1742386185.7717786, 1742386185.873719, 1742386185.9756565, 1742386186.077679, 1742386186.179634, 1742386186.2816327, 1742386186.383692, 1742386186.4867735, 1742386186.5897112, 1742386186.6926186, 1742386186.7957447, 1742386186.898619, 1742386187.000487, 1742386187.1036193, 1742386187.2066944, 1742386187.3096414, 1742386187.4125977, 1742386187.5144756, 1742386187.6165168, 1742386187.7184634, 1742386187.8203893, 1742386187.9222925, 1742386188.0246875, 1742386188.1265423, 1742386188.228531, 1742386188.330502, 1742386188.4324756, 1742386188.534373, 1742386188.6363173, 1742386188.7382565, 1742386188.840213, 1742386188.942109, 1742386189.04411, 1742386189.146015, 1742386189.2480001, 1742386189.3499703, 1742386189.4527633, 1742386189.5547323, 1742386189.6567302, 1742386189.758712, 1742386189.860727, 1742386189.9627254, 1742386190.0648453, 1742386190.1668127, 1742386190.2687805, 1742386190.3707573, 1742386190.472755, 1742386190.5747042, 1742386190.6766984, 1742386190.7786398, 1742386190.8806646, 1742386190.9826024, 1742386191.084571, 1742386191.1865277, 1742386191.2886972, 1742386191.390524, 1742386191.4925241, 1742386191.594503, 1742386191.697061, 1742386191.7990222, 1742386191.9010088, 1742386192.0029035, 1742386192.1048775, 1742386192.2068057, 1742386192.3088279, 1742386192.4107428, 1742386192.512704, 1742386192.614836, 1742386192.71678, 1742386192.81894, 1742386192.9209838, 1742386193.023381, 1742386193.125371, 1742386193.2272635, 1742386193.329268, 1742386193.4311557, 1742386193.5331278, 1742386193.6348114, 1742386193.736848, 1742386193.838803, 1742386193.9407368, 1742386194.042728, 1742386194.145678, 1742386194.2476149, 1742386194.3495424, 1742386194.4514654, 1742386194.5533295, 1742386194.6552367, 1742386194.757219, 1742386194.859132, 1742386194.961099, 1742386195.063038, 1742386195.165015, 1742386195.266964, 1742386195.3689055, 1742386195.4708793, 1742386195.573993, 1742386195.6769643, 1742386195.7797024, 1742386195.882501, 1742386195.985376, 1742386196.0871425, 1742386196.189062, 1742386196.2912815, 1742386196.3933222, 1742386196.4952688, 1742386196.5971909, 1742386196.699125, 1742386196.8010848, 1742386196.9030163, 1742386197.0050108, 1742386197.10774, 1742386197.2097776, 1742386197.3117242, 1742386197.4136581, 1742386197.515599, 1742386197.6175158, 1742386197.7194264, 1742386197.821231, 1742386197.923088, 1742386198.0263503, 1742386198.1283796, 1742386198.2302706, 1742386198.3322601, 1742386198.4341779, 1742386198.536105, 1742386198.6390824, 1742386198.742245, 1742386198.8441088, 1742386198.9470263, 1742386199.0503135, 1742386199.1534374, 1742386199.2568874, 1742386199.3598664, 1742386199.4628909, 1742386199.565814, 1742386199.6685529, 1742386199.7704709, 1742386199.8724127, 1742386199.9743195, 1742386200.0762885, 1742386200.1782022, 1742386200.2801418, 1742386200.382079, 1742386200.4840064, 1742386200.5859454, 1742386200.6879184, 1742386200.7898252, 1742386200.891702, 1742386200.9936192, 1742386201.0954645, 1742386201.197456, 1742386201.2994564, 1742386201.4014435, 1742386201.5034285, 1742386201.6054494, 1742386201.707431, 1742386201.809408, 1742386201.911363, 1742386202.0132906, 1742386202.1152902, 1742386202.2173023, 1742386202.3192775, 1742386202.4214127, 1742386202.5233362, 1742386202.6252673, 1742386202.727233, 1742386202.829248, 1742386202.931177, 1742386203.0331185, 1742386203.1356313, 1742386203.237586, 1742386203.3395123, 1742386203.4414728, 1742386203.5434313, 1742386203.6453834, 1742386203.7473311, 1742386203.8493724, 1742386203.9513214, 1742386204.0533335, 1742386204.1553984, 1742386204.2573829, 1742386204.3592298, 1742386204.4612093, 1742386204.5631511, 1742386204.6650712, 1742386204.7669945, 1742386204.868996, 1742386204.9715986, 1742386205.0740497, 1742386205.1754858, 1742386205.2783618, 1742386205.381541, 1742386205.484573, 1742386205.5878685, 1742386205.6907957, 1742386205.7927573, 1742386205.894627, 1742386205.996583, 1742386206.0985312, 1742386206.2004197, 1742386206.302356, 1742386206.404264, 1742386206.506191, 1742386206.60812, 1742386206.7100198, 1742386206.8119624, 1742386206.913869, 1742386207.01577, 1742386207.1176825, 1742386207.2196162, 1742386207.3215852, 1742386207.4234946, 1742386207.5253801, 1742386207.627223, 1742386207.7292142, 1742386207.8325882, 1742386207.9345803, 1742386208.0365138, 1742386208.1384504, 1742386208.2403657, 1742386208.3423223, 1742386208.4442823, 1742386208.5461988, 1742386208.6481435, 1742386208.7501175, 1742386208.8520918, 1742386208.9540262, 1742386209.0559797, 1742386209.1579194, 1742386209.2598715, 1742386209.3618345, 1742386209.4637702, 1742386209.5656972, 1742386209.6676812, 1742386209.7696323, 1742386209.8715549, 1742386209.97347, 1742386210.0754797, 1742386210.1782784, 1742386210.2802708, 1742386210.3821778, 1742386210.4841197, 1742386210.5860279, 1742386210.688043, 1742386210.790049, 1742386210.8919294, 1742386210.9938712, 1742386211.0957646, 1742386211.1977491, 1742386211.2996738, 1742386211.401639, 1742386211.5036006, 1742386211.6055372, 1742386211.7074344, 1742386211.8093686, 1742386211.9113212, 1742386212.0139015, 1742386212.1158955, 1742386212.2177944, 1742386212.319724, 1742386212.4225419, 1742386212.524502, 1742386212.6264734, 1742386212.7284148, 1742386212.8303688, 1742386212.9323406, 1742386213.0344913, 1742386213.1364646, 1742386213.2383957, 1742386213.3405292, 1742386213.44244, 1742386213.5445552, 1742386213.6465025, 1742386213.7484164, 1742386213.850401, 1742386213.95321, 1742386214.0560665, 1742386214.1588917, 1742386214.2609448, 1742386214.3628497, 1742386214.4648252, 1742386214.56681, 1742386214.6687284, 1742386214.7706378, 1742386214.872547, 1742386214.9745357, 1742386215.0765269, 1742386215.178449, 1742386215.2804244, 1742386215.383953, 1742386215.487016, 1742386215.5890877, 1742386215.692409, 1742386215.7954686, 1742386215.8982031, 1742386215.9999144, 1742386216.1014476, 1742386216.2030187, 1742386216.3055553, 1742386216.4074934, 1742386216.509437, 1742386216.6113915, 1742386216.7133203, 1742386216.8152761, 1742386216.917211, 1742386217.0200696, 1742386217.1220317, 1742386217.2239912, 1742386217.3257987, 1742386217.4277258, 1742386217.5297081, 1742386217.6316319, 1742386217.733563, 1742386217.8356538, 1742386217.9376583, 1742386218.0396073, 1742386218.1415775, 1742386218.2432637, 1742386218.3452225, 1742386218.4471939, 1742386218.5491867, 1742386218.6511178, 1742386218.7531044, 1742386218.8551013, 1742386218.9571197, 1742386219.0590584, 1742386219.1612377, 1742386219.2632258, 1742386219.365181, 1742386219.4671278, 1742386219.5690722, 1742386219.6711562, 1742386219.773132, 1742386219.8750427, 1742386219.9769998, 1742386220.0790114, 1742386220.1807008, 1742386220.2826738, 1742386220.3846827, 1742386220.4866142, 1742386220.5885098, 1742386220.690464, 1742386220.79246, 1742386220.8944914, 1742386220.9964511, 1742386221.098366, 1742386221.200326, 1742386221.3023458, 1742386221.40462, 1742386221.506627, 1742386221.6086302, 1742386221.7105563, 1742386221.812553, 1742386221.9144752, 1742386222.0164266, 1742386222.118589, 1742386222.220531, 1742386222.3225372, 1742386222.424496, 1742386222.5264115, 1742386222.6283643, 1742386222.7303345, 1742386222.832162, 1742386222.9341753, 1742386223.036099, 1742386223.138035, 1742386223.2400305, 1742386223.3422694, 1742386223.4442556, 1742386223.546286, 1742386223.6492894, 1742386223.752354, 1742386223.8540397, 1742386223.956848, 1742386224.0590158, 1742386224.1622357, 1742386224.2651231, 1742386224.3779714, 1742386224.4814606, 1742386224.5843642, 1742386224.686227, 1742386224.7880607, 1742386224.8899784, 1742386224.991904, 1742386225.0938544, 1742386225.195801, 1742386225.2977843, 1742386225.3997684, 1742386225.5017211, 1742386225.6036294, 1742386225.7057424, 1742386225.8076746, 1742386225.910268, 1742386226.0122418, 1742386226.1141677, 1742386226.2161222, 1742386226.3180075, 1742386226.4199858, 1742386226.5218768, 1742386226.6238656, 1742386226.7257762, 1742386226.8277657, 1742386226.9296756, 1742386227.031464, 1742386227.1332347, 1742386227.2351828, 1742386227.337118, 1742386227.439026, 1742386227.5410278, 1742386227.6431708, 1742386227.7457702, 1742386227.8477185, 1742386227.9496667, 1742386228.051981, 1742386228.1539216, 1742386228.2559319, 1742386228.3579657, 1742386228.4599464, 1742386228.561867, 1742386228.663808, 1742386228.7657979, 1742386228.8677237, 1742386228.9696996, 1742386229.071594, 1742386229.1735435, 1742386229.2754345, 1742386229.377373, 1742386229.4792783, 1742386229.581227, 1742386229.6831796, 1742386229.7851412, 1742386229.887692, 1742386229.9901502, 1742386230.092108, 1742386230.1938367, 1742386230.2956674, 1742386230.3974893, 1742386230.49944, 1742386230.6013587, 1742386230.7033799, 1742386230.805344, 1742386230.9072685, 1742386231.0092373, 1742386231.111203, 1742386231.2131512, 1742386231.315545, 1742386231.4185429, 1742386231.5207407, 1742386231.6232853, 1742386231.7262037, 1742386231.8291986, 1742386231.931872, 1742386232.03385, 1742386232.136853, 1742386232.2397788, 1742386232.3428752, 1742386232.445598, 1742386232.548504, 1742386232.6512525, 1742386232.753984, 1742386232.8567944, 1742386232.9595726, 1742386233.061472, 1742386233.1633618, 1742386233.2653055, 1742386233.3673377, 1742386233.4695294, 1742386233.5714679, 1742386233.6734326, 1742386233.7760794, 1742386233.8779392, 1742386233.9799397, 1742386234.0818903, 1742386234.1837595, 1742386234.2860074, 1742386234.387889, 1742386234.4898183, 1742386234.591766, 1742386234.6936724, 1742386234.7956264, 1742386234.8976066, 1742386234.9995377, 1742386235.1015246, 1742386235.2035007, 1742386235.3058634, 1742386235.4077792, 1742386235.5098133, 1742386235.611766, 1742386235.7137523, 1742386235.816714, 1742386235.9187722, 1742386236.0207636, 1742386236.1227355, 1742386236.2247179, 1742386236.3267035, 1742386236.4287298, 1742386236.5306308, 1742386236.6325657, 1742386236.7344732, 1742386236.836016, 1742386236.9379869, 1742386237.0399923, 1742386237.1419456, 1742386237.2439904, 1742386237.3459806, 1742386237.4479325, 1742386237.5499172, 1742386237.6523538, 1742386237.754318, 1742386237.8562355, 1742386237.9581656, 1742386238.0608087, 1742386238.1628697, 1742386238.264872, 1742386238.3667703, 1742386238.4687183, 1742386238.5706584, 1742386238.672676, 1742386238.7746296, 1742386238.8765664, 1742386238.9787629, 1742386239.0806909, 1742386239.1827588, 1742386239.2847042, 1742386239.3866582, 1742386239.488647, 1742386239.5906196, 1742386239.6925423, 1742386239.7945461, 1742386239.8964815, 1742386239.998199, 1742386240.0999515, 1742386240.2018847, 1742386240.3038146, 1742386240.4057426, 1742386240.507774, 1742386240.6096814, 1742386240.7116523, 1742386240.8130462, 1742386240.9158907, 1742386241.0183945, 1742386241.1200283, 1742386241.221934, 1742386241.3238559, 1742386241.425839, 1742386241.5277555, 1742386241.6297185, 1742386241.7316787, 1742386241.8336554, 1742386241.9356046, 1742386242.0375748, 1742386242.1395433, 1742386242.2414858, 1742386242.3436775, 1742386242.4456124, 1742386242.549402, 1742386242.6514084, 1742386242.7534359, 1742386242.8554413, 1742386242.957418, 1742386243.059371, 1742386243.1613302, 1742386243.263256, 1742386243.3647826, 1742386243.4676518, 1742386243.5697737, 1742386243.6718094, 1742386243.7737436, 1742386243.8757005, 1742386243.9777374, 1742386244.0796342, 1742386244.1815143, 1742386244.2834806, 1742386244.3854873, 1742386244.4874706, 1742386244.589525, 1742386244.6915166, 1742386244.793464, 1742386244.895429, 1742386244.99735, 1742386245.0993125, 1742386245.2012687, 1742386245.3032155, 1742386245.4052153, 1742386245.5072205, 1742386245.6092215, 1742386245.7111418, 1742386245.8131385, 1742386245.915038, 1742386246.0169747, 1742386246.1190145, 1742386246.221047, 1742386246.323008, 1742386246.4250858, 1742386246.526964, 1742386246.6287975, 1742386246.7307487, 1742386246.8326647, 1742386246.9346056, 1742386247.0365746, 1742386247.1385121, 1742386247.240486, 1742386247.3425622, 1742386247.44465, 1742386247.5465968, 1742386247.6485493, 1742386247.7504456, 1742386247.8524272, 1742386247.954333, 1742386248.0562606, 1742386248.1582031, 1742386248.2610047, 1742386248.363995, 1742386248.4663937, 1742386248.569548, 1742386248.672493, 1742386248.7756386, 1742386248.878592, 1742386248.981319, 1742386249.0828052, 1742386249.1852696, 1742386249.2962165, 1742386249.3992906, 1742386249.5025368, 1742386249.6050453, 1742386249.7066045, 1742386249.8080962, 1742386249.9096112, 1742386250.0115387, 1742386250.1135128, 1742386250.21583, 1742386250.3178134, 1742386250.4196851, 1742386250.5216222, 1742386250.6235173, 1742386250.7254593, 1742386250.827445, 1742386250.929346, 1742386251.031255, 1742386251.1331654, 1742386251.2352962, 1742386251.3372378, 1742386251.4391654, 1742386251.5411131, 1742386251.6429985, 1742386251.7449691, 1742386251.846921, 1742386251.9489007, 1742386252.0508406, 1742386252.152792, 1742386252.2547293, 1742386252.356671, 1742386252.4586227, 1742386252.5609806, 1742386252.6629236, 1742386252.7648673, 1742386252.8668005, 1742386252.9688053, 1742386253.0717962, 1742386253.1737225, 1742386253.2756286, 1742386253.3776176, 1742386253.4795632, 1742386253.5815828, 1742386253.6835349, 1742386253.7854679, 1742386253.8874884, 1742386253.9894176, 1742386254.0913296, 1742386254.1932497, 1742386254.2951767, 1742386254.3971205, 1742386254.499007, 1742386254.6009336, 1742386254.70286, 1742386254.8048055, 1742386254.9064906, 1742386255.0084462, 1742386255.110501, 1742386255.212431, 1742386255.3144302, 1742386255.4172134, 1742386255.5191598, 1742386255.6210427, 1742386255.7229528, 1742386255.8248556, 1742386255.926842, 1742386256.028786, 1742386256.1306655, 1742386256.232598, 1742386256.3344288, 1742386256.4364405, 1742386256.5383964, 1742386256.6403446, 1742386256.7421956, 1742386256.8437784, 1742386256.9457216, 1742386257.0480108, 1742386257.149915, 1742386257.252164, 1742386257.354075, 1742386257.4560928, 1742386257.5588791, 1742386257.6608634, 1742386257.762793, 1742386257.86462, 1742386257.9675858, 1742386258.070441, 1742386258.1732502, 1742386258.2760057, 1742386258.3793447, 1742386258.4824033, 1742386258.585644, 1742386258.6885095, 1742386258.7916086, 1742386258.8951252, 1742386258.9978755, 1742386259.100773, 1742386259.2035387, 1742386259.3056014, 1742386259.407584, 1742386259.5095248, 1742386259.6113605, 1742386259.713306, 1742386259.815274, 1742386259.9172223, 1742386260.0195968, 1742386260.1215494, 1742386260.2235491, 1742386260.325533, 1742386260.4274132, 1742386260.529398, 1742386260.6313233, 1742386260.733275, 1742386260.835261, 1742386260.9372108, 1742386261.0391045, 1742386261.1411347, 1742386261.2431133, 1742386261.3451157, 1742386261.4470508, 1742386261.5490167, 1742386261.6509986, 1742386261.7530227, 1742386261.8549724, 1742386261.957009, 1742386262.0590687, 1742386262.1610448, 1742386262.2630715, 1742386262.3650517, 1742386262.46699, 1742386262.5689607, 1742386262.6709511, 1742386262.7729137, 1742386262.874777, 1742386262.9768176, 1742386263.0788207, 1742386263.1807394, 1742386263.2826807, 1742386263.3846648, 1742386263.4866216, 1742386263.588636, 1742386263.690806, 1742386263.7927196, 1742386263.8953905, 1742386263.997338, 1742386264.099362, 1742386264.201498, 1742386264.303444, 1742386264.405378, 1742386264.5073526, 1742386264.6092825, 1742386264.7114573, 1742386264.8131924, 1742386264.9151561, 1742386265.017094, 1742386265.1191652, 1742386265.2211618, 1742386265.3231263, 1742386265.4251313, 1742386265.5270984, 1742386265.6290998, 1742386265.7311203, 1742386265.8330078, 1742386265.9349525, 1742386266.0368626, 1742386266.138705, 1742386266.2405846, 1742386266.343706, 1742386266.4466836, 1742386266.5496638, 1742386266.6542253, 1742386266.7572424, 1742386266.8602493, 1742386266.9630818, 1742386267.065881, 1742386267.1678271, 1742386267.2697027, 1742386267.3716059, 1742386267.4742525, 1742386267.5762382, 1742386267.6781912, 1742386267.7801344, 1742386267.8820696, 1742386267.9840598, 1742386268.085957, 1742386268.1879365, 1742386268.2898498, 1742386268.3917463, 1742386268.4936855, 1742386268.595606, 1742386268.6976652, 1742386268.79961, 1742386268.901545, 1742386269.0035193, 1742386269.1054704, 1742386269.2074304, 1742386269.3092823, 1742386269.411195, 1742386269.5131857, 1742386269.6151197, 1742386269.717115, 1742386269.819041, 1742386269.9209514, 1742386270.0229056, 1742386270.1248138, 1742386270.2267723, 1742386270.3287303, 1742386270.430751, 1742386270.5327175, 1742386270.6346266, 1742386270.736582, 1742386270.838499, 1742386270.94102, 1742386271.0429335, 1742386271.1448698, 1742386271.2467666, 1742386271.3487196, 1742386271.4506924, 1742386271.552594, 1742386271.6545925, 1742386271.756578, 1742386271.858506, 1742386271.9604967, 1742386272.062399, 1742386272.1644523, 1742386272.2664077, 1742386272.3683352, 1742386272.4702952, 1742386272.5721438, 1742386272.6740742, 1742386272.7761102, 1742386272.8780298, 1742386272.9799693, 1742386273.0819762, 1742386273.1845717, 1742386273.286532, 1742386273.3885286, 1742386273.4904532, 1742386273.5924578, 1742386273.6943967, 1742386273.7963102, 1742386273.8984156, 1742386274.0003796, 1742386274.1023202, 1742386274.204295, 1742386274.306277, 1742386274.4083266, 1742386274.5102575, 1742386274.612211, 1742386274.7142456, 1742386274.8167224, 1742386274.9185154, 1742386275.0214264, 1742386275.124477, 1742386275.2288043, 1742386275.3317497, 1742386275.4344976, 1742386275.5376146, 1742386275.639192, 1742386275.7411284, 1742386275.842642, 1742386275.9445558, 1742386276.0464873, 1742386276.1484292, 1742386276.2503355, 1742386276.3523295, 1742386276.4542828, 1742386276.5562456, 1742386276.6581936, 1742386276.760194, 1742386276.8618908, 1742386276.9638267, 1742386277.0657694, 1742386277.1677337, 1742386277.2696774, 1742386277.3726418, 1742386277.474578, 1742386277.5765684, 1742386277.6785, 1742386277.7805095, 1742386277.8825014, 1742386277.9844303, 1742386278.0863364, 1742386278.1882877, 1742386278.2902164, 1742386278.3921542, 1742386278.4941087, 1742386278.5960484, 1742386278.6980147, 1742386278.7999866, 1742386278.9019022, 1742386279.003832, 1742386279.105642, 1742386279.2073717, 1742386279.3093355, 1742386279.411332, 1742386279.5133147, 1742386279.615379, 1742386279.717259, 1742386279.8192663, 1742386279.9212184, 1742386280.0231304, 1742386280.125083, 1742386280.2270713, 1742386280.3290412, 1742386280.4309797, 1742386280.5330527, 1742386280.6350014, 1742386280.7370095, 1742386280.8389432, 1742386280.9409175, 1742386281.042864, 1742386281.1448572, 1742386281.2468016, 1742386281.3487968, 1742386281.4508128, 1742386281.552532, 1742386281.6545188, 1742386281.756482, 1742386281.8584185, 1742386281.9605253, 1742386282.0629964, 1742386282.165031, 1742386282.2669635, 1742386282.3687878, 1742386282.470616, 1742386282.5727108, 1742386282.6746595, 1742386282.7765982, 1742386282.8785672, 1742386282.9804704, 1742386283.0823941, 1742386283.1843433, 1742386283.2862573, 1742386283.3882668, 1742386283.4901493, 1742386283.592104, 1742386283.6942968, 1742386283.797317, 1742386283.900197, 1742386284.001992, 1742386284.1037521, 1742386284.2067838, 1742386284.309778, 1742386284.412459, 1742386284.5155234, 1742386284.6183398, 1742386284.7202775, 1742386284.8229454, 1742386284.9264104, 1742386285.0293124, 1742386285.1324384, 1742386285.2344115, 1742386285.3364403, 1742386285.4383712, 1742386285.5402017, 1742386285.6421394, 1742386285.7440732, 1742386285.8461344, 1742386285.948074, 1742386286.0500567, 1742386286.1520245, 1742386286.254201, 1742386286.3561928, 1742386286.458129, 1742386286.5600708, 1742386286.662001, 1742386286.763965, 1742386286.865882, 1742386286.967882, 1742386287.0698123, 1742386287.1717918, 1742386287.273752, 1742386287.375763, 1742386287.4776583, 1742386287.579654, 1742386287.6815848, 1742386287.7835467, 1742386287.8870757, 1742386287.9890532, 1742386288.091014, 1742386288.1930373, 1742386288.2952895, 1742386288.3972523, 1742386288.4992676, 1742386288.6012566, 1742386288.7032118, 1742386288.805185, 1742386288.9070735, 1742386289.009231, 1742386289.1111693, 1742386289.2131028, 1742386289.3150914, 1742386289.4170418, 1742386289.518979, 1742386289.621001, 1742386289.7229657, 1742386289.8249283, 1742386289.9269655, 1742386290.0289075, 1742386290.1308472, 1742386290.2327716, 1742386290.3346872, 1742386290.4366384, 1742386290.5385902, 1742386290.6405773, 1742386290.7425697, 1742386290.8445463, 1742386290.9465346, 1742386291.0485303, 1742386291.1504488, 1742386291.252538, 1742386291.3544917, 1742386291.4564357, 1742386291.558434, 1742386291.6603832, 1742386291.7623353, 1742386291.8643732, 1742386291.9663646, 1742386292.0682, 1742386292.1700711, 1742386292.2719219, 1742386292.374939, 1742386292.4781432, 1742386292.5800366, 1742386292.6825247, 1742386292.7856922, 1742386292.8876119, 1742386292.9904032, 1742386293.093309, 1742386293.1948154, 1742386293.2967715, 1742386293.3986862, 1742386293.5007136, 1742386293.6026437, 1742386293.7046201, 1742386293.8065422, 1742386293.908484, 1742386294.0104074, 1742386294.1124108, 1742386294.2143543, 1742386294.3162394, 1742386294.4181678, 1742386294.5201652, 1742386294.6221056, 1742386294.7240367, 1742386294.825968, 1742386294.927906, 1742386295.0298493, 1742386295.131733, 1742386295.2336686, 1742386295.3355289, 1742386295.4374824, 1742386295.5394475, 1742386295.641382, 1742386295.7433336, 1742386295.845244, 1742386295.947188, 1742386296.0491235, 1742386296.1511452, 1742386296.2530122, 1742386296.3549354, 1742386296.45687, 1742386296.5589452, 1742386296.6609826, 1742386296.7632976, 1742386296.8652408, 1742386296.9672313, 1742386297.0691228, 1742386297.1710608, 1742386297.2730014, 1742386297.3753865, 1742386297.4771075, 1742386297.5794365, 1742386297.6818619, 1742386297.7843113, 1742386297.8873072, 1742386297.9903932, 1742386298.0934212, 1742386298.1946304, 1742386298.2969751, 1742386298.40044, 1742386298.5034397, 1742386298.6064944, 1742386298.7093327, 1742386298.8108966, 1742386298.9129646, 1742386299.0149088, 1742386299.1168373, 1742386299.2188113, 1742386299.3207393, 1742386299.4226613, 1742386299.5246537, 1742386299.6265786, 1742386299.72827, 1742386299.8301892, 1742386299.9323354, 1742386300.0342813, 1742386300.1362526, 1742386300.2391589, 1742386300.3411052, 1742386300.4429889, 1742386300.544937, 1742386300.647437, 1742386300.7493558, 1742386300.8512924, 1742386300.9532642, 1742386301.0551841, 1742386301.1570957, 1742386301.2590764, 1742386301.361039, 1742386301.462964, 1742386301.5649831, 1742386301.666923, 1742386301.7690017, 1742386301.8708413, 1742386301.9727724, 1742386302.0749006, 1742386302.1768556, 1742386302.2787857, 1742386302.3807569, 1742386302.4827776, 1742386302.5848136, 1742386302.6867323, 1742386302.7886658, 1742386302.8905761, 1742386302.9924943, 1742386303.0944965, 1742386303.1964133, 1742386303.298322, 1742386303.4002447, 1742386303.5021856, 1742386303.6042128, 1742386303.7061236, 1742386303.8081045, 1742386303.9101272, 1742386304.012042, 1742386304.11392, 1742386304.2158504, 1742386304.3178039, 1742386304.4207728, 1742386304.522724, 1742386304.624646, 1742386304.7266204, 1742386304.8285656, 1742386304.930572, 1742386305.0322118, 1742386305.134114, 1742386305.2360644, 1742386305.3379884, 1742386305.4400334, 1742386305.5419624, 1742386305.6439154, 1742386305.7458737, 1742386305.847833, 1742386305.949788, 1742386306.0517416, 1742386306.1537638, 1742386306.2561526, 1742386306.3581274, 1742386306.4600854, 1742386306.5620158, 1742386306.6639156, 1742386306.7659209, 1742386306.8690982, 1742386306.9720068, 1742386307.074787, 1742386307.1776688, 1742386307.2798753, 1742386307.3818104, 1742386307.4837184, 1742386307.585793, 1742386307.6877432, 1742386307.789679, 1742386307.891683, 1742386307.9936514, 1742386308.0956383, 1742386308.197969, 1742386308.2999034, 1742386308.4023798, 1742386308.5045185, 1742386308.607335, 1742386308.7106144, 1742386308.8134518, 1742386308.9165926, 1742386309.0183012, 1742386309.1207407, 1742386309.2226565, 1742386309.3254967, 1742386309.4284718, 1742386309.5315044, 1742386309.6343315, 1742386309.7370157, 1742386309.8392072, 1742386309.9411614, 1742386310.0431194, 1742386310.1458135, 1742386310.2476976, 1742386310.3508923, 1742386310.452866, 1742386310.5552602, 1742386310.6572008, 1742386310.7591813, 1742386310.8611403, 1742386310.9631975, 1742386311.06515, 1742386311.1672091, 1742386311.2691584, 1742386311.371111, 1742386311.473105, 1742386311.5749264, 1742386311.6769102, 1742386311.7788353, 1742386311.8807988, 1742386311.9827728, 1742386312.084837, 1742386312.1868181, 1742386312.2887797, 1742386312.390788, 1742386312.4927285, 1742386312.5946813, 1742386312.696651, 1742386312.7985945, 1742386312.9005122, 1742386313.0024936, 1742386313.1045148, 1742386313.2070515, 1742386313.3090239, 1742386313.4109426, 1742386313.512913, 1742386313.6148474, 1742386313.7167106, 1742386313.8186102, 1742386313.921283, 1742386314.0232582, 1742386314.1252694, 1742386314.2272727, 1742386314.3293426, 1742386314.4312887, 1742386314.533292, 1742386314.6352065, 1742386314.7372184, 1742386314.838698, 1742386314.9407115, 1742386315.042649, 1742386315.1446533, 1742386315.2466044, 1742386315.3486423, 1742386315.4505851, 1742386315.5526116, 1742386315.6545343, 1742386315.7565398, 1742386315.8584569, 1742386315.9604416, 1742386316.0624135, 1742386316.1644437, 1742386316.2664382, 1742386316.370262, 1742386316.472063, 1742386316.5743506, 1742386316.6770065, 1742386316.7801032, 1742386316.8829377, 1742386316.9851322, 1742386317.0880668, 1742386317.1899533, 1742386317.292854, 1742386317.3955874, 1742386317.4984946, 1742386317.6016152, 1742386317.7044435, 1742386317.8063636, 1742386317.9083018, 1742386318.0102036, 1742386318.1119921, 1742386318.21396, 1742386318.315907, 1742386318.4195836, 1742386318.5215075, 1742386318.6235392, 1742386318.725407, 1742386318.8273385, 1742386318.9301915, 1742386319.0321736, 1742386319.1340928, 1742386319.2360337, 1742386319.3379288, 1742386319.4398978, 1742386319.5418732, 1742386319.6438305, 1742386319.7458093, 1742386319.8477097, 1742386319.9497411, 1742386320.0518088, 1742386320.1537483, 1742386320.2557092, 1742386320.3576171, 1742386320.45964, 1742386320.5615788, 1742386320.6635835, 1742386320.76555, 1742386320.8675115, 1742386320.9695234, 1742386321.0714767, 1742386321.1734338, 1742386321.275306, 1742386321.377059, 1742386321.4790087, 1742386321.5809805, 1742386321.6835907, 1742386321.7855964, 1742386321.887542, 1742386321.9895427, 1742386322.0914412, 1742386322.1933296, 1742386322.2954316, 1742386322.39735, 1742386322.4993293, 1742386322.6012857, 1742386322.7032402, 1742386322.8051653, 1742386322.9070704, 1742386323.0089674, 1742386323.1109447, 1742386323.2129006, 1742386323.3148634, 1742386323.4167845, 1742386323.5186977, 1742386323.62292, 1742386323.7248905, 1742386323.8267806, 1742386323.9287236, 1742386324.0307364, 1742386324.1341867, 1742386324.2361379, 1742386324.3380501, 1742386324.4400105, 1742386324.5417738, 1742386324.6436408, 1742386324.7455988, 1742386324.8475323, 1742386324.9494786, 1742386325.051346, 1742386325.1532953, 1742386325.2552447, 1742386325.357228, 1742386325.4595594, 1742386325.5614893, 1742386325.6634326, 1742386325.7656415, 1742386325.8685544, 1742386325.9715464, 1742386326.074646, 1742386326.1765664, 1742386326.2785008, 1742386326.3804698, 1742386326.4824235, 1742386326.5843647, 1742386326.6863122, 1742386326.78829, 1742386326.8902626, 1742386326.9938793, 1742386327.0959845, 1742386327.1979291, 1742386327.299816, 1742386327.4017503, 1742386327.5037525, 1742386327.6056893, 1742386327.7076657, 1742386327.8096359, 1742386327.9114418, 1742386328.0133994, 1742386328.1152887, 1742386328.217283, 1742386328.3194604, 1742386328.4213803, 1742386328.523328, 1742386328.6252773, 1742386328.7272975, 1742386328.8291566, 1742386328.9311152, 1742386329.0330396, 1742386329.1350048, 1742386329.2369056, 1742386329.3389068, 1742386329.440859, 1742386329.5428104, 1742386329.6450357, 1742386329.7469838, 1742386329.8489542, 1742386329.950901, 1742386330.0531812, 1742386330.1561222, 1742386330.2588215, 1742386330.362073, 1742386330.464948, 1742386330.566591, 1742386330.6695929, 1742386330.7719753, 1742386330.8749325, 1742386330.9766572, 1742386331.079693, 1742386331.181645, 1742386331.2846258, 1742386331.3873985, 1742386331.490361, 1742386331.5922697, 1742386331.694195, 1742386331.7982414, 1742386331.9002204, 1742386332.0021226, 1742386332.1040914, 1742386332.2059827, 1742386332.3080049, 1742386332.4099517, 1742386332.511839, 1742386332.613789, 1742386332.7157302, 1742386332.8178353, 1742386332.9197717, 1742386333.0216496, 1742386333.1235766, 1742386333.2254913, 1742386333.3274665, 1742386333.4293602, 1742386333.5313065, 1742386333.6332734, 1742386333.7352273, 1742386333.8371902, 1742386333.939202, 1742386334.0411665, 1742386334.1431193, 1742386334.2450168, 1742386334.3469453, 1742386334.4489064, 1742386334.550941, 1742386334.6536489, 1742386334.7556133, 1742386334.8575356, 1742386334.959469, 1742386335.06145, 1742386335.1634927, 1742386335.2654462, 1742386335.3674626, 1742386335.469465, 1742386335.571504, 1742386335.6735137, 1742386335.7754748, 1742386335.877425, 1742386335.9793644, 1742386336.0813088, 1742386336.1832523, 1742386336.2851818, 1742386336.3871126, 1742386336.4904418, 1742386336.592347, 1742386336.694341, 1742386336.7963119, 1742386336.8983345, 1742386337.0024822, 1742386337.104453, 1742386337.2063699, 1742386337.3083184, 1742386337.4102647, 1742386337.5122788, 1742386337.613843, 1742386337.7158191, 1742386337.8177276, 1742386337.919609, 1742386338.0216286, 1742386338.1235766, 1742386338.2255132, 1742386338.327459, 1742386338.4293323, 1742386338.5312977, 1742386338.6332717, 1742386338.735261, 1742386338.8372467, 1742386338.939213, 1742386339.0411992, 1742386339.1431737, 1742386339.2452345, 1742386339.3481178, 1742386339.4501052, 1742386339.5520473, 1742386339.6537256, 1742386339.7568228, 1742386339.8588195, 1742386339.960828, 1742386340.0628157, 1742386340.164782, 1742386340.2667584, 1742386340.3687015, 1742386340.4706233, 1742386340.572618, 1742386340.6745481, 1742386340.7763987, 1742386340.878974, 1742386340.9821527, 1742386341.0844631, 1742386341.1864858, 1742386341.2884889, 1742386341.3904257, 1742386341.4929392, 1742386341.5951233, 1742386341.6979303, 1742386341.79992, 1742386341.9020333, 1742386342.0039835, 1742386342.106343, 1742386342.208306, 1742386342.3105862, 1742386342.4125607, 1742386342.5147974, 1742386342.61718, 1742386342.7193763, 1742386342.8218637, 1742386342.9238548, 1742386343.0264888, 1742386343.1294956, 1742386343.232739, 1742386343.3356016, 1742386343.4385297, 1742386343.5406632, 1742386343.642059, 1742386343.7445369, 1742386343.8474379, 1742386343.950597, 1742386344.0533557, 1742386344.1561456, 1742386344.2580752, 1742386344.3600745, 1742386344.4620636, 1742386344.5639458, 1742386344.665873, 1742386344.767768, 1742386344.8708272, 1742386344.9727628, 1742386345.0747957, 1742386345.1767685, 1742386345.2788837, 1742386345.3808067, 1742386345.482817, 1742386345.5847514, 1742386345.6866481, 1742386345.7885919, 1742386345.890463, 1742386345.9924107, 1742386346.0943003, 1742386346.1962578, 1742386346.2981813, 1742386346.400114, 1742386346.5020385, 1742386346.6039639, 1742386346.7059453, 1742386346.808105, 1742386346.9105003, 1742386347.0124965, 1742386347.114441, 1742386347.2170343, 1742386347.3189116, 1742386347.4208233, 1742386347.5228179, 1742386347.624743, 1742386347.7266908, 1742386347.8286147, 1742386347.9305313, 1742386348.03241, 1742386348.1343749, 1742386348.2363987, 1742386348.338378, 1742386348.4402962, 1742386348.5422454, 1742386348.6441815, 1742386348.7461066, 1742386348.8480852, 1742386348.9500446, 1742386349.0519667, 1742386349.1552784, 1742386349.2572002, 1742386349.3591754, 1742386349.4611645, 1742386349.5630734, 1742386349.6650944, 1742386349.7670574, 1742386349.869014, 1742386349.97099, 1742386350.0730069, 1742386350.1749444, 1742386350.2769077, 1742386350.3788886, 1742386350.4808674, 1742386350.5827558, 1742386350.6854622, 1742386350.787818, 1742386350.8908584, 1742386350.9939804, 1742386351.0969455, 1742386351.202418, 1742386351.3055391, 1742386351.4089603, 1742386351.5118823, 1742386351.6137633, 1742386351.715692, 1742386351.8176384, 1742386351.9195318, 1742386352.0214922, 1742386352.1234174, 1742386352.225355, 1742386352.3272817, 1742386352.4291866, 1742386352.531151, 1742386352.6330624, 1742386352.7350426, 1742386352.8369844, 1742386352.9389222, 1742386353.0415034, 1742386353.143396, 1742386353.2453074, 1742386353.3472688, 1742386353.449633, 1742386353.5516324, 1742386353.6536162, 1742386353.755514, 1742386353.8573403, 1742386353.9592154, 1742386354.0612788, 1742386354.163241, 1742386354.2651622, 1742386354.3671043, 1742386354.4690773, 1742386354.5709941, 1742386354.6729617, 1742386354.7748997, 1742386354.87717, 1742386354.9790468, 1742386355.0810196, 1742386355.18296, 1742386355.2849321, 1742386355.387736, 1742386355.4896922, 1742386355.5915706, 1742386355.6935058, 1742386355.7953746, 1742386355.897344, 1742386355.99927, 1742386356.1011846, 1742386356.2030768, 1742386356.3049107, 1742386356.4068615, 1742386356.5087602, 1742386356.6107326, 1742386356.7126706, 1742386356.8145795, 1742386356.9165564, 1742386357.0184543, 1742386357.120354, 1742386357.2229006, 1742386357.3249009, 1742386357.4268124, 1742386357.5286925, 1742386357.6310194, 1742386357.733092, 1742386357.8349953, 1742386357.9369216, 1742386358.0388553, 1742386358.1407297, 1742386358.242731, 1742386358.3446357, 1742386358.446551, 1742386358.5487254, 1742386358.6506386, 1742386358.752703, 1742386358.8546648, 1742386358.9565938, 1742386359.0585134, 1742386359.16047, 1742386359.2623887, 1742386359.3643305, 1742386359.4662776, 1742386359.570369, 1742386359.6734455, 1742386359.7754002, 1742386359.8773732, 1742386359.9793348, 1742386360.0812824, 1742386360.183187, 1742386360.2850263, 1742386360.3869772, 1742386360.488959, 1742386360.590936, 1742386360.6928372, 1742386360.7958164, 1742386360.898226, 1742386361.001468, 1742386361.104407, 1742386361.207043, 1742386361.3094826, 1742386361.4132845, 1742386361.5162961, 1742386361.619232, 1742386361.7220142, 1742386361.8247619, 1742386361.9275904, 1742386362.0304036, 1742386362.1332808, 1742386362.236111, 1742386362.3389304, 1742386362.441749, 1742386362.5446231, 1742386362.6473415, 1742386362.7502096, 1742386362.8529282, 1742386362.955817, 1742386363.0586202, 1742386363.161516, 1742386363.2642105, 1742386363.367075, 1742386363.468969, 1742386363.570812, 1742386363.6728036, 1742386363.7747054, 1742386363.876658, 1742386363.9785855, 1742386364.0805523, 1742386364.1825001, 1742386364.2844443, 1742386364.3863502, 1742386364.4883368, 1742386364.5902839, 1742386364.6922379, 1742386364.7940986, 1742386364.8960676, 1742386364.9980106, 1742386365.1000025, 1742386365.2035668, 1742386365.3055527, 1742386365.4078116, 1742386365.5097594, 1742386365.6117444, 1742386365.715248, 1742386365.8172054, 1742386365.9191499, 1742386366.0211096, 1742386366.1230497, 1742386366.2250872, 1742386366.3271217, 1742386366.4290576, 1742386366.5309906, 1742386366.6329358, 1742386366.7348793, 1742386366.8367562, 1742386366.9387534, 1742386367.0407264, 1742386367.1426654, 1742386367.2446327, 1742386367.3465688, 1742386367.4486136, 1742386367.5513327, 1742386367.6532724, 1742386367.755146, 1742386367.857144, 1742386367.959763, 1742386368.0617743, 1742386368.1637163, 1742386368.2656355, 1742386368.3675635, 1742386368.469476, 1742386368.5714812, 1742386368.6734278, 1742386368.7754061, 1742386368.8773186, 1742386368.9792366, 1742386369.0811918, 1742386369.183143, 1742386369.285082, 1742386369.387009, 1742386369.4888716, 1742386369.5907595, 1742386369.6927247, 1742386369.794728, 1742386369.8974714, 1742386369.9994235, 1742386370.101254, 1742386370.2032237, 1742386370.3050847, 1742386370.4071023, 1742386370.5102932, 1742386370.6134045, 1742386370.7150807, 1742386370.8171709, 1742386370.9190562, 1742386371.021073, 1742386371.1229997, 1742386371.2249537, 1742386371.3268793, 1742386371.4287457, 1742386371.5306952, 1742386371.6326616, 1742386371.734599, 1742386371.836505, 1742386371.9384081, 1742386372.04041, 1742386372.142336, 1742386372.2442632, 1742386372.347292, 1742386372.4492033, 1742386372.5522342, 1742386372.6548636, 1742386372.757444, 1742386372.860353, 1742386372.963393, 1742386373.0665722, 1742386373.1689641, 1742386373.2823665, 1742386373.3853579, 1742386373.488416, 1742386373.5914705, 1742386373.6934192, 1742386373.7955034, 1742386373.8974729, 1742386373.9993885, 1742386374.1015944, 1742386374.2034388, 1742386374.3053622, 1742386374.407285, 1742386374.5092137, 1742386374.6111577, 1742386374.71314, 1742386374.815067, 1742386374.9170187, 1742386375.0189536, 1742386375.1209219, 1742386375.2228458, 1742386375.3247936, 1742386375.4267006, 1742386375.5286455, 1742386375.6307597, 1742386375.7327373, 1742386375.8346808, 1742386375.9366465, 1742386376.038642, 1742386376.1414773, 1742386376.2437756, 1742386376.34569, 1742386376.4476256, 1742386376.5494287, 1742386376.651447, 1742386376.7534049, 1742386376.8554044, 1742386376.9576054, 1742386377.0594883, 1742386377.1614563, 1742386377.263396, 1742386377.36536, 1742386377.4673378, 1742386377.5692565, 1742386377.6711957, 1742386377.7731369, 1742386377.8750887, 1742386377.976875, 1742386378.0788183, 1742386378.180743, 1742386378.2826812, 1742386378.3847516, 1742386378.487583, 1742386378.5895545, 1742386378.6915102, 1742386378.793477, 1742386378.895407, 1742386378.9974513, 1742386379.099371, 1742386379.2012987, 1742386379.3032293, 1742386379.4051695, 1742386379.50715, 1742386379.6091309, 1742386379.7111545, 1742386379.8131208, 1742386379.915021, 1742386380.0172205, 1742386380.1191542, 1742386380.2211637, 1742386380.3237784, 1742386380.4263048, 1742386380.5282686, 1742386380.6302319, 1742386380.7322178, 1742386380.8342378, 1742386380.9362113, 1742386381.0381165, 1742386381.1400864, 1742386381.2419899, 1742386381.3439143, 1742386381.4458768, 1742386381.5478432, 1742386381.6498005, 1742386381.7526786, 1742386381.855732, 1742386381.9585657, 1742386382.0601594, 1742386382.1629186, 1742386382.2648025, 1742386382.3666801, 1742386382.4686255, 1742386382.5710013, 1742386382.674481, 1742386382.7765863, 1742386382.8794677, 1742386382.9824126, 1742386383.0854506, 1742386383.1884806, 1742386383.2914875, 1742386383.3951283, 1742386383.4976785, 1742386383.6002476, 1742386383.7026734, 1742386383.8051713, 1742386383.9080646, 1742386384.0107207, 1742386384.1132693, 1742386384.2159204, 1742386384.3187006, 1742386384.4214573, 1742386384.524367, 1742386384.6271605, 1742386384.7300272, 1742386384.8319914, 1742386384.9339108, 1742386385.0358613, 1742386385.137777, 1742386385.239681, 1742386385.341616, 1742386385.4435518, 1742386385.5455096, 1742386385.6474633, 1742386385.7493782, 1742386385.8512812, 1742386385.9532294, 1742386386.0551596, 1742386386.1571214, 1742386386.2590077, 1742386386.3608358, 1742386386.4627872, 1742386386.5647955, 1742386386.6664944, 1742386386.7684658, 1742386386.8705888, 1742386386.9725716, 1742386387.0745146, 1742386387.1783314, 1742386387.280225, 1742386387.3821535, 1742386387.4841278, 1742386387.5861125, 1742386387.688119, 1742386387.7900717, 1742386387.892031, 1742386387.993983, 1742386388.09593, 1742386388.1979072, 1742386388.2998862, 1742386388.4018478, 1742386388.5040112, 1742386388.6059754, 1742386388.7080367, 1742386388.8099701, 1742386388.9119515, 1742386389.0138795, 1742386389.115754, 1742386389.217654, 1742386389.3196192, 1742386389.4216096, 1742386389.5232704, 1742386389.6251366, 1742386389.7270482, 1742386389.8290367, 1742386389.930949, 1742386390.0329828, 1742386390.1349993, 1742386390.2369354, 1742386390.3388815, 1742386390.440768, 1742386390.5427535, 1742386390.6446974, 1742386390.7466342, 1742386390.8485777, 1742386390.9505057, 1742386391.0524971, 1742386391.154403, 1742386391.256393, 1742386391.3583488, 1742386391.4602845, 1742386391.5622063, 1742386391.6641295, 1742386391.7661006, 1742386391.8688536, 1742386391.9708102, 1742386392.0727513, 1742386392.1746871, 1742386392.2765832, 1742386392.3785856, 1742386392.4817557, 1742386392.584881, 1742386392.6879485, 1742386392.7908773, 1742386392.8938904, 1742386392.99556, 1742386393.096927, 1742386393.1998556, 1742386393.3029165, 1742386393.4058325, 1742386393.5083914, 1742386393.6112926, 1742386393.713844, 1742386393.8163495, 1742386393.919189, 1742386394.0211365, 1742386394.123054, 1742386394.224995, 1742386394.3269103, 1742386394.4288437, 1742386394.530809, 1742386394.632759, 1742386394.7346697, 1742386394.837504, 1742386394.939435, 1742386395.0414505, 1742386395.1433613, 1742386395.2453353, 1742386395.3472815, 1742386395.4492137, 1742386395.5511794, 1742386395.6531055, 1742386395.7550735, 1742386395.856956, 1742386395.958924, 1742386396.0608268, 1742386396.1627133, 1742386396.264712, 1742386396.3666494, 1742386396.4686437, 1742386396.5705905, 1742386396.6726348, 1742386396.774599, 1742386396.876546, 1742386396.9784906, 1742386397.0818706, 1742386397.1838274, 1742386397.2858253, 1742386397.3877807, 1742386397.4897487, 1742386397.5917044, 1742386397.6936388, 1742386397.795586, 1742386397.8975792, 1742386397.9995482, 1742386398.1014864, 1742386398.2047424, 1742386398.3067193, 1742386398.4087772, 1742386398.5107036, 1742386398.61274, 1742386398.714672, 1742386398.8166776, 1742386398.9185936, 1742386399.020521, 1742386399.122523, 1742386399.2244122, 1742386399.3275924, 1742386399.4294927, 1742386399.5315022, 1742386399.6334782, 1742386399.7354074, 1742386399.837346, 1742386399.9392636, 1742386400.0412195, 1742386400.1432118, 1742386400.2452874, 1742386400.3472207, 1742386400.4492178, 1742386400.5512586, 1742386400.6533217, 1742386400.7552648, 1742386400.8573232, 1742386400.9599428, 1742386401.0626316, 1742386401.1658142, 1742386401.2689764, 1742386401.3716886, 1742386401.4741242, 1742386401.577124, 1742386401.680159, 1742386401.7831764, 1742386401.886166, 1742386401.989324, 1742386402.09215, 1742386402.1940608, 1742386402.2958634, 1742386402.3978376, 1742386402.499479, 1742386402.6009681, 1742386402.7029142, 1742386402.8048983, 1742386402.9068, 1742386403.0087426, 1742386403.1107366, 1742386403.2127109, 1742386403.3146534, 1742386403.4165647, 1742386403.5185313, 1742386403.6204557, 1742386403.722379, 1742386403.8243213, 1742386403.9263012, 1742386404.0282493, 1742386404.1303527, 1742386404.2322805, 1742386404.3342247, 1742386404.4361644, 1742386404.5388212, 1742386404.6415157, 1742386404.7435045, 1742386404.8454583, 1742386404.9474287, 1742386405.0493798, 1742386405.1513374, 1742386405.2533226, 1742386405.3554633, 1742386405.4574623, 1742386405.5593994, 1742386405.6613653, 1742386405.7633033, 1742386405.8652859, 1742386405.9672105, 1742386406.0691965, 1742386406.1711485, 1742386406.2730856, 1742386406.3750222, 1742386406.47706, 1742386406.578772, 1742386406.6807704, 1742386406.782779, 1742386406.8847423, 1742386406.9867725, 1742386407.0887182, 1742386407.1905909, 1742386407.2926974, 1742386407.3946652, 1742386407.4966393, 1742386407.598566, 1742386407.7005005, 1742386407.8025985, 1742386407.9044933, 1742386408.006523, 1742386408.1084673, 1742386408.2103703, 1742386408.3122978, 1742386408.4142256, 1742386408.5161917, 1742386408.6181145, 1742386408.7200797, 1742386408.822208, 1742386408.9241707, 1742386409.0260034, 1742386409.1286, 1742386409.2321312, 1742386409.3340964, 1742386409.4361463, 1742386409.5380375, 1742386409.6399748, 1742386409.7417881, 1742386409.8438811, 1742386409.947044, 1742386410.0502055, 1742386410.1516497, 1742386410.2537642, 1742386410.3567052, 1742386410.4589984, 1742386410.5618439, 1742386410.6645656, 1742386410.767281, 1742386410.8702166, 1742386410.9719586, 1742386411.074669, 1742386411.1765842, 1742386411.2785413, 1742386411.3805559, 1742386411.4824648, 1742386411.584421, 1742386411.6863685, 1742386411.7883189, 1742386411.8902373, 1742386411.9921677, 1742386412.0941331, 1742386412.1961288, 1742386412.297963, 1742386412.399857, 1742386412.5017877, 1742386412.6036878, 1742386412.7056592, 1742386412.8075926, 1742386412.9095423, 1742386413.0114253, 1742386413.1133986, 1742386413.2153757, 1742386413.317354, 1742386413.4192393, 1742386413.5212522, 1742386413.6232095, 1742386413.725143, 1742386413.8271039, 1742386413.929033, 1742386414.030964, 1742386414.1329675, 1742386414.2348893, 1742386414.3369308, 1742386414.4388905, 1742386414.540908, 1742386414.644181, 1742386414.7461476, 1742386414.8480854, 1742386414.9500947, 1742386415.0521083, 1742386415.1540198, 1742386415.256, 1742386415.3579192, 1742386415.4598958, 1742386415.561693, 1742386415.66357, 1742386415.7656293, 1742386415.8675551, 1742386415.9695933, 1742386416.0716906, 1742386416.1735964, 1742386416.2755206, 1742386416.3774285, 1742386416.479368, 1742386416.5813417, 1742386416.6833012, 1742386416.7852657, 1742386416.8877952, 1742386416.9897532, 1742386417.0916598, 1742386417.1937249, 1742386417.29575, 1742386417.3976872, 1742386417.4996727, 1742386417.6016195, 1742386417.7035623, 1742386417.8057706, 1742386417.9075334, 1742386418.0106041, 1742386418.112973, 1742386418.215484, 1742386418.3184566, 1742386418.4278033, 1742386418.5309372, 1742386418.6338253, 1742386418.7369301, 1742386418.839727, 1742386418.941732, 1742386419.0436249, 1742386419.1455505, 1742386419.2474682, 1742386419.3494453, 1742386419.4513793, 1742386419.5533168, 1742386419.6552646, 1742386419.757225, 1742386419.8591738, 1742386419.9610825, 1742386420.0630164, 1742386420.1649725, 1742386420.2669108, 1742386420.3689015, 1742386420.4708018, 1742386420.5727243, 1742386420.6746547, 1742386420.7766457, 1742386420.8794818, 1742386420.981469, 1742386421.0834382, 1742386421.1853642, 1742386421.2872982, 1742386421.3892996, 1742386421.4912362, 1742386421.5931354, 1742386421.6951056, 1742386421.796993, 1742386421.8989072, 1742386422.000898, 1742386422.1027386, 1742386422.204712, 1742386422.3066316, 1742386422.4086313, 1742386422.5105724, 1742386422.6125286, 1742386422.7153015, 1742386422.8172424, 1742386422.9191422, 1742386423.0211298, 1742386423.1230197, 1742386423.2250543, 1742386423.327164, 1742386423.4290748, 1742386423.5310166, 1742386423.6329424, 1742386423.734964, 1742386423.8369372, 1742386423.9388676, 1742386424.040819, 1742386424.1427903, 1742386424.2447813, 1742386424.346709, 1742386424.4486737, 1742386424.551026, 1742386424.6530278, 1742386424.7550135, 1742386424.856958, 1742386424.9589927, 1742386425.0618098, 1742386425.1637263, 1742386425.2656715, 1742386425.3675, 1742386425.4694705, 1742386425.5715976, 1742386425.673572, 1742386425.775469, 1742386425.87763, 1742386425.979512, 1742386426.0815332, 1742386426.1835039, 1742386426.2854595, 1742386426.3873997, 1742386426.4893239, 1742386426.5912378, 1742386426.6931915, 1742386426.7951903, 1742386426.8988438, 1742386427.0018861, 1742386427.10494, 1742386427.206928, 1742386427.3088765, 1742386427.4108357, 1742386427.5127578, 1742386427.6147597, 1742386427.7171404, 1742386427.8190868, 1742386427.9210434, 1742386428.0229774, 1742386428.1248858, 1742386428.2269907, 1742386428.3289633, 1742386428.43092, 1742386428.5327017, 1742386428.6341333, 1742386428.737126, 1742386428.840273, 1742386428.942645, 1742386429.0460293, 1742386429.1488645, 1742386429.2518265, 1742386429.3549972, 1742386429.458018, 1742386429.5610971, 1742386429.6630623, 1742386429.7650445, 1742386429.8669646, 1742386429.9689546, 1742386430.0709088, 1742386430.1728907, 1742386430.2747405, 1742386430.3766558, 1742386430.4785635, 1742386430.5805116, 1742386430.6824615, 1742386430.7843926, 1742386430.8873186, 1742386430.9892645, 1742386431.091177, 1742386431.1931298, 1742386431.2950578, 1742386431.397047, 1742386431.4989738, 1742386431.600971, 1742386431.702987, 1742386431.8047974, 1742386431.9067454, 1742386432.0086262, 1742386432.112286, 1742386432.2142467, 1742386432.3161879, 1742386432.4181106, 1742386432.5200572, 1742386432.621994, 1742386432.7239678, 1742386432.82591, 1742386432.9278762, 1742386433.0298357, 1742386433.1317413, 1742386433.2341228, 1742386433.336879, 1742386433.4388, 1742386433.5407565, 1742386433.6427386, 1742386433.7446778, 1742386433.8466232, 1742386433.9485588, 1742386434.0505762, 1742386434.1525521, 1742386434.2544477, 1742386434.3563955, 1742386434.4584246, 1742386434.562034, 1742386434.6640236, 1742386434.765914, 1742386434.867841, 1742386434.9698007, 1742386435.0716062, 1742386435.1735566, 1742386435.2754772, 1742386435.3774455, 1742386435.4793808, 1742386435.5813258, 1742386435.6832926, 1742386435.7853522, 1742386435.887319, 1742386435.9892304, 1742386436.0911746, 1742386436.1931813, 1742386436.2951622, 1742386436.397109, 1742386436.4990594, 1742386436.600993, 1742386436.702934, 1742386436.804895, 1742386436.9068508, 1742386437.0088782, 1742386437.1126585, 1742386437.2143767, 1742386437.3173306, 1742386437.4204488, 1742386437.52636, 1742386437.6294088, 1742386437.7322912, 1742386437.8349514, 1742386437.9380574, 1742386438.041152, 1742386438.1442447, 1742386438.246115, 1742386438.3479593, 1742386438.4498541, 1742386438.551802, 1742386438.6536672, 1742386438.755537, 1742386438.8574636, 1742386438.9594247, 1742386439.061186, 1742386439.1631246, 1742386439.2651963, 1742386439.3671591, 1742386439.4691513, 1742386439.5719247, 1742386439.6738725, 1742386439.775802, 1742386439.8777342, 1742386439.979661, 1742386440.0817378, 1742386440.1836817, 1742386440.2856925, 1742386440.3876734, 1742386440.4895794, 1742386440.5915823, 1742386440.6935687, 1742386440.7955358, 1742386440.8977485, 1742386440.999679, 1742386441.101733, 1742386441.203659, 1742386441.3056974, 1742386441.4076798, 1742386441.5096102, 1742386441.6114242, 1742386441.71341, 1742386441.8154078, 1742386441.918184, 1742386442.0201654, 1742386442.1221042, 1742386442.224091, 1742386442.3260689, 1742386442.4281373, 1742386442.5301068, 1742386442.6320524, 1742386442.7340183, 1742386442.8359659, 1742386442.9379337, 1742386443.0399172, 1742386443.1418228, 1742386443.2437446, 1742386443.3456752, 1742386443.4476154, 1742386443.549596, 1742386443.6515846, 1742386443.753562, 1742386443.8555098, 1742386443.9574838, 1742386444.0594668, 1742386444.1614072, 1742386444.2641246, 1742386444.3661187, 1742386444.4680636, 1742386444.5700192, 1742386444.6725473, 1742386444.7744515, 1742386444.875969, 1742386444.9779115, 1742386445.07989, 1742386445.181769, 1742386445.2836726, 1742386445.3856268, 1742386445.487585, 1742386445.5895522, 1742386445.691437, 1742386445.7934217, 1742386445.8953671, 1742386445.997318, 1742386446.0993445, 1742386446.2025352, 1742386446.305734, 1742386446.4089625, 1742386446.510957, 1742386446.612604, 1742386446.7145178, 1742386446.8164816, 1742386446.918434, 1742386447.0203917, 1742386447.1223288, 1742386447.2243028, 1742386447.3261983, 1742386447.4281652, 1742386447.531361, 1742386447.633339, 1742386447.7352588, 1742386447.8372285, 1742386447.939158, 1742386448.0410318, 1742386448.142912, 1742386448.2448921, 1742386448.3480637, 1742386448.4495573, 1742386448.5514805, 1742386448.654381, 1742386448.7562363, 1742386448.8592222, 1742386448.9659743, 1742386449.069049, 1742386449.171911, 1742386449.2745547, 1742386449.3776317, 1742386449.4795232, 1742386449.5814562, 1742386449.682911, 1742386449.7848785, 1742386449.8867483, 1742386449.9881594, 1742386450.089698, 1742386450.191653, 1742386450.2932224, 1742386450.3951201, 1742386450.4970896, 1742386450.5990076, 1742386450.7009535, 1742386450.802928, 1742386450.904887, 1742386451.0068836, 1742386451.1087978, 1742386451.210709, 1742386451.3125277, 1742386451.4145484, 1742386451.5165486, 1742386451.6184783, 1742386451.7203994, 1742386451.8223712, 1742386451.9243298, 1742386452.026272, 1742386452.1283092, 1742386452.2302406, 1742386452.3321674, 1742386452.4340048, 1742386452.5359695, 1742386452.6379247, 1742386452.7398415, 1742386452.841782, 1742386452.9436748, 1742386453.0538938, 1742386453.1559453, 1742386453.2578785, 1742386453.3598611, 1742386453.461722, 1742386453.5636187, 1742386453.6656082, 1742386453.7675688, 1742386453.8692677, 1742386453.9711692, 1742386454.0732605, 1742386454.1752336, 1742386454.2771862, 1742386454.3799665, 1742386454.4819255, 1742386454.5837243, 1742386454.6856582, 1742386454.7875307, 1742386454.8895128, 1742386454.9914703, 1742386455.093384, 1742386455.1952963, 1742386455.2972462, 1742386455.3991857, 1742386455.5011349, 1742386455.6031315, 1742386455.7058823, 1742386455.8077724, 1742386455.9094515, 1742386456.0113902, 1742386456.1133566, 1742386456.2161255, 1742386456.3180513, 1742386456.4199984, 1742386456.521925, 1742386456.6238945, 1742386456.7259111, 1742386456.827859, 1742386456.9298556, 1742386457.0318127, 1742386457.1336405, 1742386457.2356968, 1742386457.3376133, 1742386457.439547, 1742386457.541499, 1742386457.6434689, 1742386457.7453625, 1742386457.8481104, 1742386457.9510741, 1742386458.0539012, 1742386458.1557682, 1742386458.2575808, 1742386458.3594618, 1742386458.4613776, 1742386458.563287, 1742386458.6651933, 1742386458.767145, 1742386458.8693395, 1742386458.9712384, 1742386459.0744443, 1742386459.1772716, 1742386459.2797413, 1742386459.382719, 1742386459.4857388, 1742386459.5884614, 1742386459.6908886, 1742386459.793913, 1742386459.895619, 1742386459.9980893, 1742386460.101038, 1742386460.2027085, 1742386460.3044512, 1742386460.4071624, 1742386460.5091512, 1742386460.611007, 1742386460.712364, 1742386460.814317, 1742386460.9163754, 1742386461.0182717, 1742386461.1202931, 1742386461.2222323, 1742386461.3241673, 1742386461.4260824, 1742386461.5279865, 1742386461.6299307, 1742386461.7318246, 1742386461.8337398, 1742386461.9356742, 1742386462.0376, 1742386462.1405833, 1742386462.242465, 1742386462.3443942, 1742386462.4462912, 1742386462.5482693, 1742386462.6509926, 1742386462.7529747, 1742386462.8548992, 1742386462.9568636, 1742386463.0594716, 1742386463.1613905, 1742386463.2633443, 1742386463.3652365, 1742386463.4671597, 1742386463.5690923, 1742386463.671155, 1742386463.7731438, 1742386463.875115, 1742386463.9771535, 1742386464.0790844, 1742386464.1810954, 1742386464.2828677, 1742386464.3847675, 1742386464.4867382, 1742386464.5886269, 1742386464.6906018, 1742386464.792578, 1742386464.8945038, 1742386464.9979038, 1742386465.0998285, 1742386465.2017095, 1742386465.3036394, 1742386465.4055908, 1742386465.5076199, 1742386465.6096656, 1742386465.7116244, 1742386465.8135734, 1742386465.91543, 1742386466.0174549, 1742386466.1193924, 1742386466.2213402, 1742386466.3232796, 1742386466.4252565, 1742386466.527221, 1742386466.629173, 1742386466.7311869, 1742386466.8331614, 1742386466.935087, 1742386467.0370214, 1742386467.1389377, 1742386467.2409656, 1742386467.3437078, 1742386467.4456952, 1742386467.5475283, 1742386467.6494691, 1742386467.751377, 1742386467.8533702, 1742386467.9553246, 1742386468.057265, 1742386468.1594362, 1742386468.2614093, 1742386468.3635278, 1742386468.4654636, 1742386468.567422, 1742386468.6693854, 1742386468.7720845, 1742386468.8751876, 1742386468.9771402, 1742386469.0788665, 1742386469.1807566, 1742386469.282725, 1742386469.3846955, 1742386469.486628, 1742386469.5885708, 1742386469.6906486, 1742386469.7927833, 1742386469.8947413, 1742386469.9966688, 1742386470.0985897, 1742386470.2005184, 1742386470.3024404, 1742386470.4043972, 1742386470.5063636, 1742386470.6085708, 1742386470.7105615, 1742386470.812069, 1742386470.914024, 1742386471.016031, 1742386471.11815, 1742386471.2200987, 1742386471.3226395, 1742386471.4246244, 1742386471.5265923, 1742386471.6296854, 1742386471.732083, 1742386471.834001, 1742386471.9367144, 1742386472.039747, 1742386472.1424162, 1742386472.2453494, 1742386472.3485136, 1742386472.449879, 1742386472.5528464, 1742386472.6557114, 1742386472.7584457, 1742386472.860015, 1742386472.961568, 1742386473.0651608, 1742386473.1670754, 1742386473.2690022, 1742386473.3709638, 1742386473.472849, 1742386473.5748224, 1742386473.676782, 1742386473.7786903, 1742386473.8806238, 1742386473.9825027, 1742386474.0839918, 1742386474.18588, 1742386474.2878277, 1742386474.3897946, 1742386474.4916708, 1742386474.5935926, 1742386474.6955347, 1742386474.7974918, 1742386474.899855, 1742386475.0018146, 1742386475.1037657, 1742386475.2056878, 1742386475.3077128, 1742386475.409971, 1742386475.51196, 1742386475.613872, 1742386475.7158256, 1742386475.8177502, 1742386475.9197466, 1742386476.0216897, 1742386476.123605, 1742386476.2255228, 1742386476.3274503, 1742386476.429426, 1742386476.5313349, 1742386476.6333091, 1742386476.7352226, 1742386476.8371859, 1742386476.9391217, 1742386477.041087, 1742386477.1430287, 1742386477.2455056, 1742386477.3472588, 1742386477.4491372, 1742386477.5510826, 1742386477.6530228, 1742386477.7550225, 1742386477.8571308, 1742386477.959032, 1742386478.060955, 1742386478.1627972, 1742386478.2647839, 1742386478.3667192, 1742386478.4686704, 1742386478.5705724, 1742386478.6725092, 1742386478.7744274, 1742386478.8764021, 1742386478.978322, 1742386479.080651, 1742386479.1825645, 1742386479.2846262, 1742386479.386545, 1742386479.4885786, 1742386479.5905182, 1742386479.6925182, 1742386479.7944028, 1742386479.896296, 1742386479.9981637, 1742386480.100144, 1742386480.2020605, 1742386480.3040226, 1742386480.4059432, 1742386480.5078204, 1742386480.609667, 1742386480.7115815, 1742386480.8135633, 1742386480.9173772, 1742386481.020238, 1742386481.1220303, 1742386481.2240796, 1742386481.3260021, 1742386481.4279494, 1742386481.5297487, 1742386481.6313179, 1742386481.7332072, 1742386481.8350918, 1742386481.9367273, 1742386482.0384576, 1742386482.140348, 1742386482.2422783, 1742386482.344229, 1742386482.446168, 1742386482.5480666, 1742386482.6500046, 1742386482.7519011, 1742386482.8538585, 1742386482.9562566, 1742386483.059232, 1742386483.1620586, 1742386483.2648585, 1742386483.3678708, 1742386483.4695346, 1742386483.5724614, 1742386483.6753364, 1742386483.7781155, 1742386483.881225, 1742386483.9842272, 1742386484.0873451, 1742386484.1903589, 1742386484.2934551, 1742386484.396595, 1742386484.4997025, 1742386484.6017175, 1742386484.7036912, 1742386484.8056426, 1742386484.9075782, 1742386485.0095482, 1742386485.1114798, 1742386485.2133877, 1742386485.3154023, 1742386485.417346, 1742386485.5193095, 1742386485.6212177, 1742386485.7231793, 1742386485.8251326, 1742386485.9270465, 1742386486.0290294, 1742386486.1310115, 1742386486.2329428, 1742386486.3348956, 1742386486.4368315, 1742386486.538842, 1742386486.6408596, 1742386486.7428124, 1742386486.8447707, 1742386486.9467323, 1742386487.048619, 1742386487.1505728, 1742386487.2527342, 1742386487.3560667, 1742386487.4580095, 1742386487.5601118, 1742386487.6620212, 1742386487.7639458, 1742386487.8658838, 1742386487.9678183, 1742386488.0700011, 1742386488.1720183, 1742386488.275428, 1742386488.3773713, 1742386488.479294, 1742386488.5812266, 1742386488.683136, 1742386488.7850466, 1742386488.886986, 1742386488.9889522, 1742386489.090842, 1742386489.1928265, 1742386489.2947345, 1742386489.3966804, 1742386489.4986157, 1742386489.6005526, 1742386489.7024817, 1742386489.8044693, 1742386489.906457, 1742386490.0083811, 1742386490.1103225, 1742386490.2123024, 1742386490.3141465, 1742386490.4161327, 1742386490.518154, 1742386490.6201253, 1742386490.722163, 1742386490.8241866, 1742386490.9261568, 1742386491.0280905, 1742386491.130036, 1742386491.2320254, 1742386491.3338892, 1742386491.4368424, 1742386491.5399833, 1742386491.641672, 1742386491.744561, 1742386491.847685, 1742386491.9507375, 1742386492.0538185, 1742386492.1569293, 1742386492.2588944, 1742386492.3608522, 1742386492.4627407, 1742386492.5646412, 1742386492.6665995, 1742386492.768516, 1742386492.8705268, 1742386492.972409, 1742386493.0743535, 1742386493.1761878, 1742386493.2781324, 1742386493.380064, 1742386493.4819758, 1742386493.5838215, 1742386493.6857684, 1742386493.7877333, 1742386493.8896897, 1742386493.9917495, 1742386494.0936801, 1742386494.1955998, 1742386494.2983453, 1742386494.4003177, 1742386494.5034354, 1742386494.6054468, 1742386494.7074842, 1742386494.809462, 1742386494.911474, 1742386495.013514, 1742386495.115469, 1742386495.217429, 1742386495.3196044, 1742386495.4215455, 1742386495.5235164, 1742386495.6254363, 1742386495.7273593, 1742386495.8292885, 1742386495.9312649, 1742386496.0332277, 1742386496.1351764, 1742386496.2371333, 1742386496.339069, 1742386496.4410498, 1742386496.5429373, 1742386496.6449504, 1742386496.7468224, 1742386496.8492277, 1742386496.9512599, 1742386497.0532608, 1742386497.1552417, 1742386497.2571902, 1742386497.3591585, 1742386497.461048, 1742386497.5630293, 1742386497.664952, 1742386497.766876, 1742386497.8688412, 1742386497.9707437, 1742386498.0726643, 1742386498.1745646, 1742386498.2765183, 1742386498.3784494, 1742386498.4803982, 1742386498.5823298, 1742386498.6841922, 1742386498.7870657, 1742386498.8902333, 1742386498.993368, 1742386499.0967214, 1742386499.1997597, 1742386499.3029077, 1742386499.4059887, 1742386499.509027, 1742386499.611947, 1742386499.7138557, 1742386499.8159242, 1742386499.9178386, 1742386500.019772, 1742386500.1215682, 1742386500.223522, 1742386500.3265626, 1742386500.4285169, 1742386500.5304675, 1742386500.6324291, 1742386500.7345822, 1742386500.8365042, 1742386500.9383893, 1742386501.040379, 1742386501.1423225, 1742386501.2442677, 1742386501.3461916, 1742386501.448219, 1742386501.5499184, 1742386501.6520965, 1742386501.7540393, 1742386501.8559554, 1742386501.9578712, 1742386502.059926, 1742386502.1618276, 1742386502.2638478, 1742386502.365842, 1742386502.467774, 1742386502.5698423, 1742386502.6718135, 1742386502.7737727, 1742386502.8757186, 1742386502.9777925, 1742386503.0809565, 1742386503.1829805, 1742386503.2848868, 1742386503.386727, 1742386503.4887524, 1742386503.5906596, 1742386503.692644, 1742386503.7948549, 1742386503.8968008, 1742386503.9993885, 1742386504.1013122, 1742386504.2033994, 1742386504.3053203, 1742386504.4072242, 1742386504.5091836, 1742386504.6111598, 1742386504.713371, 1742386504.8153806, 1742386504.9180312, 1742386505.0199974, 1742386505.1220794, 1742386505.22407, 1742386505.3260033, 1742386505.4279542, 1742386505.5299249, 1742386505.6321433, 1742386505.7340467, 1742386505.8377087, 1742386505.9396534, 1742386506.0417433, 1742386506.143661, 1742386506.2456758, 1742386506.3475862, 1742386506.449588, 1742386506.551431, 1742386506.6534755, 1742386506.7561865, 1742386506.857531, 1742386506.9605107, 1742386507.0635462, 1742386507.1658669, 1742386507.268513, 1742386507.3714333, 1742386507.474259, 1742386507.5770645, 1742386507.678943, 1742386507.7809515, 1742386507.8828654, 1742386507.9848263, 1742386508.0867379, 1742386508.1886213, 1742386508.2904775, 1742386508.3923802, 1742386508.4942255, 1742386508.5961692, 1742386508.6980891, 1742386508.8001015, 1742386508.9020228, 1742386509.0039945, 1742386509.105913, 1742386509.2078266, 1742386509.311289, 1742386509.4132452, 1742386509.515151, 1742386509.6170812, 1742386509.719069, 1742386509.8214073, 1742386509.9233146, 1742386510.0252774, 1742386510.127237, 1742386510.2291641, 1742386510.331086, 1742386510.4330766, 1742386510.5350566, 1742386510.6370184, 1742386510.7389627, 1742386510.8409057, 1742386510.942875, 1742386511.0448742, 1742386511.1468077, 1742386511.2487442, 1742386511.350636, 1742386511.4525747, 1742386511.5545723, 1742386511.6582983, 1742386511.7602823, 1742386511.862249, 1742386511.964165, 1742386512.0661423, 1742386512.1682024, 1742386512.270164, 1742386512.3721347, 1742386512.4740198, 1742386512.5759475, 1742386512.6779208, 1742386512.779907, 1742386512.8818934, 1742386512.9838402, 1742386513.085667, 1742386513.1876261, 1742386513.2896266, 1742386513.3916059, 1742386513.4936206, 1742386513.5955539, 1742386513.6975057, 1742386513.799478, 1742386513.9014485, 1742386514.004179, 1742386514.1062055, 1742386514.2081559, 1742386514.3100746, 1742386514.4120445, 1742386514.5140698, 1742386514.6160307, 1742386514.7180145, 1742386514.8199582, 1742386514.9219308, 1742386515.0239267, 1742386515.1258907, 1742386515.2278874, 1742386515.3298142, 1742386515.4317462, 1742386515.5336943, 1742386515.636832, 1742386515.7399259, 1742386515.842861, 1742386515.9456632, 1742386516.047283, 1742386516.1491733, 1742386516.2519736, 1742386516.3549652, 1742386516.457735, 1742386516.5592444, 1742386516.6622498, 1742386516.7653418, 1742386516.868329, 1742386516.9714544, 1742386517.074088, 1742386517.1769397, 1742386517.2784405, 1742386517.3800159, 1742386517.4819207, 1742386517.5839014, 1742386517.6858099, 1742386517.7877479, 1742386517.889642, 1742386517.9915595, 1742386518.0934675, 1742386518.195355, 1742386518.2972126, 1742386518.399128, 1742386518.5017204, 1742386518.6036236, 1742386518.7055628, 1742386518.8074481, 1742386518.9093745, 1742386519.011275, 1742386519.1132047, 1742386519.2153559, 1742386519.3172884, 1742386519.4192667, 1742386519.5212054, 1742386519.6230526, 1742386519.725157, 1742386519.827117, 1742386519.9291797, 1742386520.03112, 1742386520.133096, 1742386520.2350163, 1742386520.337003, 1742386520.4389882, 1742386520.5409493, 1742386520.6429265, 1742386520.744873, 1742386520.8477094, 1742386520.9496832, 1742386521.0516188, 1742386521.1535869, 1742386521.255519, 1742386521.3574636, 1742386521.4593623, 1742386521.5618472, 1742386521.6637433, 1742386521.7656536, 1742386521.8675478, 1742386521.9694543, 1742386522.0713937, 1742386522.173323, 1742386522.2753708, 1742386522.3773344, 1742386522.4793863, 1742386522.5812974, 1742386522.6832092, 1742386522.7850544, 1742386522.888173, 1742386522.99084, 1742386523.0926778, 1742386523.195076, 1742386523.2974367, 1742386523.3991218, 1742386523.501867, 1742386523.605033, 1742386523.706801, 1742386523.8097513, 1742386523.9124439, 1742386524.0149, 1742386524.1178746, 1742386524.220829, 1742386524.3239245, 1742386524.4259245, 1742386524.5278475, 1742386524.6298015, 1742386524.7317715, 1742386524.8336644, 1742386524.935602, 1742386525.0375063, 1742386525.1394534, 1742386525.241395, 1742386525.3433473, 1742386525.4452634, 1742386525.5473857, 1742386525.6493275, 1742386525.7512305, 1742386525.853184, 1742386525.955131, 1742386526.0570016, 1742386526.1589181, 1742386526.2609317, 1742386526.3628824, 1742386526.4648662, 1742386526.5668385, 1742386526.6687827, 1742386526.7707646, 1742386526.872672, 1742386526.9745722, 1742386527.0765333, 1742386527.1784837, 1742386527.2804148, 1742386527.3824298, 1742386527.484388, 1742386527.586391, 1742386527.6883495, 1742386527.7902968, 1742386527.8923004, 1742386527.9942515, 1742386528.096222, 1742386528.1982327, 1742386528.300266, 1742386528.402215, 1742386528.504123, 1742386528.6060705, 1742386528.7079883, 1742386528.8099701, 1742386528.9119394, 1742386529.0138924, 1742386529.115835, 1742386529.217875, 1742386529.3197644, 1742386529.4216056, 1742386529.5235696, 1742386529.625582, 1742386529.727628, 1742386529.8296056, 1742386529.9332426, 1742386530.0351992, 1742386530.13728, 1742386530.2392454, 1742386530.3412461, 1742386530.4431744, 1742386530.5451262, 1742386530.6472054, 1742386530.749159, 1742386530.8527849, 1742386530.9548213, 1742386531.056931, 1742386531.158881, 1742386531.2608352, 1742386531.3626506, 1742386531.465545, 1742386531.5686996, 1742386531.6716692, 1742386531.7747324, 1742386531.8777895, 1742386531.9808276, 1742386532.0836961, 1742386532.1853304, 1742386532.287282, 1742386532.3892438, 1742386532.4911206, 1742386532.5929132, 1742386532.6948516, 1742386532.7968938, 1742386532.898853, 1742386533.0007508, 1742386533.1026976, 1742386533.2046337, 1742386533.3066566, 1742386533.4086285, 1742386533.5105116, 1742386533.612462, 1742386533.7144287, 1742386533.8184807, 1742386533.9204602, 1742386534.0227878, 1742386534.1247694, 1742386534.226768, 1742386534.3300655, 1742386534.4320536, 1742386534.5340097, 1742386534.6359634, 1742386534.7379577, 1742386534.839957, 1742386534.9418747, 1742386535.0438397, 1742386535.145771, 1742386535.2477577, 1742386535.3497183, 1742386535.4516962, 1742386535.5536919, 1742386535.6556537, 1742386535.7576382, 1742386535.8595736, 1742386535.9614682, 1742386536.0634103, 1742386536.165352, 1742386536.2673056, 1742386536.3693087, 1742386536.471189, 1742386536.573154, 1742386536.6750877, 1742386536.7770739, 1742386536.8790224, 1742386536.9809577, 1742386537.0828834, 1742386537.1848836, 1742386537.2868726, 1742386537.3888063, 1742386537.4907796, 1742386537.5928237, 1742386537.6947782, 1742386537.7967672, 1742386537.8987103, 1742386538.0006642, 1742386538.10278, 1742386538.2047148, 1742386538.3066955, 1742386538.4086244, 1742386538.5105202, 1742386538.6125505, 1742386538.7144973, 1742386538.8164186, 1742386538.9183657, 1742386539.0203605, 1742386539.1222005, 1742386539.2241356, 1742386539.3260562, 1742386539.4280214, 1742386539.5299244, 1742386539.6318672, 1742386539.733817, 1742386539.835723, 1742386539.9375706, 1742386540.040091, 1742386540.1430833, 1742386540.24622, 1742386540.348928, 1742386540.4505386, 1742386540.5531738, 1742386540.65628, 1742386540.7590282, 1742386540.8605707, 1742386540.9639025, 1742386541.0658903, 1742386541.1678393, 1742386541.2699203, 1742386541.371851, 1742386541.473771, 1742386541.5756981, 1742386541.677703, 1742386541.7796907, 1742386541.881668, 1742386541.9836085, 1742386542.0856109, 1742386542.1875615, 1742386542.2894213, 1742386542.391346, 1742386542.4932706, 1742386542.5952525, 1742386542.697235, 1742386542.7992425, 1742386542.9011827, 1742386543.0031621, 1742386543.1051462, 1742386543.2071292, 1742386543.3091185, 1742386543.4110904, 1742386543.5130644, 1742386543.615027, 1742386543.7169955, 1742386543.8189864, 1742386543.9210453, 1742386544.0230715, 1742386544.1250694, 1742386544.2270238, 1742386544.3289986, 1742386544.4309728, 1742386544.5329266, 1742386544.6348517, 1742386544.7368302, 1742386544.8399522, 1742386544.9419594, 1742386545.0439627, 1742386545.1458938, 1742386545.2478552, 1742386545.3498344, 1742386545.4518194, 1742386545.5536897, 1742386545.655633, 1742386545.7589493, 1742386545.8609772, 1742386545.963003, 1742386546.0649602, 1742386546.166848, 1742386546.2688072, 1742386546.3707614, 1742386546.4727085, 1742386546.5747027, 1742386546.6766984, 1742386546.7786293, 1742386546.8806372, 1742386546.9825897, 1742386547.0845706, 1742386547.1864748, 1742386547.2884352, 1742386547.3903537, 1742386547.4923475, 1742386547.5943003, 1742386547.6962607, 1742386547.7989125, 1742386547.9019568, 1742386548.0047088, 1742386548.106192, 1742386548.2089086, 1742386548.3116114, 1742386548.4139833, 1742386548.5169864, 1742386548.6200025, 1742386548.7214103, 1742386548.8244982, 1742386548.9265037, 1742386549.029166, 1742386549.1320946, 1742386549.2348306, 1742386549.3376946, 1742386549.4405885, 1742386549.543352, 1742386549.646241, 1742386549.7482624, 1742386549.8502016, 1742386549.952194, 1742386550.0541296, 1742386550.1560895, 1742386550.2591677, 1742386550.3611088, 1742386550.463072, 1742386550.5650516, 1742386550.6669917, 1742386550.7689226, 1742386550.8708532, 1742386550.972808, 1742386551.074758, 1742386551.1767173, 1742386551.2786899, 1742386551.3806357, 1742386551.4825602, 1742386551.5857048, 1742386551.6876943, 1742386551.789669, 1742386551.8916452, 1742386551.9935753, 1742386552.0954235, 1742386552.1973677, 1742386552.299382, 1742386552.401328, 1742386552.5033076, 1742386552.6054218, 1742386552.7073686, 1742386552.8094068, 1742386552.9114125, 1742386553.013436, 1742386553.1164913, 1742386553.218413, 1742386553.3203702, 1742386553.4223387, 1742386553.5242877, 1742386553.6262298, 1742386553.7282088, 1742386553.8301215, 1742386553.932096, 1742386554.0340462, 1742386554.1360302, 1742386554.2379663, 1742386554.3399894, 1742386554.443102, 1742386554.5451198, 1742386554.647055, 1742386554.749053, 1742386554.8509688, 1742386554.952983, 1742386555.0549018, 1742386555.1568532, 1742386555.2596443, 1742386555.3626149, 1742386555.4657633, 1742386555.5687706, 1742386555.6703267, 1742386555.773419, 1742386555.8764513, 1742386555.979352, 1742386556.0824745, 1742386556.1855533, 1742386556.2885542, 1742386556.3913364, 1742386556.4941885, 1742386556.5961134, 1742386556.6980295, 1742386556.799989, 1742386556.9019122, 1742386557.003912, 1742386557.1058412, 1742386557.2081544, 1742386557.3101041, 1742386557.4120758, 1742386557.5140128, 1742386557.6160066, 1742386557.7180107, 1742386557.8199797, 1742386557.9218721, 1742386558.023829, 1742386558.1258647, 1742386558.2290313, 1742386558.3310328, 1742386558.433011, 1742386558.5348055, 1742386558.6368668, 1742386558.7405832, 1742386558.8424993, 1742386558.9444873, 1742386559.046424, 1742386559.1484, 1742386559.2519028, 1742386559.353843, 1742386559.4557986, 1742386559.5577276, 1742386559.6596575, 1742386559.7616205, 1742386559.8635657, 1742386559.9655182, 1742386560.0675032, 1742386560.1694787, 1742386560.2714362, 1742386560.3733509, 1742386560.4753196, 1742386560.577263, 1742386560.679227, 1742386560.781193, 1742386560.8830898, 1742386560.9850545, 1742386561.0869956, 1742386561.1889806, 1742386561.2909205, 1742386561.39286, 1742386561.4948115, 1742386561.5967515, 1742386561.6987216, 1742386561.8005652, 1742386561.9024043, 1742386562.0043542, 1742386562.1063135, 1742386562.2082655, 1742386562.3102157, 1742386562.412186, 1742386562.5141566, 1742386562.6162086, 1742386562.7181392, 1742386562.8200912, 1742386562.9220445, 1742386563.0240767, 1742386563.1259916, 1742386563.227948, 1742386563.3298502, 1742386563.432382, 1742386563.536109, 1742386563.6380796, 1742386563.7402716, 1742386563.842221, 1742386563.944234, 1742386564.047573, 1742386564.1505644, 1742386564.2524142, 1742386564.3546307, 1742386564.4577515, 1742386564.5607321, 1742386564.6637573, 1742386564.766779, 1742386564.8695652, 1742386564.9723935, 1742386565.075323, 1742386565.1783526, 1742386565.2798789, 1742386565.3814359, 1742386565.4833229, 1742386565.585209, 1742386565.6871498, 1742386565.7891178, 1742386565.891047, 1742386565.9944258, 1742386566.0963914, 1742386566.1984582, 1742386566.30041, 1742386566.4023442, 1742386566.5050287, 1742386566.6069772, 1742386566.7088957, 1742386566.8108702, 1742386566.912742, 1742386567.0146947, 1742386567.1166632, 1742386567.2186434, 1742386567.3205185, 1742386567.4224439, 1742386567.5243883, 1742386567.6263545, 1742386567.7283318, 1742386567.8304052, 1742386567.9323382, 1742386568.0342946, 1742386568.1363156, 1742386568.238268, 1742386568.3400748, 1742386568.441977, 1742386568.5440152, 1742386568.6459591, 1742386568.7479534, 1742386568.850586, 1742386568.952624, 1742386569.0545871, 1742386569.1565304, 1742386569.258491, 1742386569.360539, 1742386569.4625113, 1742386569.5644288, 1742386569.6663754, 1742386569.7683454, 1742386569.8703036, 1742386569.9723277, 1742386570.0742698, 1742386570.1762142, 1742386570.2782042, 1742386570.380153, 1742386570.48209, 1742386570.5840373, 1742386570.6859818, 1742386570.787916, 1742386570.8898878, 1742386570.9918406, 1742386571.093813, 1742386571.1971993, 1742386571.2991521, 1742386571.4011457, 1742386571.5030782, 1742386571.6046216, 1742386571.7066681, 1742386571.808674, 1742386571.910644, 1742386572.0127337, 1742386572.114682, 1742386572.2166789, 1742386572.318674, 1742386572.4206548, 1742386572.5226066, 1742386572.6246085, 1742386572.7265418, 1742386572.828484, 1742386572.9303877, 1742386573.0333169, 1742386573.1352997, 1742386573.237271, 1742386573.3390229, 1742386573.4420345, 1742386573.5439193, 1742386573.6457944, 1742386573.7489066, 1742386573.851893, 1742386573.9549825, 1742386574.058051, 1742386574.1603658, 1742386574.2634647, 1742386574.3665752, 1742386574.4694104, 1742386574.572002, 1742386574.6748292, 1742386574.7767327, 1742386574.8787236, 1742386574.980623, 1742386575.0826776, 1742386575.1846583, 1742386575.286575, 1742386575.3885612, 1742386575.4904633, 1742386575.5925698, 1742386575.694533, 1742386575.7965095, 1742386575.8984115, 1742386576.0003636, 1742386576.1023345, 1742386576.20431, 1742386576.3062258, 1742386576.4081306, 1742386576.5100248, 1742386576.6119823, 1742386576.7139513, 1742386576.8159485, 1742386576.9179015, 1742386577.0198507, 1742386577.1218252, 1742386577.2238257, 1742386577.3257737, 1742386577.4277303, 1742386577.5296564, 1742386577.6316128, 1742386577.733612, 1742386577.8355587, 1742386577.9375439, 1742386578.0393326, 1742386578.1411955, 1742386578.2432306, 1742386578.3451946, 1742386578.4471757, 1742386578.549124, 1742386578.6510458, 1742386578.752995, 1742386578.854923, 1742386578.9569652, 1742386579.058888, 1742386579.1608102, 1742386579.2628288, 1742386579.3648162, 1742386579.4672258, 1742386579.5691557, 1742386579.6711686, 1742386579.7731895, 1742386579.8751597, 1742386579.9775124, 1742386580.0806785, 1742386580.1823874, 1742386580.2852304, 1742386580.3875394, 1742386580.4905038, 1742386580.5937126, 1742386580.6966853, 1742386580.7997298, 1742386580.9013383, 1742386581.0031996, 1742386581.105144, 1742386581.2070389, 1742386581.3088887, 1742386581.4110258, 1742386581.5129735, 1742386581.6149302, 1742386581.716867, 1742386581.8188336, 1742386581.9207754, 1742386582.0226498, 1742386582.1245947, 1742386582.2265425, 1742386582.3304856, 1742386582.432462, 1742386582.5344133, 1742386582.6364038, 1742386582.7383413, 1742386582.8405335, 1742386582.9425302, 1742386583.0445654, 1742386583.1465316, 1742386583.2484987, 1742386583.3504682, 1742386583.4524057, 1742386583.554385, 1742386583.656368, 1742386583.7583077, 1742386583.8602176, 1742386583.9621942, 1742386584.0641868, 1742386584.166157, 1742386584.268097, 1742386584.3700593, 1742386584.472051, 1742386584.5738997, 1742386584.6758459, 1742386584.7778225, 1742386584.8797758, 1742386584.981715, 1742386585.0837991, 1742386585.1857452, 1742386585.2876658, 1742386585.3896403, 1742386585.4915545, 1742386585.593581, 1742386585.6954966, 1742386585.7974613, 1742386585.899421, 1742386586.0013516, 1742386586.1033545, 1742386586.2052867, 1742386586.3072455, 1742386586.4092083, 1742386586.511949, 1742386586.615709, 1742386586.7176888, 1742386586.8196323, 1742386586.9215796, 1742386587.0235255, 1742386587.1269932, 1742386587.228978, 1742386587.3309639, 1742386587.4329145, 1742386587.5349102, 1742386587.6368964, 1742386587.7387912, 1742386587.8406966, 1742386587.9426544, 1742386588.0446188, 1742386588.146604, 1742386588.2485921, 1742386588.3505678, 1742386588.452549, 1742386588.554555, 1742386588.6565492, 1742386588.7600658, 1742386588.863098, 1742386588.965856, 1742386589.0681958, 1742386589.177704, 1742386589.2809558, 1742386589.3839612, 1742386589.4867733, 1742386589.5898712, 1742386589.691878, 1742386589.793998, 1742386589.895927, 1742386589.9994338, 1742386590.101371, 1742386590.2032907, 1742386590.3052318, 1742386590.40714, 1742386590.509082, 1742386590.6110513, 1742386590.7130146, 1742386590.8150005, 1742386590.9170437, 1742386591.018989, 1742386591.1209936, 1742386591.2229593, 1742386591.324878, 1742386591.42687, 1742386591.5288188, 1742386591.6307666, 1742386591.732783, 1742386591.8358836, 1742386591.9378905, 1742386592.0398426, 1742386592.1418238, 1742386592.243739, 1742386592.3456774, 1742386592.447639, 1742386592.549577, 1742386592.6515338, 1742386592.7535083, 1742386592.8554492, 1742386592.9578826, 1742386593.0600262, 1742386593.161984, 1742386593.2639415, 1742386593.3659406, 1742386593.4679008, 1742386593.5698607, 1742386593.6718552, 1742386593.7737703, 1742386593.8757424, 1742386593.9777272, 1742386594.0797348, 1742386594.1816626, 1742386594.2835326, 1742386594.3855019, 1742386594.487961, 1742386594.5909445, 1742386594.692906, 1742386594.7948513, 1742386594.8968182, 1742386594.998753, 1742386595.1006825, 1742386595.202646, 1742386595.3046014, 1742386595.4066923, 1742386595.5093443, 1742386595.611309, 1742386595.713278, 1742386595.8152235, 1742386595.9174495, 1742386596.0193915, 1742386596.121337, 1742386596.223292, 1742386596.3252542, 1742386596.4272478, 1742386596.5292206, 1742386596.6313117, 1742386596.7343721, 1742386596.837511, 1742386596.9403374, 1742386597.0418348, 1742386597.144337, 1742386597.2471702, 1742386597.3502731, 1742386597.453425, 1742386597.5553436, 1742386597.6577275, 1742386597.7596564, 1742386597.8615668, 1742386597.9635348, 1742386598.0654995, 1742386598.1696055, 1742386598.271526, 1742386598.3734787, 1742386598.4754124, 1742386598.578158, 1742386598.6801214, 1742386598.782054, 1742386598.8839846, 1742386598.985939, 1742386599.0878737, 1742386599.189852, 1742386599.2918332, 1742386599.39381, 1742386599.495746, 1742386599.5976822, 1742386599.699657, 1742386599.8016112, 1742386599.9035585, 1742386600.0055149, 1742386600.1074662, 1742386600.2094421, 1742386600.3113716, 1742386600.413381, 1742386600.5163054, 1742386600.6182485, 1742386600.720222, 1742386600.8221018, 1742386600.9240146, 1742386601.025971, 1742386601.127952, 1742386601.229862, 1742386601.3317478, 1742386601.4336872, 1742386601.5356803, 1742386601.6375954, 1742386601.7395856, 1742386601.8415675, 1742386601.943521, 1742386602.0454628, 1742386602.1473818, 1742386602.2493792, 1742386602.3513339, 1742386602.4532752, 1742386602.5552108, 1742386602.6571712, 1742386602.7591202, 1742386602.8627675, 1742386602.9647765, 1742386603.0667017, 1742386603.168662, 1742386603.2711713, 1742386603.3731012, 1742386603.4750552, 1742386603.5770042, 1742386603.678952, 1742386603.7808595, 1742386603.8828135, 1742386603.9847636, 1742386604.0867164, 1742386604.188615, 1742386604.2905333, 1742386604.3925028, 1742386604.4944127, 1742386604.5963895, 1742386604.6989825, 1742386604.800906, 1742386604.90305, 1742386605.0049777, 1742386605.1069076, 1742386605.210993, 1742386605.312977, 1742386605.4149165, 1742386605.5166333, 1742386605.6195972, 1742386605.7225618, 1742386605.8245406, 1742386605.9264553, 1742386606.0284133, 1742386606.1302955, 1742386606.2322245, 1742386606.3341095, 1742386606.4360092, 1742386606.537931, 1742386606.6398592, 1742386606.7417915, 1742386606.8437135, 1742386606.9456635, 1742386607.047568, 1742386607.1495116, 1742386607.251507, 1742386607.3533056, 1742386607.455241, 1742386607.558008, 1742386607.6594262, 1742386607.7618713, 1742386607.8649635, 1742386607.9671636, 1742386608.0693374, 1742386608.172565, 1742386608.2756526, 1742386608.3773122, 1742386608.4800117, 1742386608.582891, 1742386608.6844275, 1742386608.7863386, 1742386608.8883429, 1742386608.9902353, 1742386609.0921593, 1742386609.1941235, 1742386609.2960894, 1742386609.3977695, 1742386609.4996715, 1742386609.601949, 1742386609.7039006, 1742386609.8058455, 1742386609.908624, 1742386610.0105717, 1742386610.1125093, 1742386610.2144177, 1742386610.3302004, 1742386610.4335988, 1742386610.535436, 1742386610.6372814, 1742386610.739235, 1742386610.841221, 1742386610.943247, 1742386611.0454032, 1742386611.1473606, 1742386611.2493305, 1742386611.3512506, 1742386611.4532313, 1742386611.5551698, 1742386611.6571732, 1742386611.7591324, 1742386611.8611581, 1742386611.9631383, 1742386612.0651016, 1742386612.1670575, 1742386612.2697756, 1742386612.3717475, 1742386612.4736996, 1742386612.5756154, 1742386612.6775637, 1742386612.7815015, 1742386612.8834927, 1742386612.985433, 1742386613.0873528, 1742386613.1893075, 1742386613.2913108, 1742386613.3932834, 1742386613.495198, 1742386613.59719, 1742386613.699119, 1742386613.8009722, 1742386613.9029453, 1742386614.004943, 1742386614.1069167, 1742386614.208874, 1742386614.3107874, 1742386614.4127455, 1742386614.5146878, 1742386614.6182606, 1742386614.7202394, 1742386614.8221695, 1742386614.9241765, 1742386615.0261598, 1742386615.1285694, 1742386615.2305512, 1742386615.3324606, 1742386615.43439, 1742386615.536347, 1742386615.6383321, 1742386615.7402503, 1742386615.8422322, 1742386615.9442246, 1742386616.0461655, 1742386616.1481357, 1742386616.2500772, 1742386616.3520362, 1742386616.4539552, 1742386616.5558693, 1742386616.6578104, 1742386616.7607522, 1742386616.8639224, 1742386616.9670215, 1742386617.070077, 1742386617.1732361, 1742386617.276029, 1742386617.3786502, 1742386617.4813328, 1742386617.5839279, 1742386617.6869926, 1742386617.790179, 1742386617.8927228, 1742386617.9952722, 1742386618.0981224, 1742386618.2008798, 1742386618.3031092, 1742386618.40504, 1742386618.508221, 1742386618.6101565, 1742386618.7134526, 1742386618.8153677, 1742386618.918514, 1742386619.0204737, 1742386619.1224818, 1742386619.2244184, 1742386619.3263938, 1742386619.4283438, 1742386619.5303216, 1742386619.6322412, 1742386619.7343357, 1742386619.8362782, 1742386619.9382117, 1742386620.040179, 1742386620.1421213, 1742386620.2440684, 1742386620.3459551, 1742386620.4479136, 1742386620.5498755, 1742386620.6518488, 1742386620.7537413, 1742386620.8556967, 1742386620.9576602, 1742386621.0596328, 1742386621.1615367, 1742386621.2634888, 1742386621.3654351, 1742386621.4673975, 1742386621.5690732, 1742386621.6710792, 1742386621.773071, 1742386621.8750277, 1742386621.9769623, 1742386622.0789647, 1742386622.180962, 1742386622.282944, 1742386622.3849308, 1742386622.4868937, 1742386622.5888278, 1742386622.690772, 1742386622.7927816, 1742386622.894742, 1742386622.99666, 1742386623.0989788, 1742386623.2009695, 1742386623.3043203, 1742386623.4062755, 1742386623.5086613, 1742386623.610543, 1742386623.7125723, 1742386623.8145044, 1742386623.9166718, 1742386624.018637, 1742386624.1205928, 1742386624.2225947, 1742386624.3245578, 1742386624.426475, 1742386624.5285017, 1742386624.6315565, 1742386624.7347212, 1742386624.8377314, 1742386624.9406688, 1742386625.0435445, 1742386625.1484082, 1742386625.2513473, 1742386625.354099, 1742386625.4569614, 1742386625.5600555, 1742386625.6631196, 1742386625.7650604, 1742386625.8670073, 1742386625.9689453, 1742386626.0708766, 1742386626.17277, 1742386626.2746825, 1742386626.376578, 1742386626.478514, 1742386626.5804582, 1742386626.682366, 1742386626.7841759, 1742386626.8861418, 1742386626.9881258, 1742386627.090067, 1742386627.192072, 1742386627.2940013, 1742386627.3959804, 1742386627.498966, 1742386627.6009505, 1742386627.7029774, 1742386627.805004, 1742386627.9070055, 1742386628.00895, 1742386628.110888, 1742386628.2128732, 1742386628.3147876, 1742386628.4168968, 1742386628.518856, 1742386628.6208742, 1742386628.7228012, 1742386628.824762, 1742386628.926726, 1742386629.0287113, 1742386629.1306708, 1742386629.2326722, 1742386629.3346157, 1742386629.4365716, 1742386629.5385294, 1742386629.6407151, 1742386629.7432852, 1742386629.8452613, 1742386629.947167, 1742386630.0497172, 1742386630.1515677, 1742386630.2536204, 1742386630.355568, 1742386630.4576328, 1742386630.5596101, 1742386630.6615252, 1742386630.7634635, 1742386630.8656118, 1742386630.9675767, 1742386631.069534, 1742386631.1714747, 1742386631.2733953, 1742386631.3753386, 1742386631.47733, 1742386631.5793068, 1742386631.681252, 1742386631.783204, 1742386631.8851635, 1742386631.9873846, 1742386632.0898721, 1742386632.191849, 1742386632.2953973, 1742386632.3981442, 1742386632.5009234, 1742386632.6041703, 1742386632.7068946, 1742386632.8099723, 1742386632.9130378, 1742386633.0151222, 1742386633.1177723, 1742386633.22062, 1742386633.3224652, 1742386633.4254065, 1742386633.5273132, 1742386633.6292496, 1742386633.7311301, 1742386633.8330648, 1742386633.934978, 1742386634.0369518, 1742386634.1388574, 1742386634.240774, 1742386634.3427567, 1742386634.444708, 1742386634.5466769, 1742386634.6486316, 1742386634.7505746, 1742386634.8525288, 1742386634.954432, 1742386635.0563343, 1742386635.158279, 1742386635.2601972, 1742386635.3621767, 1742386635.4641564, 1742386635.5661552, 1742386635.6681607, 1742386635.7705712, 1742386635.872541, 1742386635.9744883, 1742386636.0764508, 1742386636.1784296, 1742386636.2803988, 1742386636.3822846, 1742386636.4842277, 1742386636.5857513, 1742386636.6876936, 1742386636.7896469, 1742386636.8915684, 1742386636.9935737, 1742386637.0959077, 1742386637.1978533, 1742386637.2998056, 1742386637.4017758, 1742386637.5036213, 1742386637.6056294, 1742386637.707592, 1742386637.8095856, 1742386637.9115226, 1742386638.0134761, 1742386638.1154346, 1742386638.2173893, 1742386638.3192923, 1742386638.4212637, 1742386638.5231977, 1742386638.6251433, 1742386638.7271557, 1742386638.829083, 1742386638.9310167, 1742386639.0330043, 1742386639.1361406, 1742386639.2390928, 1742386639.3418818, 1742386639.4437258, 1742386639.5467508, 1742386639.649423, 1742386639.7599778, 1742386639.8627994, 1742386639.9660618, 1742386640.0690842, 1742386640.1721115, 1742386640.2749064, 1742386640.3768053, 1742386640.4787343, 1742386640.5805638, 1742386640.6825511, 1742386640.7844987, 1742386640.8864105, 1742386640.9883554, 1742386641.0902712, 1742386641.19237, 1742386641.2943506, 1742386641.3963168, 1742386641.4982321, 1742386641.60019, 1742386641.7022321, 1742386641.8041823, 1742386641.9061208, 1742386642.008047, 1742386642.1099849, 1742386642.2119074, 1742386642.3138607, 1742386642.415853, 1742386642.5174978, 1742386642.619505, 1742386642.7217278, 1742386642.823673, 1742386642.9256346, 1742386643.028218, 1742386643.1301172, 1742386643.2320018, 1742386643.333959, 1742386643.4358718, 1742386643.5379012, 1742386643.639857, 1742386643.7418299, 1742386643.8441892, 1742386643.9461205, 1742386644.0481067, 1742386644.150051, 1742386644.2519968, 1742386644.3539734, 1742386644.4558802, 1742386644.5577803, 1742386644.6597128, 1742386644.7617438, 1742386644.8638628, 1742386644.9658384, 1742386645.0678306, 1742386645.1697712, 1742386645.2717998, 1742386645.373894, 1742386645.475889, 1742386645.5778406, 1742386645.6797786, 1742386645.781694, 1742386645.883669, 1742386645.9856215, 1742386646.0875843, 1742386646.189539, 1742386646.2913961, 1742386646.3932397, 1742386646.4951649, 1742386646.5971653, 1742386646.69991, 1742386646.8018942, 1742386646.9039762, 1742386647.0058846, 1742386647.1078374, 1742386647.2112827, 1742386647.313286, 1742386647.4152064, 1742386647.5171604, 1742386647.6190174, 1742386647.7210188, 1742386647.8230324, 1742386647.9249575, 1742386648.0268826, 1742386648.128806, 1742386648.230797, 1742386648.3339417, 1742386648.4370039, 1742386648.5403404, 1742386648.6422384, 1742386648.7449126, 1742386648.847379, 1742386648.9505773, 1742386649.053697, 1742386649.1552184, 1742386649.258351, 1742386649.3612418, 1742386649.4637003, 1742386649.5654466, 1742386649.668271, 1742386649.7710464, 1742386649.8739512, 1742386649.9759107, 1742386650.0778325, 1742386650.179771, 1742386650.2814186, 1742386650.3833432, 1742386650.4858744, 1742386650.5878432, 1742386650.6898086, 1742386650.791994, 1742386650.8939657, 1742386650.9959195, 1742386651.0978327, 1742386651.199765, 1742386651.3017032, 1742386651.403637, 1742386651.505549, 1742386651.6075218, 1742386651.709503, 1742386651.811467, 1742386651.9134178, 1742386652.015375, 1742386652.1173272, 1742386652.219247, 1742386652.3211794, 1742386652.4231153, 1742386652.5250528, 1742386652.6269853, 1742386652.728969, 1742386652.830753, 1742386652.9327092, 1742386653.0345747, 1742386653.1365235, 1742386653.238471, 1742386653.3404768, 1742386653.4423842, 1742386653.5443866, 1742386653.6463609, 1742386653.7483246, 1742386653.850287, 1742386653.9522521, 1742386654.0542119, 1742386654.1561697, 1742386654.2580924, 1742386654.3600087, 1742386654.461963, 1742386654.563916, 1742386654.6658986, 1742386654.767847, 1742386654.869826, 1742386654.9718032, 1742386655.0737557, 1742386655.1757145, 1742386655.2776651, 1742386655.3796334, 1742386655.4816015, 1742386655.583527, 1742386655.6854956, 1742386655.7874663, 1742386655.8893964, 1742386655.9913905, 1742386656.0928352, 1742386656.195269, 1742386656.2981799, 1742386656.40119, 1742386656.503926, 1742386656.6062293, 1742386656.7078142, 1742386656.8091552, 1742386656.9120884, 1742386657.0146856, 1742386657.1166437, 1742386657.219379, 1742386657.3223972, 1742386657.4251804, 1742386657.5272617, 1742386657.6291454, 1742386657.7311065, 1742386657.8330042, 1742386657.9349096, 1742386658.0368621, 1742386658.1388376, 1742386658.2407227, 1742386658.3426192, 1742386658.444615, 1742386658.5465338, 1742386658.6484797, 1742386658.7504337, 1742386658.8524215, 1742386658.9543276, 1742386659.0562487, 1742386659.158185, 1742386659.2600913, 1742386659.3619366, 1742386659.463883, 1742386659.5676448, 1742386659.669651, 1742386659.7715578, 1742386659.873536, 1742386659.975517, 1742386660.0774364, 1742386660.1793783, 1742386660.2814229, 1742386660.3833961, 1742386660.4853315, 1742386660.5873218, 1742386660.6893287, 1742386660.7914226, 1742386660.8933775, 1742386660.99537, 1742386661.097314, 1742386661.1992579, 1742386661.3011718, 1742386661.4031363, 1742386661.505058, 1742386661.6069155, 1742386661.708926, 1742386661.8108873, 1742386661.9128184, 1742386662.0147643, 1742386662.1167111, 1742386662.2199485, 1742386662.3218765, 1742386662.4238281, 1742386662.5257063, 1742386662.627588, 1742386662.7295966, 1742386662.8314955, 1742386662.933527, 1742386663.0355003, 1742386663.1374478, 1742386663.2393844, 1742386663.3413882, 1742386663.4433455, 1742386663.5452843, 1742386663.6472638, 1742386663.7492359, 1742386663.85122, 1742386663.9531672, 1742386664.0551631, 1742386664.1578937, 1742386664.2598116, 1742386664.3617444, 1742386664.4637165, 1742386664.5656657, 1742386664.6676378, 1742386664.7700634, 1742386664.873808, 1742386664.9774244, 1742386665.0790603, 1742386665.1817703, 1742386665.2847083, 1742386665.3861525, 1742386665.4892716, 1742386665.5919986, 1742386665.6946414, 1742386665.7976017, 1742386665.9011083, 1742386666.0045264, 1742386666.1076012, 1742386666.2107072, 1742386666.313734, 1742386666.4168718, 1742386666.5199094, 1742386666.622945, 1742386666.7249677, 1742386666.8268983, 1742386666.9288316, 1742386667.0307395, 1742386667.1327121, 1742386667.2346256, 1742386667.336628, 1742386667.4385421, 1742386667.5405607, 1742386667.6425173, 1742386667.7445145, 1742386667.8464563, 1742386667.9483957, 1742386668.0509913, 1742386668.1529598, 1742386668.2548952, 1742386668.3568835, 1742386668.4588373, 1742386668.5609367, 1742386668.6628678, 1742386668.7661073, 1742386668.8681157, 1742386668.9711173, 1742386669.0729663, 1742386669.1748803, 1742386669.2768724, 1742386669.3788962, 1742386669.4809177, 1742386669.5828757, 1742386669.6848712, 1742386669.7868998, 1742386669.8889112, 1742386669.9908812, 1742386670.0929043, 1742386670.194962, 1742386670.2968667, 1742386670.3988044, 1742386670.5007777, 1742386670.6027596, 1742386670.7047246, 1742386670.8066814, 1742386670.9086297, 1742386671.0105436, 1742386671.1124752, 1742386671.214474, 1742386671.3164194, 1742386671.418424, 1742386671.5203366, 1742386671.6223137, 1742386671.7242439, 1742386671.8262618, 1742386671.9282115, 1742386672.030184, 1742386672.132233, 1742386672.234207, 1742386672.3361216, 1742386672.438117, 1742386672.5406437, 1742386672.6426575, 1742386672.7458484, 1742386672.8472834, 1742386672.9494843, 1742386673.0527132, 1742386673.1558187, 1742386673.2587075, 1742386673.3618433, 1742386673.465027, 1742386673.567833, 1742386673.6705582, 1742386673.7737043, 1742386673.8767912, 1742386673.9797676, 1742386674.0828156, 1742386674.1852674, 1742386674.287227, 1742386674.3891852, 1742386674.4911351, 1742386674.593086, 1742386674.6950483, 1742386674.7971132, 1742386674.8990378, 1742386675.000996, 1742386675.102915, 1742386675.2048464, 1742386675.3067944, 1742386675.4087474, 1742386675.510999, 1742386675.6127808, 1742386675.7146878, 1742386675.8166435, 1742386675.9186475, 1742386676.0207841, 1742386676.1227896, 1742386676.2247636, 1742386676.3266876, 1742386676.428684, 1742386676.532523, 1742386676.6345184, 1742386676.7365148, 1742386676.8384473, 1742386676.940371, 1742386677.042388, 1742386677.144373, 1742386677.2463179, 1742386677.3483121, 1742386677.4502275, 1742386677.5522623, 1742386677.6542256, 1742386677.7562084, 1742386677.8581583, 1742386677.9601247, 1742386678.0620716, 1742386678.1640499, 1742386678.2659876, 1742386678.3679476, 1742386678.469878, 1742386678.5718093, 1742386678.6737425, 1742386678.7756329, 1742386678.8780396, 1742386678.98003, 1742386679.081981, 1742386679.1839488, 1742386679.2858462, 1742386679.3878386, 1742386679.4897625, 1742386679.5916953, 1742386679.6936545, 1742386679.7955477, 1742386679.8975449, 1742386679.9994822, 1742386680.1014888, 1742386680.2034087, 1742386680.3053174, 1742386680.4073262, 1742386680.509296, 1742386680.6112576, 1742386680.7129872, 1742386680.8149714, 1742386680.916915, 1742386681.018852, 1742386681.1209123, 1742386681.2231164, 1742386681.3251116, 1742386681.4270973, 1742386681.5290132, 1742386681.6309474, 1742386681.732977, 1742386681.8349211, 1742386681.936883, 1742386682.0382583, 1742386682.14141, 1742386682.2435625, 1742386682.345579, 1742386682.449041, 1742386682.5507245, 1742386682.653514, 1742386682.756198, 1742386682.8587193, 1742386682.9604254, 1742386683.062095, 1742386683.1649387, 1742386683.2678888, 1742386683.3736727, 1742386683.4767268, 1742386683.579567, 1742386683.6824858, 1742386683.7851882, 1742386683.8880453, 1742386683.9899762, 1742386684.0918996, 1742386684.19379, 1742386684.2957494, 1742386684.3976684, 1742386684.499593, 1742386684.60152, 1742386684.7034693, 1742386684.8056161, 1742386684.9075785, 1742386685.0095375, 1742386685.111919, 1742386685.2138867, 1742386685.315682, 1742386685.417897, 1742386685.5197806, 1742386685.6228113, 1742386685.7247221, 1742386685.8279018, 1742386685.9298985, 1742386686.0324798, 1742386686.134444, 1742386686.2377474, 1742386686.3396816, 1742386686.4425533, 1742386686.5445614, 1742386686.646557, 1742386686.7485335, 1742386686.8504877, 1742386686.9524927, 1742386687.0544355, 1742386687.1563964, 1742386687.2583086, 1742386687.3602045, 1742386687.4620993, 1742386687.5640721, 1742386687.666008, 1742386687.767956, 1742386687.8698633, 1742386687.971881, 1742386688.0737715, 1742386688.1757202, 1742386688.2778997, 1742386688.3798573, 1742386688.4817493, 1742386688.5835574, 1742386688.685504, 1742386688.7874272, 1742386688.8894072, 1742386688.9913511, 1742386689.0933056, 1742386689.1952434, 1742386689.2971625, 1742386689.399093, 1742386689.5010488, 1742386689.6029878, 1742386689.704968, 1742386689.806974, 1742386689.908898, 1742386690.0108418, 1742386690.1128075, 1742386690.214477, 1742386690.3173237, 1742386690.420044, 1742386690.5227258, 1742386690.6250956, 1742386690.7274392, 1742386690.8295796, 1742386690.9322348, 1742386691.0349784, 1742386691.1379986, 1742386691.240662, 1742386691.343688, 1742386691.4466827, 1742386691.5487368, 1742386691.6512973, 1742386691.754234, 1742386691.8559973, 1742386691.9578912, 1742386692.059858, 1742386692.161791, 1742386692.2639863, 1742386692.3658836, 1742386692.4678867, 1742386692.5698338, 1742386692.6717386, 1742386692.77368, 1742386692.8756437, 1742386692.9775949, 1742386693.0795188, 1742386693.1814978, 1742386693.283435, 1742386693.3853526, 1742386693.487266, 1742386693.5896838, 1742386693.6924038, 1742386693.7943695, 1742386693.8962984, 1742386693.9982326, 1742386694.100209, 1742386694.2022722, 1742386694.304207, 1742386694.4061875, 1742386694.5081437, 1742386694.6100528, 1742386694.71204, 1742386694.8140368, 1742386694.9160366, 1742386695.01794, 1742386695.1197577, 1742386695.221714, 1742386695.323644, 1742386695.4257855, 1742386695.5276608, 1742386695.629624, 1742386695.7315965, 1742386695.8334928, 1742386695.935405, 1742386696.0373774, 1742386696.1391056, 1742386696.2410336, 1742386696.3429592, 1742386696.4449105, 1742386696.5468187, 1742386696.6487467, 1742386696.7506351, 1742386696.852675, 1742386696.9546278, 1742386697.0565054, 1742386697.1584263, 1742386697.260423, 1742386697.3624167, 1742386697.4643455, 1742386697.566448, 1742386697.66846, 1742386697.7704146, 1742386697.8723934, 1742386697.9743474, 1742386698.0769727, 1742386698.1789267, 1742386698.280851, 1742386698.3828135, 1742386698.4847782, 1742386698.5867205, 1742386698.6887112, 1742386698.7906158, 1742386698.8926048, 1742386698.9945798, 1742386699.096536, 1742386699.1984456, 1742386699.3003957, 1742386699.4041216, 1742386699.5071452, 1742386699.6095908, 1742386699.7128348, 1742386699.8151903, 1742386699.9173236, 1742386700.0201693, 1742386700.1231449, 1742386700.2255676, 1742386700.3296454, 1742386700.4327414, 1742386700.5356581, 1742386700.6387851, 1742386700.7405195, 1742386700.8424323, 1742386700.9443948, 1742386701.0465093, 1742386701.1484537, 1742386701.2503998, 1742386701.352389, 1742386701.4544873, 1742386701.5565872, 1742386701.6584742, 1742386701.7604716, 1742386701.8623915, 1742386701.9643795, 1742386702.0663254, 1742386702.1682386, 1742386702.2701676, 1742386702.372103, 1742386702.4740193, 1742386702.5759637, 1742386702.6779432, 1742386702.7798948, 1742386702.8818536, 1742386702.9837608, 1742386703.0857165, 1742386703.1877337, 1742386703.2896566, 1742386703.3915524, 1742386703.4935305, 1742386703.5954995, 1742386703.697512, 1742386703.7992048, 1742386703.9012048, 1742386704.0031252, 1742386704.105134, 1742386704.2071953, 1742386704.309569, 1742386704.4115624, 1742386704.513536, 1742386704.6154327, 1742386704.7174144, 1742386704.8193157, 1742386704.9212413, 1742386705.0231714, 1742386705.1251335, 1742386705.2270782, 1742386705.329073, 1742386705.431022, 1742386705.5329854, 1742386705.6349375, 1742386705.7369676, 1742386705.8389387, 1742386705.9409282, 1742386706.042932, 1742386706.146703, 1742386706.2487073, 1742386706.3506184, 1742386706.4525812, 1742386706.5549238, 1742386706.6569219, 1742386706.7588766, 1742386706.860866, 1742386706.9627922, 1742386707.0646925, 1742386707.1667738, 1742386707.268754, 1742386707.3707, 1742386707.4728866, 1742386707.574787, 1742386707.6768787, 1742386707.7788162, 1742386707.880772, 1742386707.9827068, 1742386708.084568, 1742386708.1864572, 1742386708.2884305, 1742386708.3904338, 1742386708.4924037, 1742386708.594398, 1742386708.6963775, 1742386708.7977488, 1742386708.9008486, 1742386709.0037644, 1742386709.1056747, 1742386709.2076416, 1742386709.3095553, 1742386709.411542, 1742386709.5135138, 1742386709.6154296, 1742386709.7174022, 1742386709.8193433, 1742386709.9213285, 1742386710.023236, 1742386710.1257672, 1742386710.227712, 1742386710.3296316, 1742386710.4315977, 1742386710.5335171, 1742386710.635453, 1742386710.7373483, 1742386710.840945, 1742386710.9428833, 1742386711.04613, 1742386711.1492937, 1742386711.2524455, 1742386711.3555386, 1742386711.457533, 1742386711.5602388, 1742386711.6639194, 1742386711.7669091, 1742386711.8697908, 1742386711.972607, 1742386712.0745406, 1742386712.1764832, 1742386712.2783422, 1742386712.38108, 1742386712.4830132, 1742386712.584959, 1742386712.686904, 1742386712.7888486, 1742386712.8909159, 1742386712.9928453, 1742386713.0948021, 1742386713.1967587, 1742386713.2986455, 1742386713.400589, 1742386713.5025241, 1742386713.6045158, 1742386713.7064385, 1742386713.8085659, 1742386713.9105864, 1742386714.0125706, 1742386714.114512, 1742386714.2171564, 1742386714.320922, 1742386714.4229164, 1742386714.5248265, 1742386714.626666, 1742386714.7286758, 1742386714.8306396, 1742386714.9326448, 1742386715.0345874, 1742386715.1367424, 1742386715.23868, 1742386715.3406384, 1742386715.442613, 1742386715.5448675, 1742386715.646858, 1742386715.748819, 1742386715.8507557, 1742386715.9527357, 1742386716.0546875, 1742386716.1566856, 1742386716.2587159, 1742386716.3607147, 1742386716.4627497, 1742386716.5646927, 1742386716.6666644, 1742386716.7686155, 1742386716.8705542, 1742386716.9725628, 1742386717.0746067, 1742386717.176582, 1742386717.2785215, 1742386717.3805232, 1742386717.4836934, 1742386717.586216, 1742386717.688191, 1742386717.7900498, 1742386717.8919897, 1742386717.993984, 1742386718.0959637, 1742386718.1980772, 1742386718.30001, 1742386718.4019442, 1742386718.5039132, 1742386718.6058424, 1742386718.7083747, 1742386718.8103297, 1742386718.912264, 1742386719.014243, 1742386719.1162524, 1742386719.2182326, 1742386719.3201618, 1742386719.4220994, 1742386719.5257812, 1742386719.6288612, 1742386719.7306027, 1742386719.8320255, 1742386719.9351437, 1742386720.038261, 1742386720.1411467, 1742386720.2443006, 1742386720.345917, 1742386720.4479365, 1742386720.549876, 1742386720.6522243, 1742386720.7541664, 1742386720.8561845, 1742386720.9581275, 1742386721.0599918, 1742386721.161941, 1742386721.2638876, 1742386721.3658, 1742386721.4677415, 1742386721.569694, 1742386721.6716442, 1742386721.773599, 1742386721.8755863, 1742386721.9775507, 1742386722.0795543, 1742386722.1819842, 1742386722.2839959, 1742386722.385999, 1742386722.4880323, 1742386722.590008, 1742386722.692002, 1742386722.7939906, 1742386722.8960059, 1742386722.9979389, 1742386723.0999217, 1742386723.2018957, 1742386723.3038654, 1742386723.4058044, 1742386723.5077474, 1742386723.6097586, 1742386723.7117379, 1742386723.8137028, 1742386723.9166431, 1742386724.0186138, 1742386724.1206055, 1742386724.222572, 1742386724.3244762, 1742386724.4264083, 1742386724.5283642, 1742386724.6303053, 1742386724.7323115, 1742386724.834246, 1742386724.9362388, 1742386725.0381947, 1742386725.1401672, 1742386725.2421029, 1742386725.3440838, 1742386725.4472814, 1742386725.5492444, 1742386725.6512394, 1742386725.753227, 1742386725.8551838, 1742386725.9572012, 1742386726.059235, 1742386726.1612144, 1742386726.2632115, 1742386726.365187, 1742386726.4671109, 1742386726.5690541, 1742386726.6710649, 1742386726.7730694, 1742386726.8750339, 1742386726.977001, 1742386727.0800014, 1742386727.1823993, 1742386727.285399, 1742386727.3881047, 1742386727.4911072, 1742386727.5929818, 1742386727.6960883, 1742386727.7993958, 1742386727.902294, 1742386728.0051334, 1742386728.1083026, 1742386728.2102659, 1742386728.312166, 1742386728.4141288, 1742386728.516022, 1742386728.6180193, 1742386728.7199426, 1742386728.8219082, 1742386728.9238825, 1742386729.0257964, 1742386729.128559, 1742386729.2304907, 1742386729.3323882, 1742386729.434306, 1742386729.536335, 1742386729.6390665, 1742386729.7410471, 1742386729.8429646, 1742386729.9449484, 1742386730.0468826, 1742386730.1488936, 1742386730.250839, 1742386730.3527877, 1742386730.454733, 1742386730.5566468, 1742386730.6586647, 1742386730.7606397, 1742386730.8625505, 1742386730.9645557, 1742386731.0665245, 1742386731.1685073, 1742386731.2705, 1742386731.3724642, 1742386731.4751918, 1742386731.5772412, 1742386731.6792, 1742386731.7811372, 1742386731.8836992, 1742386731.9857244, 1742386732.087685, 1742386732.1896005, 1742386732.2915752, 1742386732.393529, 1742386732.4956503, 1742386732.5976434, 1742386732.699616, 1742386732.8015869, 1742386732.9035845, 1742386733.005593, 1742386733.107543, 1742386733.209555, 1742386733.3115244, 1742386733.4134974, 1742386733.5154703, 1742386733.6174498, 1742386733.71945, 1742386733.8216357, 1742386733.9235928, 1742386734.0254903, 1742386734.1273556, 1742386734.2293544, 1742386734.331394, 1742386734.4333959, 1742386734.5352662, 1742386734.6372502, 1742386734.7391639, 1742386734.8411553, 1742386734.943135, 1742386735.045119, 1742386735.147062, 1742386735.24902, 1742386735.3509662, 1742386735.4529338, 1742386735.5548823, 1742386735.656876, 1742386735.7587578, 1742386735.8607416, 1742386735.9627335, 1742386736.0647128, 1742386736.1674862, 1742386736.269918, 1742386736.3719234, 1742386736.4738667, 1742386736.5757928, 1742386736.6783516, 1742386736.7802956, 1742386736.8827019, 1742386736.9846826, 1742386737.0866296, 1742386737.188551, 1742386737.2903452, 1742386737.3923063, 1742386737.494234, 1742386737.5961788, 1742386737.6981204, 1742386737.8000872, 1742386737.9020593, 1742386738.004006, 1742386738.1060572, 1742386738.2084906, 1742386738.3103962, 1742386738.4142005, 1742386738.517069, 1742386738.6200335, 1742386738.7233682, 1742386738.8263335, 1742386738.9293435, 1742386739.0314066, 1742386739.134438, 1742386739.237161, 1742386739.3400464, 1742386739.4427783, 1742386739.545872, 1742386739.6489673, 1742386739.7511973, 1742386739.853133, 1742386739.955068, 1742386740.057068, 1742386740.1589992, 1742386740.2616951, 1742386740.3636358, 1742386740.4655597, 1742386740.5674207, 1742386740.6693075, 1742386740.7712388, 1742386740.8731265, 1742386740.9758162, 1742386741.0777466, 1742386741.1796794, 1742386741.2816505, 1742386741.3835864, 1742386741.4855466, 1742386741.5875142, 1742386741.689531, 1742386741.79148, 1742386741.8935375, 1742386741.9955382, 1742386742.0975196, 1742386742.1994915, 1742386742.301453, 1742386742.403423, 1742386742.505369, 1742386742.607378, 1742386742.7093678, 1742386742.8112805, 1742386742.9132254, 1742386743.0152116, 1742386743.117172, 1742386743.2191505, 1742386743.3211956, 1742386743.4231012, 1742386743.5250573, 1742386743.627011, 1742386743.7289772, 1742386743.8305585, 1742386743.9325693, 1742386744.0345616, 1742386744.1365619, 1742386744.2384772, 1742386744.340437, 1742386744.4424224, 1742386744.5444007, 1742386744.6463447, 1742386744.748371, 1742386744.850328, 1742386744.9523041, 1742386745.0542474, 1742386745.1562037, 1742386745.258394, 1742386745.3603184, 1742386745.4622838, 1742386745.5643342, 1742386745.666289, 1742386745.7682652, 1742386745.8702397, 1742386745.9721947, 1742386746.07413, 1742386746.177869, 1742386746.2798283, 1742386746.3817494, 1742386746.4836743, 1742386746.5856671, 1742386746.687614, 1742386746.7901895, 1742386746.8926985, 1742386746.9956076, 1742386747.097855, 1742386747.2009702, 1742386747.3025331, 1742386747.4053328, 1742386747.5079825, 1742386747.6107905, 1742386747.7141325, 1742386747.8168983, 1742386747.9197955, 1742386748.0225668, 1742386748.1252425, 1742386748.2272146, 1742386748.3291616, 1742386748.4310708, 1742386748.5329847, 1742386748.6349375, 1742386748.7368882, 1742386748.8388329, 1742386748.940771, 1742386749.042746, 1742386749.1446762, 1742386749.246582, 1742386749.3485103, 1742386749.4504592, 1742386749.5542614, 1742386749.6562011, 1742386749.7580807, 1742386749.8600278, 1742386749.962048, 1742386750.0641649, 1742386750.1661232, 1742386750.268088, 1742386750.369997, 1742386750.4719553, 1742386750.5739422, 1742386750.6759105, 1742386750.7778654, 1742386750.8798103, 1742386750.9817312, 1742386751.083662, 1742386751.1856172, 1742386751.2875524, 1742386751.3895407, 1742386751.4914672, 1742386751.5933855, 1742386751.6952949, 1742386751.7972393, 1742386751.8999627, 1742386752.0019453, 1742386752.103939, 1742386752.2058597, 1742386752.3077786, 1742386752.4097934, 1742386752.511725, 1742386752.6136825, 1742386752.7156224, 1742386752.817589, 1742386752.919541, 1742386753.0214543, 1742386753.123422, 1742386753.225498, 1742386753.327463, 1742386753.4294033, 1742386753.5382, 1742386753.6401207, 1742386753.742093, 1742386753.8440142, 1742386753.9459574, 1742386754.047903, 1742386754.1498594, 1742386754.2525353, 1742386754.3545034, 1742386754.4564416, 1742386754.5583754, 1742386754.6602902, 1742386754.7622492, 1742386754.8642097, 1742386754.9661553, 1742386755.06811, 1742386755.1700282, 1742386755.272098, 1742386755.374051, 1742386755.476019, 1742386755.578158, 1742386755.6800928, 1742386755.7821646, 1742386755.8840983, 1742386755.9860344, 1742386756.0879934, 1742386756.1910818, 1742386756.2941027, 1742386756.397, 1742386756.4998615, 1742386756.6017659, 1742386756.703749, 1742386756.805615, 1742386756.9075372, 1742386757.0095537, 1742386757.11147, 1742386757.2134209, 1742386757.315841, 1742386757.4177804, 1742386757.5197551, 1742386757.6217546, 1742386757.7237065, 1742386757.8256853, 1742386757.9276447, 1742386758.0295913, 1742386758.1316175, 1742386758.233575, 1742386758.3355322, 1742386758.4374828, 1742386758.5394514, 1742386758.6436117, 1742386758.7456167, 1742386758.8475385, 1742386758.9495735, 1742386759.0515223, 1742386759.1535716, 1742386759.255506, 1742386759.3574853, 1742386759.4595177, 1742386759.5618784, 1742386759.6638768, 1742386759.7658284, 1742386759.8678205, 1742386759.9720836, 1742386760.073921, 1742386760.1758835, 1742386760.27783, 1742386760.379781, 1742386760.481956, 1742386760.5839212, 1742386760.6859155, 1742386760.7878792, 1742386760.8898559, 1742386760.991964, 1742386761.0939302, 1742386761.1959255, 1742386761.2979257, 1742386761.400168, 1742386761.5017557, 1742386761.603897, 1742386761.7062452, 1742386761.8090034, 1742386761.9120204, 1742386762.0147536, 1742386762.1168823, 1742386762.2189996, 1742386762.321226, 1742386762.4239047, 1742386762.5265756, 1742386762.6296759, 1742386762.7326896, 1742386762.8354151, 1742386762.937382, 1742386763.0392604, 1742386763.1418238, 1742386763.243805, 1742386763.3456266, 1742386763.4475813, 1742386763.5494936, 1742386763.6514323, 1742386763.7533545, 1742386763.8553936, 1742386763.9573555, 1742386764.0592697, 1742386764.1612587, 1742386764.263216, 1742386764.3651986, 1742386764.4671109, 1742386764.5698414, 1742386764.6718178, 1742386764.7737303, 1742386764.8757138, 1742386764.9777129, 1742386765.0796683, 1742386765.1823146, 1742386765.285846, 1742386765.3878264, 1742386765.4897976, 1742386765.5917635, 1742386765.6937048, 1742386765.7956529, 1742386765.8976603, 1742386765.999374, 1742386766.1013944, 1742386766.203366, 1742386766.305305, 1742386766.4072478, 1742386766.5092332, 1742386766.6107788, 1742386766.7142842, 1742386766.8162184, 1742386766.9182353, 1742386767.0201979, 1742386767.1222017, 1742386767.2241638, 1742386767.3261032, 1742386767.4284277, 1742386767.5303998, 1742386767.632401, 1742386767.734349, 1742386767.8363323, 1742386767.9382691, 1742386768.0402176, 1742386768.1436296, 1742386768.2455769, 1742386768.3475173, 1742386768.4494526, 1742386768.551382, 1742386768.6533208, 1742386768.7552638, 1742386768.8578517, 1742386768.9598126, 1742386769.0617304, 1742386769.1636717, 1742386769.2656105, 1742386769.3675416, 1742386769.46951, 1742386769.5728192, 1742386769.6748521, 1742386769.7767248, 1742386769.8785958, 1742386769.980604, 1742386770.0825865, 1742386770.1845953, 1742386770.2865906, 1742386770.389572, 1742386770.4913294, 1742386770.5940633, 1742386770.6971595, 1742386770.8004165, 1742386770.9019268, 1742386771.0046892, 1742386771.1077344, 1742386771.2113466, 1742386771.3142245, 1742386771.4169493, 1742386771.519702, 1742386771.622673, 1742386771.725488, 1742386771.8274117, 1742386771.9293697, 1742386772.03131, 1742386772.13326, 1742386772.235223, 1742386772.3371546, 1742386772.4391286, 1742386772.54104, 1742386772.6429877, 1742386772.744963, 1742386772.8469431, 1742386772.9495115, 1742386773.051848, 1742386773.1536868, 1742386773.2556267, 1742386773.3575535, 1742386773.459543, 1742386773.5616164, 1742386773.6636074, 1742386773.7655852, 1742386773.8675573, 1742386773.9695601, 1742386774.0715218, 1742386774.1734843, 1742386774.2754211, 1742386774.3774023, 1742386774.479385, 1742386774.5813668, 1742386774.6833348, 1742386774.785331, 1742386774.8872802, 1742386774.9892328, 1742386775.091203, 1742386775.1931825, 1742386775.2968214, 1742386775.3988411, 1742386775.5008292, 1742386775.6027775, 1742386775.7048788, 1742386775.8069885, 1742386775.9090128, 1742386776.01097, 1742386776.112927, 1742386776.2148943, 1742386776.3167162, 1742386776.4187102, 1742386776.5206988, 1742386776.6226947, 1742386776.7246776, 1742386776.826665, 1742386776.928627, 1742386777.030632, 1742386777.1326878, 1742386777.2346287, 1742386777.336619, 1742386777.4385667, 1742386777.5405455, 1742386777.6445122, 1742386777.7464702, 1742386777.8484628, 1742386777.9504447, 1742386778.0523915, 1742386778.1544352, 1742386778.2564137, 1742386778.358349, 1742386778.460316, 1742386778.562244, 1742386778.6642375, 1742386778.766196, 1742386778.868152, 1742386778.970091, 1742386779.072069, 1742386779.174026, 1742386779.2759836, 1742386779.3779452, 1742386779.4803078, 1742386779.5821486, 1742386779.6840675, 1742386779.785792, 1742386779.8885455, 1742386779.9906032, 1742386780.0927107, 1742386780.1946244, 1742386780.296545, 1742386780.398452, 1742386780.5003896, 1742386780.6023605, 1742386780.7043095, 1742386780.8062315, 1742386780.90817, 1742386781.010078, 1742386781.1120126, 1742386781.213922, 1742386781.3158655, 1742386781.417786, 1742386781.519706, 1742386781.6216292, 1742386781.723561, 1742386781.8260424, 1742386781.927985, 1742386782.0317419, 1742386782.1336854, 1742386782.2367249, 1742386782.339749, 1742386782.4421012, 1742386782.5449247, 1742386782.6480505, 1742386782.7509289, 1742386782.853577, 1742386782.9567947, 1742386783.0597408, 1742386783.1626003, 1742386783.2657318, 1742386783.369176, 1742386783.472165, 1742386783.5752692, 1742386783.6781566, 1742386783.7800732, 1742386783.8815644, 1742386783.9835093, 1742386784.0853238, 1742386784.1871824, 1742386784.288554, 1742386784.3905058, 1742386784.4923902, 1742386784.5942605, 1742386784.6959426, 1742386784.7978113, 1742386784.8993585, 1742386785.000935, 1742386785.1024961, 1742386785.2044435, 1742386785.3059876, 1742386785.4075444, 1742386785.5091317, 1742386785.6112294, 1742386785.7128077, 1742386785.8143702, 1742386785.915951, 1742386786.0187805, 1742386786.1204786, 1742386786.2222986, 1742386786.3242424, 1742386786.4261522, 1742386786.5280735, 1742386786.6300309, 1742386786.7318804, 1742386786.8338473, 1742386786.9357994, 1742386787.0377254, 1742386787.1396506, 1742386787.2415266, 1742386787.3435013, 1742386787.4455185, 1742386787.5474637, 1742386787.649407, 1742386787.7516015, 1742386787.8544474, 1742386787.9564004, 1742386788.0583324, 1742386788.160327, 1742386788.2623024, 1742386788.3659348, 1742386788.4679294, 1742386788.5698514, 1742386788.6717992, 1742386788.773767, 1742386788.8770247, 1742386788.9789438, 1742386789.0808973, 1742386789.1828547, 1742386789.2846801, 1742386789.3882284, 1742386789.4902575, 1742386789.5922298, 1742386789.694194, 1742386789.796178, 1742386789.8981168, 1742386790.0000472, 1742386790.1020248, 1742386790.2039738, 1742386790.3058918, 1742386790.4078567, 1742386790.5098045, 1742386790.6117811, 1742386790.713791, 1742386790.8157625, 1742386790.9176877, 1742386791.0196142, 1742386791.1215572, 1742386791.2235186, 1742386791.3254752, 1742386791.4274282, 1742386791.5293632, 1742386791.6312943, 1742386791.7332337, 1742386791.8351457, 1742386791.9371202, 1742386792.0390034, 1742386792.1409564, 1742386792.2429283, 1742386792.344893, 1742386792.4468765, 1742386792.5497916, 1742386792.6520398, 1742386792.755016, 1742386792.8577335, 1742386792.959958, 1742386793.063084, 1742386793.1651485, 1742386793.2680037, 1742386793.3708913, 1742386793.4737964, 1742386793.5754004, 1742386793.6770077, 1742386793.7789278, 1742386793.880866, 1742386793.9828374, 1742386794.0847852, 1742386794.1868222, 1742386794.2888093, 1742386794.3907208, 1742386794.4926639, 1742386794.5945756, 1742386794.696547, 1742386794.7984395, 1742386794.9003563, 1742386795.0022972, 1742386795.1042013, 1742386795.2061357, 1742386795.308117, 1742386795.4100833, 1742386795.5120857, 1742386795.6140385, 1742386795.7160559, 1742386795.8179605, 1742386795.9199216, 1742386796.0222745, 1742386796.1249766, 1742386796.226929, 1742386796.3288667, 1742386796.430832, 1742386796.5327857, 1742386796.6347158, 1742386796.7366943, 1742386796.8393428, 1742386796.9413278, 1742386797.0433352, 1742386797.1453261, 1742386797.2472966, 1742386797.3492594, 1742386797.451209, 1742386797.5538888, 1742386797.6559217, 1742386797.7578588, 1742386797.8598604, 1742386797.961824, 1742386798.0637498, 1742386798.1656678, 1742386798.267762, 1742386798.3696847, 1742386798.4716206, 1742386798.573586, 1742386798.6755567, 1742386798.7775145, 1742386798.8794057, 1742386798.9814208, 1742386799.0832732, 1742386799.1852221, 1742386799.2871625, 1742386799.389175, 1742386799.4911406, 1742386799.59307, 1742386799.6950755, 1742386799.7970202, 1742386799.8989358, 1742386800.0009465, 1742386800.102885, 1742386800.2046347, 1742386800.3065934, 1742386800.4085257, 1742386800.5105522, 1742386800.6124985, 1742386800.7144263, 1742386800.8165417, 1742386800.9191844, 1742386801.0222383, 1742386801.124952, 1742386801.2276173, 1742386801.3306923, 1742386801.4336898, 1742386801.5366218, 1742386801.638771, 1742386801.74151, 1742386801.844557, 1742386801.9474556, 1742386802.05012, 1742386802.153037, 1742386802.2561798, 1742386802.3591259, 1742386802.4606898, 1742386802.5625951, 1742386802.6645644, 1742386802.7665262, 1742386802.8703563, 1742386802.9723659, 1742386803.0742924, 1742386803.1762686, 1742386803.2789233, 1742386803.3806086, 1742386803.4825897, 1742386803.5845292, 1742386803.6864922, 1742386803.788441, 1742386803.8904247, 1742386803.992324, 1742386804.0942724, 1742386804.1961856, 1742386804.2980945, 1742386804.4000742, 1742386804.5020714, 1742386804.6040955, 1742386804.7060616, 1742386804.8080218, 1742386804.910059, 1742386805.0120704, 1742386805.1140296, 1742386805.216024, 1742386805.3180013, 1742386805.4199686, 1742386805.5219362, 1742386805.6239464, 1742386805.727875, 1742386805.8298972, 1742386805.9318783, 1742386806.03383, 1742386806.1358323, 1742386806.2378616, 1742386806.339968, 1742386806.441937, 1742386806.5438838, 1742386806.6458776, 1742386806.7480083, 1742386806.8499713, 1742386806.9520323, 1742386807.0540047, 1742386807.155949, 1742386807.2579136, 1742386807.3598065, 1742386807.461779, 1742386807.5638142, 1742386807.6657882, 1742386807.7677488, 1742386807.8696833, 1742386807.9716518, 1742386808.0743988, 1742386808.1764328, 1742386808.278391, 1742386808.3803334, 1742386808.482309, 1742386808.5843577, 1742386808.6863306, 1742386808.7882013, 1742386808.890143, 1742386808.992181, 1742386809.0942664, 1742386809.19624, 1742386809.2982004, 1742386809.4002073, 1742386809.5021243, 1742386809.604051, 1742386809.7060478, 1742386809.8080294, 1742386809.9115734, 1742386810.0136125, 1742386810.115586, 1742386810.217552, 1742386810.3196313, 1742386810.4220827, 1742386810.5250666, 1742386810.627836, 1742386810.7298868, 1742386810.8318946, 1742386810.934091, 1742386811.036709, 1742386811.1398768, 1742386811.2412934, 1742386811.3442621, 1742386811.445827, 1742386811.5484443, 1742386811.6513643, 1742386811.7532053, 1742386811.8550932, 1742386811.9570985, 1742386812.058932, 1742386812.1607385, 1742386812.2627218, 1742386812.3646576, 1742386812.4666393, 1742386812.5685987, 1742386812.67052, 1742386812.7724843, 1742386812.8744404, 1742386812.9765818, 1742386813.0785282, 1742386813.1804628, 1742386813.2824297, 1742386813.3844333, 1742386813.487142, 1742386813.5891175, 1742386813.691065, 1742386813.7930343, 1742386813.8949873, 1742386813.9969904, 1742386814.0991066, 1742386814.2010689, 1742386814.3029966, 1742386814.4049735, 1742386814.5069916, 1742386814.6089678, 1742386814.7109616, 1742386814.8129277, 1742386814.9149222, 1742386815.0169039, 1742386815.118848, 1742386815.220853, 1742386815.3227122, 1742386815.4246466, 1742386815.5265994, 1742386815.628553, 1742386815.7306278, 1742386815.8334813, 1742386815.9354005, 1742386816.0373268, 1742386816.1393015, 1742386816.2412853, 1742386816.3433561, 1742386816.445312, 1742386816.5472736, 1742386816.6494606, 1742386816.7513742, 1742386816.853494, 1742386816.955495, 1742386817.0574372, 1742386817.1593952, 1742386817.261355, 1742386817.363275, 1742386817.4652605, 1742386817.5672028, 1742386817.6694975, 1742386817.7713916, 1742386817.8734376, 1742386817.9753902, 1742386818.0774486, 1742386818.1802323, 1742386818.2822201, 1742386818.384194, 1742386818.4861622, 1742386818.5879858, 1742386818.689966, 1742386818.7919521, 1742386818.8939, 1742386818.9958465, 1742386819.0978093, 1742386819.199792, 1742386819.301733, 1742386819.4036713, 1742386819.5056663, 1742386819.6076, 1742386819.7095678, 1742386819.8124363, 1742386819.9154947, 1742386820.0177898, 1742386820.1199253, 1742386820.22182, 1742386820.3235605, 1742386820.4265797, 1742386820.5283432, 1742386820.630022, 1742386820.731842, 1742386820.8347578, 1742386820.9374607, 1742386821.0391235, 1742386821.1407695, 1742386821.243616, 1742386821.3467307, 1742386821.4486334, 1742386821.550519, 1742386821.6524737, 1742386821.7544024, 1742386821.856034, 1742386821.9580462, 1742386822.0599723, 1742386822.1619153, 1742386822.263858, 1742386822.3657887, 1742386822.4677236, 1742386822.5696237, 1742386822.671683, 1742386822.7736187, 1742386822.8755386, 1742386822.9775314, 1742386823.079492, 1742386823.1814718, 1742386823.2834265, 1742386823.3853614, 1742386823.4873598, 1742386823.5893652, 1742386823.6929445, 1742386823.7949052, 1742386823.8966472, 1742386823.998615, 1742386824.100614, 1742386824.2030766, 1742386824.305083, 1742386824.4070215, 1742386824.5089695, 1742386824.6108358, 1742386824.7128286, 1742386824.8147838, 1742386824.9167602, 1742386825.0187268, 1742386825.1205761, 1742386825.2225022, 1742386825.32449, 1742386825.4264657, 1742386825.5284278, 1742386825.6303775, 1742386825.7323637, 1742386825.8343143, 1742386825.9363334, 1742386826.0392983, 1742386826.1413274, 1742386826.2432458, 1742386826.3451757, 1742386826.4478385, 1742386826.549856, 1742386826.6518168, 1742386826.7538133, 1742386826.85575, 1742386826.9576752, 1742386827.0598123, 1742386827.1617427, 1742386827.263688, 1742386827.3656163, 1742386827.4675674, 1742386827.5695837, 1742386827.671543, 1742386827.773525, 1742386827.8755069, 1742386827.9774518, 1742386828.0793803, 1742386828.1813717, 1742386828.2832096, 1742386828.3847368, 1742386828.4867187, 1742386828.5886672, 1742386828.6906142, 1742386828.792589, 1742386828.8946412, 1742386828.9966152, 1742386829.0985484, 1742386829.2007594, 1742386829.3026898, 1742386829.4048471, 1742386829.507885, 1742386829.6109505, 1742386829.7126684, 1742386829.8142822, 1742386829.9162617, 1742386830.0182009, 1742386830.1201358, 1742386830.2220736, 1742386830.3241336, 1742386830.4261193, 1742386830.528081, 1742386830.6300085, 1742386830.731942, 1742386830.8338897, 1742386830.9358351, 1742386831.0377781, 1742386831.1397798, 1742386831.2417035, 1742386831.3436327, 1742386831.4459596, 1742386831.5478604, 1742386831.6498094, 1742386831.751765, 1742386831.8536727, 1742386831.9556608, 1742386832.0576181, 1742386832.1595745, 1742386832.261549, 1742386832.3635244, 1742386832.4654982, 1742386832.5674524, 1742386832.6694303, 1742386832.7713935, 1742386832.8733754, 1742386832.9753096, 1742386833.0771797, 1742386833.1791492, 1742386833.2827961, 1742386833.3856819, 1742386833.4876869, 1742386833.5902977, 1742386833.6932862, 1742386833.7963555, 1742386833.8995445, 1742386834.0026665, 1742386834.1058292, 1742386834.2088418, 1742386834.311864, 1742386834.414722, 1742386834.517656, 1742386834.619545, 1742386834.7215106, 1742386834.8233643, 1742386834.925281, 1742386835.0272484, 1742386835.129259, 1742386835.2312212, 1742386835.3331258, 1742386835.4363565, 1742386835.5383286, 1742386835.6402771, 1742386835.7422423, 1742386835.8441916, 1742386835.9461389, 1742386836.0480695, 1742386836.1500108, 1742386836.251991, 1742386836.3538947, 1742386836.4559083, 1742386836.5578601, 1742386836.6598485, 1742386836.761842, 1742386836.8638277, 1742386836.9658213, 1742386837.0677671, 1742386837.1697366, 1742386837.271771, 1742386837.373727, 1742386837.4766781, 1742386837.5786238, 1742386837.6806097, 1742386837.7826376, 1742386837.8846304, 1742386837.98661, 1742386838.0884721, 1742386838.1906738, 1742386838.2926307, 1742386838.3951962, 1742386838.4971697, 1742386838.599235, 1742386838.7011874, 1742386838.8031611, 1742386838.905151, 1742386839.0071278, 1742386839.1091037, 1742386839.2110002, 1742386839.314188, 1742386839.4161904, 1742386839.518133, 1742386839.6201417, 1742386839.7220314, 1742386839.824019, 1742386839.9259682, 1742386840.0279458, 1742386840.1299388, 1742386840.2323987, 1742386840.3343387, 1742386840.4364219, 1742386840.538415, 1742386840.6403813, 1742386840.7423615, 1742386840.8443394, 1742386840.9462867, 1742386841.0482721, 1742386841.1502516, 1742386841.2522714, 1742386841.3540928, 1742386841.4560604, 1742386841.5581913, 1742386841.6608424, 1742386841.7638502, 1742386841.866804, 1742386841.9698288, 1742386842.0722804, 1742386842.1744773, 1742386842.283928, 1742386842.3863862, 1742386842.4893048, 1742386842.5911846, 1742386842.6932914, 1742386842.795253, 1742386842.8972573, 1742386842.999182, 1742386843.1011157, 1742386843.2031012, 1742386843.3050618, 1742386843.4071376, 1742386843.5091147, 1742386843.6111035, 1742386843.713108, 1742386843.8150744, 1742386843.9170587, 1742386844.0190022, 1742386844.1210132, 1742386844.2229905, 1742386844.3250008, 1742386844.4270303, 1742386844.5288737, 1742386844.6308572, 1742386844.732864, 1742386844.834848, 1742386844.9368846, 1742386845.0388513, 1742386845.140862, 1742386845.2431092, 1742386845.3450992, 1742386845.448488, 1742386845.550486, 1742386845.6525548, 1742386845.7545087, 1742386845.856521, 1742386845.9585238, 1742386846.0605235, 1742386846.1625087, 1742386846.2644596, 1742386846.3664076, 1742386846.468436, 1742386846.5702875, 1742386846.6725051, 1742386846.7744868, 1742386846.876505, 1742386846.9784799, 1742386847.0804129, 1742386847.182402, 1742386847.2843878, 1742386847.386348, 1742386847.48832, 1742386847.5902526, 1742386847.6922443, 1742386847.7940698, 1742386847.8955898, 1742386847.9975705, 1742386848.0995088, 1742386848.202752, 1742386848.304747, 1742386848.4067392, 1742386848.5087235, 1742386848.610711, 1742386848.712694, 1742386848.8146663, 1742386848.9166877, 1742386849.0187757, 1742386849.122348, 1742386849.2250526, 1742386849.3278415, 1742386849.430059, 1742386849.533199, 1742386849.637033, 1742386849.7401738, 1742386849.842629, 1742386849.9451463, 1742386850.048061, 1742386850.150756, 1742386850.2535465, 1742386850.3555522, 1742386850.4574976, 1742386850.5594468, 1742386850.6614041, 1742386850.7633731, 1742386850.8653612, 1742386850.9673476, 1742386851.0692325, 1742386851.1711822, 1742386851.2731435, 1742386851.3750844, 1742386851.4770248, 1742386851.5789871, 1742386851.6809263, 1742386851.7828946, 1742386851.884838, 1742386851.9868462, 1742386852.0887973, 1742386852.1908197, 1742386852.2927897, 1742386852.394772, 1742386852.4967418, 1742386852.598731, 1742386852.700668, 1742386852.8026805, 1742386852.9046645, 1742386853.0066745, 1742386853.1086152, 1742386853.21061, 1742386853.3125658, 1742386853.4145405, 1742386853.516519, 1742386853.6185048, 1742386853.7204819, 1742386853.8224404, 1742386853.9246225, 1742386854.026631, 1742386854.128683, 1742386854.230627, 1742386854.33248, 1742386854.4344578, 1742386854.5364823, 1742386854.6384807, 1742386854.7405057, 1742386854.842477, 1742386854.9444165, 1742386855.0464098, 1742386855.1484141, 1742386855.2503917, 1742386855.3523932, 1742386855.4543746, 1742386855.5564387, 1742386855.658431, 1742386855.7606184, 1742386855.8625762, 1742386855.9646087, 1742386856.0665927, 1742386856.1685796, 1742386856.2705894, 1742386856.372563, 1742386856.4757245, 1742386856.578717, 1742386856.6809516, 1742386856.784127, 1742386856.8872557, 1742386856.9908168, 1742386857.093895, 1742386857.1968749, 1742386857.299991, 1742386857.4029825, 1742386857.5049787, 1742386857.6068273, 1742386857.7088292, 1742386857.8107696, 1742386857.9127467, 1742386858.0146937, 1742386858.1166792, 1742386858.2186663, 1742386858.3206322, 1742386858.4225674, 1742386858.5245466, 1742386858.6264741, 1742386858.728737, 1742386858.8306293, 1742386858.932611, 1742386859.0345876, 1742386859.1372833, 1742386859.2392585, 1742386859.341294, 1742386859.4432478, 1742386859.54522, 1742386859.6471689, 1742386859.7492213, 1742386859.8512113, 1742386859.953174, 1742386860.0551116, 1742386860.1570907, 1742386860.2591183, 1742386860.3610904, 1742386860.4630048, 1742386860.5649388, 1742386860.6669233, 1742386860.7688885, 1742386860.8706923, 1742386860.9727216, 1742386861.0768142, 1742386861.1787958, 1742386861.2807548, 1742386861.3827016, 1742386861.4852188, 1742386861.5872033, 1742386861.689186, 1742386861.7911668, 1742386861.8931048, 1742386861.9951077, 1742386862.097148, 1742386862.1991029, 1742386862.3010666, 1742386862.4030323, 1742386862.5049982, 1742386862.6069531, 1742386862.7089224, 1742386862.8108938, 1742386862.9129128, 1742386863.0148783, 1742386863.1168296, 1742386863.2188473, 1742386863.3208103, 1742386863.424795, 1742386863.5267985, 1742386863.6287625, 1742386863.7307186, 1742386863.8326435, 1742386863.934667, 1742386864.0365322, 1742386864.1384337, 1742386864.2401078, 1742386864.3422055, 1742386864.4441104, 1742386864.546081, 1742386864.6480129, 1742386864.7499745, 1742386864.8519244, 1742386864.9538631, 1742386865.0558655, 1742386865.157772, 1742386865.259692, 1742386865.3620439, 1742386865.4642947, 1742386865.5659587, 1742386865.6678932, 1742386865.76983, 1742386865.8717663, 1742386865.973698, 1742386866.0756671, 1742386866.1777792, 1742386866.279695, 1742386866.3816276, 1742386866.4836373, 1742386866.5856576, 1742386866.6876688, 1742386866.7896514, 1742386866.8916137, 1742386866.9935644, 1742386867.095489, 1742386867.2025614, 1742386867.3049047, 1742386867.4080002, 1742386867.5110242, 1742386867.6128883, 1742386867.7158868, 1742386867.8190804, 1742386867.9212382, 1742386868.024048, 1742386868.1270387, 1742386868.2301247, 1742386868.3331792, 1742386868.4349513, 1742386868.536789, 1742386868.6387403, 1742386868.7405906, 1742386868.8424866, 1742386868.9444783, 1742386869.0464242, 1742386869.1483963, 1742386869.2503512, 1742386869.3523078, 1742386869.4542625, 1742386869.5562086, 1742386869.6581442, 1742386869.7601118, 1742386869.8620613, 1742386869.9640238, 1742386870.06591, 1742386870.1678782, 1742386870.2698174, 1742386870.371851, 1742386870.4735699, 1742386870.5753508, 1742386870.677323, 1742386870.7793226, 1742386870.881291, 1742386870.9833064, 1742386871.0852919, 1742386871.187283, 1742386871.2892544, 1742386871.3912075, 1742386871.493381, 1742386871.5953577, 1742386871.6973317, 1742386871.799291, 1742386871.901291, 1742386872.0032628, 1742386872.1052086, 1742386872.207215, 1742386872.3096132, 1742386872.411555, 1742386872.5134919, 1742386872.6154675, 1742386872.7174509, 1742386872.8215063, 1742386872.923511, 1742386873.025528, 1742386873.1274745, 1742386873.2293978, 1742386873.3314123, 1742386873.433391, 1742386873.5354052, 1742386873.637371, 1742386873.7393239, 1742386873.8411644, 1742386873.9431515, 1742386874.0451806, 1742386874.147125, 1742386874.24911, 1742386874.3510892, 1742386874.4530828, 1742386874.5551167, 1742386874.6575272, 1742386874.7594817, 1742386874.8615022, 1742386874.96349, 1742386875.0654829, 1742386875.16817, 1742386875.2701602, 1742386875.3721464, 1742386875.474103, 1742386875.5760357, 1742386875.6780548, 1742386875.7800336, 1742386875.8820078, 1742386875.9839342, 1742386876.0858743, 1742386876.1879284, 1742386876.2898943, 1742386876.3918715, 1742386876.4938197, 1742386876.5966122, 1742386876.6993043, 1742386876.8022156, 1742386876.9041946, 1742386877.006183, 1742386877.1078162, 1742386877.2096624, 1742386877.3110976, 1742386877.413073, 1742386877.5161006, 1742386877.619111, 1742386877.722166, 1742386877.824721, 1742386877.9277575, 1742386878.0310185, 1742386878.1341393, 1742386878.2372708, 1742386878.338874, 1742386878.4408123, 1742386878.5427446, 1742386878.6447113, 1742386878.746634, 1742386878.8486052, 1742386878.950571, 1742386879.0522442, 1742386879.154197, 1742386879.256363, 1742386879.3582907, 1742386879.4602616, 1742386879.5642753, 1742386879.666251, 1742386879.7681682, 1742386879.870097, 1742386879.972651, 1742386880.0745742, 1742386880.1765807, 1742386880.2784278, 1742386880.3802402, 1742386880.4821703, 1742386880.5841403, 1742386880.6861386, 1742386880.788067, 1742386880.890024, 1742386880.9919672, 1742386881.093935, 1742386881.1958811, 1742386881.2978318, 1742386881.399818, 1742386881.5017953, 1742386881.6037421, 1742386881.7057862, 1742386881.8078058, 1742386881.9106348, 1742386882.0126433, 1742386882.114577, 1742386882.2165413, 1742386882.3188212, 1742386882.4208164, 1742386882.5227659, 1742386882.6247268, 1742386882.7266686, 1742386882.8286152, 1742386882.9306152, 1742386883.0325847, 1742386883.1345136, 1742386883.236538, 1742386883.3384724, 1742386883.4404233, 1742386883.542271, 1742386883.644239, 1742386883.7461612, 1742386883.8481808, 1742386883.9503696, 1742386884.0523086, 1742386884.1543884, 1742386884.2563622, 1742386884.3583457, 1742386884.460264, 1742386884.5621812, 1742386884.664081, 1742386884.766105, 1742386884.8680594, 1742386884.9700217, 1742386885.072019, 1742386885.1739025, 1742386885.2758727, 1742386885.3778224, 1742386885.4798477, 1742386885.5818086, 1742386885.683711, 1742386885.7856708, 1742386885.8876188, 1742386885.9896536, 1742386886.0924842, 1742386886.1944528, 1742386886.296428, 1742386886.3982449, 1742386886.501265, 1742386886.6039512, 1742386886.7067807, 1742386886.8093956, 1742386886.9110372, 1742386887.014126, 1742386887.1172497, 1742386887.2201219, 1742386887.322757, 1742386887.4254642, 1742386887.5282226, 1742386887.631101, 1742386887.732983, 1742386887.8348942, 1742386887.936665, 1742386888.0386026, 1742386888.140532, 1742386888.2424994, 1742386888.3444464, 1742386888.446365, 1742386888.5483124, 1742386888.6502368, 1742386888.7522051, 1742386888.8540955, 1742386888.9559965, 1742386889.0579636, 1742386889.1599047, 1742386889.261636, 1742386889.3635356, 1742386889.4656847, 1742386889.567633, 1742386889.6696498, 1742386889.7724707, 1742386889.874453, 1742386889.9764442, 1742386890.0782628, 1742386890.1801965, 1742386890.282179, 1742386890.384173, 1742386890.4861004, 1742386890.5880435, 1742386890.6900153, 1742386890.792001, 1742386890.89395, 1742386890.9959555, 1742386891.0979192, 1742386891.1998937, 1742386891.3018546, 1742386891.4037967, 1742386891.5057592, 1742386891.6077363, 1742386891.7096832, 1742386891.8116124, 1742386891.9135544, 1742386892.0155165, 1742386892.1182861, 1742386892.2202253, 1742386892.3221211, 1742386892.4240804, 1742386892.526781, 1742386892.6287358, 1742386892.7307112, 1742386892.832603, 1742386892.9345474, 1742386893.0364888, 1742386893.1384225, 1742386893.2404385, 1742386893.3422651, 1742386893.444242, 1742386893.5461826, 1742386893.648171, 1742386893.7501173, 1742386893.8520632, 1742386893.9540594, 1742386894.0560699, 1742386894.1580646, 1742386894.26003, 1742386894.362016, 1742386894.466009, 1742386894.5679884, 1742386894.6699443, 1742386894.7718832, 1742386894.8743746, 1742386894.9763541, 1742386895.0783048, 1742386895.180281, 1742386895.2822013, 1742386895.3841007, 1742386895.4861019, 1742386895.5880656, 1742386895.6900299, 1742386895.7916756, 1742386895.8942761, 1742386895.9962044, 1742386896.0979037, 1742386896.200946, 1742386896.3040953, 1742386896.4058633, 1742386896.508804, 1742386896.6118865, 1742386896.7144866, 1742386896.816875, 1742386896.9191911, 1742386897.0220003, 1742386897.126899, 1742386897.2297184, 1742386897.332629, 1742386897.4354768, 1742386897.5374465, 1742386897.63934, 1742386897.7414267, 1742386897.843345, 1742386897.9453251, 1742386898.0474975, 1742386898.1494462, 1742386898.2513502, 1742386898.3532598, 1742386898.4551983, 1742386898.5571594, 1742386898.6590774, 1742386898.761011, 1742386898.862912, 1742386898.9648566, 1742386899.0668168, 1742386899.1688108, 1742386899.2708035, 1742386899.3727407, 1742386899.4746716, 1742386899.5766213, 1742386899.6785936, 1742386899.7808812, 1742386899.8827136, 1742386899.9846652, 1742386900.0866032, 1742386900.1885967, 1742386900.290536, 1742386900.3925295, 1742386900.494497, 1742386900.5964377, 1742386900.6983447, 1742386900.8003976, 1742386900.902324, 1742386901.0042992, 1742386901.106215, 1742386901.2082286, 1742386901.3101869, 1742386901.4121277, 1742386901.514096, 1742386901.615992, 1742386901.7179916, 1742386901.819938, 1742386901.9219027, 1742386902.0238712, 1742386902.1258209, 1742386902.2278233, 1742386902.3297534, 1742386902.4323196, 1742386902.534801, 1742386902.6367934, 1742386902.738716, 1742386902.8421214, 1742386902.9449177, 1742386903.048027, 1742386903.1507533, 1742386903.2523367, 1742386903.3548534, 1742386903.4576204, 1742386903.5603774, 1742386903.6634555, 1742386903.7653768, 1742386903.8674314, 1742386903.9689503, 1742386904.070884, 1742386904.1727736, 1742386904.274713, 1742386904.3766317, 1742386904.4784818, 1742386904.5804045, 1742386904.6823502, 1742386904.7846754, 1742386904.8865736, 1742386904.9885602, 1742386905.0905318, 1742386905.1924334, 1742386905.2944, 1742386905.3963635, 1742386905.498264, 1742386905.6001956, 1742386905.702182, 1742386905.8041441, 1742386905.9061196, 1742386906.008059, 1742386906.1103892, 1742386906.2123384, 1742386906.3140674, 1742386906.4163382, 1742386906.5182948, 1742386906.620315, 1742386906.7222707, 1742386906.824146, 1742386906.9261029, 1742386907.0280273, 1742386907.1299477, 1742386907.2319064, 1742386907.3338583, 1742386907.4357314, 1742386907.5377257, 1742386907.639646, 1742386907.741633, 1742386907.843579, 1742386907.9455366, 1742386908.0478883, 1742386908.1498456, 1742386908.2518072, 1742386908.3537812, 1742386908.456772, 1742386908.559191, 1742386908.662236, 1742386908.7642643, 1742386908.8672388, 1742386908.9709554, 1742386909.0738256, 1742386909.1769576, 1742386909.2798314, 1742386909.3813832, 1742386909.483341, 1742386909.5850947, 1742386909.6865232, 1742386909.788487, 1742386909.89036, 1742386909.9923842, 1742386910.094358, 1742386910.1963274, 1742386910.2982461, 1742386910.4001644, 1742386910.502125, 1742386910.6040175, 1742386910.7059789, 1742386910.8079412, 1742386910.9098842, 1742386911.0119638, 1742386911.1139274, 1742386911.2158856, 1742386911.3178158, 1742386911.4197743, 1742386911.5221803, 1742386911.6241512, 1742386911.7261684, 1742386911.8281114, 1742386911.930054, 1742386912.0319786, 1742386912.1339803, 1742386912.2361133, 1742386912.3380811, 1742386912.4400578, 1742386912.5419455, 1742386912.643954, 1742386912.746002, 1742386912.8478034, 1742386912.950277, 1742386913.0522487, 1742386913.1541808, 1742386913.2562573, 1742386913.3582156, 1742386913.4601202, 1742386913.5620706, 1742386913.6645076, 1742386913.7668207, 1742386913.8687718, 1742386913.970695, 1742386914.0726564, 1742386914.174556, 1742386914.276584, 1742386914.3789766, 1742386914.4814525, 1742386914.5833848, 1742386914.685382, 1742386914.787353, 1742386914.8893359, 1742386914.9922907, 1742386915.095411, 1742386915.198508, 1742386915.3008437, 1742386915.4033027, 1742386915.5050178, 1742386915.6077392, 1742386915.710711, 1742386915.8133793, 1742386915.9169078, 1742386916.019901, 1742386916.1226192, 1742386916.224544, 1742386916.3260396, 1742386916.427997, 1742386916.529567, 1742386916.6315043, 1742386916.7331464, 1742386916.835086, 1742386916.9370658, 1742386917.0389395, 1742386917.1408973, 1742386917.2432284, 1742386917.3452039, 1742386917.4471292, 1742386917.5490658, 1742386917.6510077, 1742386917.752987, 1742386917.8549094, 1742386917.9568667, 1742386918.058976, 1742386918.1609268, 1742386918.2628863, 1742386918.3648577, 1742386918.4668052, 1742386918.5688026, 1742386918.6707306, 1742386918.7727122, 1742386918.8746731, 1742386918.9766598, 1742386919.0786128, 1742386919.1806257, 1742386919.2824562, 1742386919.3846095, 1742386919.4865906, 1742386919.58857, 1742386919.690523, 1742386919.7926068, 1742386919.8945856, 1742386919.9964976, 1742386920.0985005, 1742386920.200607, 1742386920.3025947, 1742386920.4046361, 1742386920.5066643, 1742386920.6088936, 1742386920.7108402, 1742386920.8128977, 1742386920.9148285, 1742386921.016834, 1742386921.1187665, 1742386921.2207096, 1742386921.3227327, 1742386921.4246712, 1742386921.5263255, 1742386921.6289544, 1742386921.732186, 1742386921.8336241, 1742386921.9367275, 1742386922.039771, 1742386922.1427956, 1742386922.2459161, 1742386922.348894, 1742386922.452031, 1742386922.5549552, 1742386922.6580002, 1742386922.7599554, 1742386922.8619003, 1742386922.9638567, 1742386923.065769, 1742386923.1680412, 1742386923.2699292, 1742386923.3718827, 1742386923.4738078, 1742386923.5757465, 1742386923.677732, 1742386923.779645, 1742386923.881578, 1742386923.9835029, 1742386924.0854251, 1742386924.1877463, 1742386924.289675, 1742386924.3916414, 1742386924.4936168, 1742386924.5955956, 1742386924.6984267, 1742386924.8004026, 1742386924.902321, 1742386925.0042982, 1742386925.106372, 1742386925.20841, 1742386925.3103907, 1742386925.4123254, 1742386925.5142946, 1742386925.6162727, 1742386925.7183044, 1742386925.8201902, 1742386925.9221268, 1742386926.0240815, 1742386926.1260517, 1742386926.2280777, 1742386926.3300216, 1742386926.4319878, 1742386926.5339453, 1742386926.635826, 1742386926.7378466, 1742386926.8397758, 1742386926.9417818, 1742386927.044658, 1742386927.1466477, 1742386927.2485714, 1742386927.3504224, 1742386927.452857, 1742386927.5548625, 1742386927.6568315, 1742386927.7587566, 1742386927.8607166, 1742386927.962673, 1742386928.0647116, 1742386928.1666465, 1742386928.268631, 1742386928.3708055, 1742386928.4727893, 1742386928.5748081, 1742386928.676818, 1742386928.7788649, 1742386928.8808448, 1742386928.9828408, 1742386929.0846791, 1742386929.186647, 1742386929.28872, 1742386929.3926973, 1742386929.4946597, 1742386929.5966024, 1742386929.6985915, 1742386929.8005185, 1742386929.902564, 1742386930.004653, 1742386930.1065764, 1742386930.2085068, 1742386930.310378, 1742386930.4123547, 1742386930.5154042, 1742386930.6185877, 1742386930.7215838, 1742386930.8235478, 1742386930.9255571, 1742386931.027482, 1742386931.129666, 1742386931.2327933, 1742386931.3356779, 1742386931.4383533, 1742386931.540284, 1742386931.6429243, 1742386931.7459538, 1742386931.8500757, 1742386931.952991, 1742386932.0561688, 1742386932.157847, 1742386932.2596908, 1742386932.361411, 1742386932.463391, 1742386932.5653157, 1742386932.6672535, 1742386932.7692406, 1742386932.871187, 1742386932.9731193, 1742386933.075038, 1742386933.177091, 1742386933.2790482, 1742386933.3809748, 1742386933.482985, 1742386933.5849133, 1742386933.6868968, 1742386933.788853, 1742386933.8907914, 1742386933.9927335, 1742386934.0946689, 1742386934.1966195, 1742386934.2986176, 1742386934.400598, 1742386934.5025766, 1742386934.6045737, 1742386934.7065525, 1742386934.8085055, 1742386934.9105089, 1742386935.0132697, 1742386935.115267, 1742386935.2172313, 1742386935.3191903, 1742386935.4218807, 1742386935.523762, 1742386935.6251876, 1742386935.7271216, 1742386935.8290896, 1742386935.930963, 1742386936.0329044, 1742386936.1348393, 1742386936.2368028, 1742386936.3387427, 1742386936.4406738, 1742386936.5426104, 1742386936.644562, 1742386936.746521, 1742386936.8498185, 1742386936.9518278, 1742386937.0538657, 1742386937.1558287, 1742386937.257763, 1742386937.360606, 1742386937.4625514, 1742386937.5644736, 1742386937.6664069, 1742386937.768294, 1742386937.870343, 1742386937.972299, 1742386938.074207, 1742386938.1761968, 1742386938.2782023, 1742386938.38037, 1742386938.4823475, 1742386938.584298, 1742386938.6862528, 1742386938.7881546, 1742386938.8900094, 1742386938.991989, 1742386939.093865, 1742386939.1972818, 1742386939.2992086, 1742386939.4012675, 1742386939.5032105, 1742386939.605203, 1742386939.70918, 1742386939.811145, 1742386939.9130776, 1742386940.015031, 1742386940.1169672, 1742386940.2190464, 1742386940.3218784, 1742386940.4234967, 1742386940.5249984, 1742386940.6279664, 1742386940.7299087, 1742386940.8327568, 1742386940.9347043, 1742386941.0375447, 1742386941.139533, 1742386941.2415566, 1742386941.3435338, 1742386941.4455066, 1742386941.547483, 1742386941.6493845, 1742386941.7514105, 1742386941.8534446, 1742386941.9554472, 1742386942.0573316, 1742386942.1593032, 1742386942.2612886, 1742386942.3632488, 1742386942.4652574, 1742386942.5672345, 1742386942.669206, 1742386942.7711484, 1742386942.873155, 1742386942.9750783, 1742386943.0771868, 1742386943.1791792, 1742386943.28118, 1742386943.3845592, 1742386943.486587, 1742386943.589403, 1742386943.6913743, 1742386943.7934084, 1742386943.8954134, 1742386943.9973857, 1742386944.0993533, 1742386944.2013302, 1742386944.303269, 1742386944.4052503, 1742386944.5071988, 1742386944.6091852, 1742386944.711124, 1742386944.813034, 1742386944.9149919, 1742386945.016934, 1742386945.118858, 1742386945.2208068, 1742386945.3226464, 1742386945.424628, 1742386945.5266082, 1742386945.628602, 1742386945.7308555, 1742386945.8328092, 1742386945.9356782, 1742386946.0377402, 1742386946.140114, 1742386946.242106, 1742386946.344151, 1742386946.446115, 1742386946.5481598, 1742386946.6501076, 1742386946.7521408, 1742386946.8541007, 1742386946.9560173, 1742386947.0588963, 1742386947.1620567, 1742386947.26509, 1742386947.3676174, 1742386947.4700193, 1742386947.5720296, 1742386947.6745577, 1742386947.7769067, 1742386947.8791592, 1742386947.9821253, 1742386948.0848937, 1742386948.187297, 1742386948.2901819, 1742386948.392883, 1742386948.4945211, 1742386948.5962799, 1742386948.6983194, 1742386948.800252, 1742386948.902721, 1742386949.0048285, 1742386949.1067917, 1742386949.2087357, 1742386949.310782, 1742386949.4127104, 1742386949.5146604, 1742386949.6165931, 1742386949.7185047, 1742386949.8204327, 1742386949.922328, 1742386950.0242844, 1742386950.1263552, 1742386950.2283154, 1742386950.3302686, 1742386950.432201, 1742386950.534197, 1742386950.636124, 1742386950.7381175, 1742386950.8400626, 1742386950.9420235, 1742386951.0439532, 1742386951.145876, 1742386951.2478397, 1742386951.3498242, 1742386951.4517546, 1742386951.5537283, 1742386951.655669, 1742386951.7576127, 1742386951.8595169, 1742386951.9614859, 1742386952.0635204, 1742386952.165434, 1742386952.267374, 1742386952.3693047, 1742386952.4712844, 1742386952.5737631, 1742386952.6759963, 1742386952.7779202, 1742386952.8798919, 1742386952.9818192, 1742386953.0837164, 1742386953.1856792, 1742386953.287679, 1742386953.3896103, 1742386953.4915323, 1742386953.5934913, 1742386953.6954184, 1742386953.7974093, 1742386953.9005964, 1742386954.0038269, 1742386954.1064875, 1742386954.2091599, 1742386954.3118858, 1742386954.4143887, 1742386954.5174634, 1742386954.6204245, 1742386954.7232192, 1742386954.8260825, 1742386954.928021, 1742386955.0298953, 1742386955.1317976, 1742386955.2337425, 1742386955.335693, 1742386955.437644, 1742386955.5396624, 1742386955.6415975, 1742386955.7435737, 1742386955.8455591, 1742386955.947506, 1742386956.049414, 1742386956.1513405, 1742386956.2534556, 1742386956.3553877, 1742386956.4573712, 1742386956.5593143, 1742386956.6612477, 1742386956.7631416, 1742386956.8651128, 1742386956.9670722, 1742386957.0690684, 1742386957.171381, 1742386957.2733967, 1742386957.375346, 1742386957.4773295, 1742386957.5792694, 1742386957.681456, 1742386957.783445, 1742386957.8853972, 1742386957.9874547, 1742386958.0894222, 1742386958.1914427, 1742386958.2932813, 1742386958.3951747, 1742386958.4971907, 1742386958.5991285, 1742386958.701069, 1742386958.8030708, 1742386958.9050777, 1742386959.0070438, 1742386959.109004, 1742386959.2109556, 1742386959.3129027, 1742386959.41486, 1742386959.5168486, 1742386959.6187685, 1742386959.7213042, 1742386959.8232377, 1742386959.925218, 1742386960.0271285, 1742386960.1290677, 1742386960.231069, 1742386960.3329942, 1742386960.4350646, 1742386960.5388508, 1742386960.6406274, 1742386960.7428794, 1742386960.8459935, 1742386960.9497497, 1742386961.0525515, 1742386961.1553123, 1742386961.2584453, 1742386961.3614743, 1742386961.464126, 1742386961.5659633, 1742386961.6678097, 1742386961.7697852, 1742386961.8717268, 1742386961.9736903, 1742386962.0757127, 1742386962.177666, 1742386962.279589, 1742386962.3815715, 1742386962.4835057, 1742386962.5854628, 1742386962.6874156, 1742386962.7893739, 1742386962.891331, 1742386962.9932945, 1742386963.0952117, 1742386963.1972294, 1742386963.299185, 1742386963.4011564, 1742386963.50311, 1742386963.6050668, 1742386963.7070227, 1742386963.8089964, 1742386963.9109256, 1742386964.0128815, 1742386964.1148114, 1742386964.2167668, 1742386964.318723, 1742386964.42068, 1742386964.5226653, 1742386964.6246397, 1742386964.7266307, 1742386964.8281705, 1742386964.9301386, 1742386965.0322015, 1742386965.134054, 1742386965.2358098, 1742386965.337765, 1742386965.4403737, 1742386965.5424092, 1742386965.6447606, 1742386965.7468133, 1742386965.8488424, 1742386965.950796, 1742386966.0527933, 1742386966.1547863, 1742386966.2567358, 1742386966.3587189, 1742386966.4606926, 1742386966.56264, 1742386966.6645637, 1742386966.766544, 1742386966.868569, 1742386966.9705117, 1742386967.0725605, 1742386967.1745179, 1742386967.2764719, 1742386967.3784084, 1742386967.4804232, 1742386967.582353, 1742386967.6843307, 1742386967.7864656, 1742386967.8895948, 1742386967.9927328, 1742386968.0956752, 1742386968.1988447, 1742386968.3026476, 1742386968.405424, 1742386968.5085564, 1742386968.6101356, 1742386968.7120717, 1742386968.8140738, 1742386968.9161713, 1742386969.0183892, 1742386969.1203685, 1742386969.222315, 1742386969.3243015, 1742386969.4262404, 1742386969.5282235, 1742386969.6301696, 1742386969.7320852, 1742386969.8340528, 1742386969.936024, 1742386970.0382953, 1742386970.1402209, 1742386970.2421465, 1742386970.3440533, 1742386970.4460628, 1742386970.5480418, 1742386970.6499715, 1742386970.7521076, 1742386970.8540618, 1742386970.9560323, 1742386971.057971, 1742386971.1599264, 1742386971.26193, 1742386971.3638818, 1742386971.4659083, 1742386971.5678623, 1742386971.6703563, 1742386971.7731264, 1742386971.8751426, 1742386971.9772604, 1742386972.0792222, 1742386972.1812625, 1742386972.2832778, 1742386972.3852718, 1742386972.4872787, 1742386972.589234, 1742386972.6912324, 1742386972.7932208, 1742386972.8951554, 1742386972.9971778, 1742386973.0991254, 1742386973.2010796, 1742386973.303006, 1742386973.4049892, 1742386973.5069928, 1742386973.6089857, 1742386973.7109826, 1742386973.8129578, 1742386973.9149747, 1742386974.0186834, 1742386974.1206763, 1742386974.2225657, 1742386974.3245003, 1742386974.4264746, 1742386974.528359, 1742386974.6301556, 1742386974.732235, 1742386974.8341846, 1742386974.936195, 1742386975.038133, 1742386975.140087, 1742386975.2421887, 1742386975.3441591, 1742386975.44615, 1742386975.54839, 1742386975.6502805, 1742386975.752279, 1742386975.8542385, 1742386975.9562101, 1742386976.0581686, 1742386976.1608775, 1742386976.2636292, 1742386976.3676329, 1742386976.4697416, 1742386976.5728395, 1742386976.6742177, 1742386976.7760835, 1742386976.8791513, 1742386976.9825716, 1742386977.085436, 1742386977.1885316, 1742386977.2916114, 1742386977.3935795, 1742386977.4955091, 1742386977.5974095, 1742386977.6993423, 1742386977.8011546, 1742386977.9031494, 1742386978.0050988, 1742386978.107046, 1742386978.2090137, 1742386978.310961, 1742386978.412905, 1742386978.514848, 1742386978.6167743, 1742386978.7187347, 1742386978.8205786, 1742386978.9225304, 1742386979.0244744, 1742386979.126428, 1742386979.2283897, 1742386979.3303683, 1742386979.4323008, 1742386979.5342658, 1742386979.6361969, 1742386979.738136, 1742386979.8400817, 1742386979.9420524, 1742386980.0440063, 1742386980.1459587, 1742386980.2478797, 1742386980.3498108, 1742386980.451729, 1742386980.5536973, 1742386980.6556334, 1742386980.757605, 1742386980.859584, 1742386980.9615557, 1742386981.063429, 1742386981.1654108, 1742386981.2673707, 1742386981.3693557, 1742386981.4713576, 1742386981.57345, 1742386981.6754742, 1742386981.7774684, 1742386981.879528, 1742386981.9814582, 1742386982.083447, 1742386982.1853793, 1742386982.287303, 1742386982.3892486, 1742386982.4911559, 1742386982.593146, 1742386982.6951478, 1742386982.7971609, 1742386982.8991323, 1742386983.0011082, 1742386983.103003, 1742386983.204949, 1742386983.3069656, 1742386983.4089358, 1742386983.5108705, 1742386983.6131928, 1742386983.7163756, 1742386983.8193808, 1742386983.9220526, 1742386984.0251026, 1742386984.1281157, 1742386984.2310927, 1742386984.333999, 1742386984.4371016, 1742386984.5401695, 1742386984.643022, 1742386984.7458007, 1742386984.8474429, 1742386984.9493644, 1742386985.0513327, 1742386985.1532447, 1742386985.255203, 1742386985.3571367, 1742386985.4590955, 1742386985.5610647, 1742386985.6630561, 1742386985.764995, 1742386985.8669574, 1742386985.9688616, 1742386986.0708237, 1742386986.172747, 1742386986.2747443, 1742386986.3766925, 1742386986.4786303, 1742386986.580616, 1742386986.682566, 1742386986.7846003, 1742386986.8865294, 1742386986.9884896, 1742386987.0904238, 1742386987.1924348, 1742386987.2944007, 1742386987.39629, 1742386987.4982285, 1742386987.600561, 1742386987.7025225, 1742386987.8043897, 1742386987.9064052, 1742386988.0083144, 1742386988.1103504, 1742386988.2122345, 1742386988.3142135, 1742386988.4160347, 1742386988.518163, 1742386988.6200697, 1742386988.722064, 1742386988.8240788, 1742386988.9266238, 1742386989.028606, 1742386989.1312778, 1742386989.233309, 1742386989.335889, 1742386989.4378798, 1742386989.540173, 1742386989.642141, 1742386989.7440655, 1742386989.8461149, 1742386989.9481401, 1742386990.0501158, 1742386990.1521556, 1742386990.254081, 1742386990.3560731, 1742386990.4580114, 1742386990.5599527, 1742386990.661956, 1742386990.7639456, 1742386990.8655293, 1742386990.967538, 1742386991.07133, 1742386991.1743321, 1742386991.2775068, 1742386991.380562, 1742386991.4833124, 1742386991.5861595, 1742386991.6885808, 1742386991.7902038, 1742386991.8925877, 1742386991.995118, 1742386992.1095355, 1742386992.2125304, 1742386992.315362, 1742386992.4181647, 1742386992.5210202, 1742386992.6229858, 1742386992.7249556, 1742386992.8269207, 1742386992.9288993, 1742386993.0308707, 1742386993.1328273, 1742386993.234823, 1742386993.3368082, 1742386993.4387236, 1742386993.5406818, 1742386993.6426408, 1742386993.744637, 1742386993.8465974, 1742386993.9485798, 1742386994.050424, 1742386994.1523612, 1742386994.254344, 1742386994.3562748, 1742386994.4582357, 1742386994.560236, 1742386994.662228, 1742386994.764192, 1742386994.866147, 1742386994.9681504, 1742386995.0701096, 1742386995.1721618, 1742386995.2741187, 1742386995.376112, 1742386995.4780805, 1742386995.5800662, 1742386995.6820276, 1742386995.7840767, 1742386995.886011, 1742386995.9880044, 1742386996.0899737, 1742386996.1919858, 1742386996.2939043, 1742386996.3958535, 1742386996.4978173, 1742386996.5997703, 1742386996.701702, 1742386996.8036578, 1742386996.9056492, 1742386997.0076795, 1742386997.10972, 1742386997.2116933, 1742386997.3136947, 1742386997.4155343, 1742386997.5178297, 1742386997.6197226, 1742386997.7219243, 1742386997.823866, 1742386997.9260705, 1742386998.0280492, 1742386998.1302347, 1742386998.232162, 1742386998.333928, 1742386998.4358873, 1742386998.5379076, 1742386998.6399317, 1742386998.742054, 1742386998.843576, 1742386998.9464552, 1742386999.0491421, 1742386999.152154, 1742386999.2551248, 1742386999.3573356, 1742386999.4600463, 1742386999.562037, 1742386999.6652117, 1742386999.7680404, 1742386999.8707767, 1742386999.9739084, 1742387000.0770261, 1742387000.178959, 1742387000.280901, 1742387000.3833826, 1742387000.485659, 1742387000.5874557, 1742387000.6893883, 1742387000.7913392, 1742387000.8932903, 1742387000.9952946, 1742387001.0971942, 1742387001.1998613, 1742387001.3018026, 1742387001.4037447, 1742387001.5056791, 1742387001.607599, 1742387001.7095802, 1742387001.8120773, 1742387001.9141927, 1742387002.0161743, 1742387002.1180587, 1742387002.220019, 1742387002.3219469, 1742387002.4239123, 1742387002.525939, 1742387002.6281726, 1742387002.730193, 1742387002.8323088, 1742387002.934245, 1742387003.0362713, 1742387003.1381993, 1742387003.2401862, 1742387003.34216, 1742387003.4441633, 1742387003.5461705, 1742387003.6481225, 1742387003.7500691, 1742387003.8518615, 1742387003.954226, 1742387004.0569093, 1742387004.1588433, 1742387004.2607856, 1742387004.3627336, 1742387004.4647007, 1742387004.5666406, 1742387004.6689117, 1742387004.7716284, 1742387004.8736327, 1742387004.9756343, 1742387005.0775728, 1742387005.179573, 1742387005.2815094, 1742387005.3835783, 1742387005.4858131, 1742387005.5877442, 1742387005.689666, 1742387005.7916532, 1742387005.8936312, 1742387005.9955711, 1742387006.0975893, 1742387006.19976, 1742387006.3016927, 1742387006.4036026, 1742387006.505553, 1742387006.607503, 1742387006.7094262, 1742387006.8114202, 1742387006.9131348, 1742387007.0151374, 1742387007.1168938, 1742387007.218847, 1742387007.3208117, 1742387007.4224298, 1742387007.5246322, 1742387007.6273034, 1742387007.7305126, 1742387007.833534, 1742387007.9364655, 1742387008.0394027, 1742387008.1430528, 1742387008.2462504, 1742387008.3490307, 1742387008.4521255, 1742387008.555122, 1742387008.6579647, 1742387008.7607586, 1742387008.8631625, 1742387008.9647, 1742387009.066613, 1742387009.1685824, 1742387009.2704587, 1742387009.372375, 1742387009.474289, 1742387009.5762274, 1742387009.6781719, 1742387009.7801406, 1742387009.8820722, 1742387009.984031, 1742387010.0859463, 1742387010.1879344, 1742387010.2897403, 1742387010.3915462, 1742387010.4935107, 1742387010.595468, 1742387010.6978872, 1742387010.7998261, 1742387010.9017518, 1742387011.0037043, 1742387011.1056252, 1742387011.207601, 1742387011.3095822, 1742387011.4115171, 1742387011.51348, 1742387011.6154091, 1742387011.7173553, 1742387011.8193564, 1742387011.9213343, 1742387012.0234396, 1742387012.1253874, 1742387012.2274206, 1742387012.3293595, 1742387012.4313302, 1742387012.5333242, 1742387012.635274, 1742387012.7372527, 1742387012.8392186, 1742387012.941284, 1742387013.0447881, 1742387013.146718, 1742387013.2489092, 1742387013.3508623, 1742387013.4528763, 1742387013.5547943, 1742387013.656777, 1742387013.758784, 1742387013.8607593, 1742387013.9626653, 1742387014.06463, 1742387014.1665533, 1742387014.2685354, 1742387014.3705068, 1742387014.4724486, 1742387014.5743601, 1742387014.676307, 1742387014.7782948, 1742387014.880337, 1742387014.9823277, 1742387015.0842762, 1742387015.1862464, 1742387015.288227, 1742387015.392131, 1742387015.4940815, 1742387015.5959973, 1742387015.6979535, 1742387015.8005416, 1742387015.9025185, 1742387016.0045128, 1742387016.1064458, 1742387016.2084382, 1742387016.3103893, 1742387016.4124033, 1742387016.5143745, 1742387016.6163197, 1742387016.7182765, 1742387016.8200977, 1742387016.9220166, 1742387017.0248966, 1742387017.1279242, 1742387017.2308261, 1742387017.3325062, 1742387017.4341571, 1742387017.536124, 1742387017.6380243, 1742387017.7399342, 1742387017.8418107, 1742387017.943726, 1742387018.046928, 1742387018.1499104, 1742387018.252432, 1742387018.355436, 1742387018.4587646, 1742387018.5615294, 1742387018.66443, 1742387018.7672381, 1742387018.8700733, 1742387018.973497, 1742387019.0751667, 1742387019.1767619, 1742387019.278348, 1742387019.3801482, 1742387019.4829416, 1742387019.5848777, 1742387019.6863596, 1742387019.7883186, 1742387019.8901896, 1742387019.9917674, 1742387020.0936248, 1742387020.195575, 1742387020.2975435, 1742387020.3994675, 1742387020.5020401, 1742387020.604032, 1742387020.7060516, 1742387020.8080394, 1742387020.909993, 1742387021.0119462, 1742387021.1138868, 1742387021.2158198, 1742387021.317759, 1742387021.4196913, 1742387021.5216813, 1742387021.6240835, 1742387021.7260144, 1742387021.8280506, 1742387021.9300122, 1742387022.032003, 1742387022.133946, 1742387022.235889, 1742387022.3378248, 1742387022.4397488, 1742387022.5416715, 1742387022.6443503, 1742387022.7463422, 1742387022.8483543, 1742387022.9503841, 1742387023.0523953, 1742387023.1543577, 1742387023.2563465, 1742387023.3581245, 1742387023.4600382, 1742387023.5619915, 1742387023.6640663, 1742387023.76594, 1742387023.8684716, 1742387023.9705203, 1742387024.0726473, 1742387024.1745758, 1742387024.2766032, 1742387024.3785584, 1742387024.4804885, 1742387024.5824244, 1742387024.6844254, 1742387024.786623, 1742387024.8885791, 1742387024.9908514, 1742387025.092798, 1742387025.1948626, 1742387025.2968957, 1742387025.398881, 1742387025.5008438, 1742387025.6028385, 1742387025.7048023, 1742387025.8067746, 1742387025.9087996, 1742387026.0107791, 1742387026.113007, 1742387026.2165804, 1742387026.3180604, 1742387026.4202774, 1742387026.5234282, 1742387026.626011, 1742387026.7294466, 1742387026.8324113, 1742387026.9355125, 1742387027.0385656, 1742387027.1416535, 1742387027.2432792, 1742387027.3452542, 1742387027.4471385, 1742387027.5491173, 1742387027.6510468, 1742387027.7530618, 1742387027.85502, 1742387027.9570053, 1742387028.0589633, 1742387028.1608627, 1742387028.2628164, 1742387028.3648412, 1742387028.4667902, 1742387028.5687332, 1742387028.6706202, 1742387028.7725694, 1742387028.8745103, 1742387028.9764986, 1742387029.0784612, 1742387029.1804006, 1742387029.2823346, 1742387029.3843262, 1742387029.486266, 1742387029.590145, 1742387029.6921277, 1742387029.7939198, 1742387029.895847, 1742387029.9977727, 1742387030.0997803, 1742387030.2018747, 1742387030.303806, 1742387030.405761, 1742387030.5076988, 1742387030.6097565, 1742387030.7117422, 1742387030.8136606, 1742387030.9156344, 1742387031.0176053, 1742387031.1195762, 1742387031.2215521, 1742387031.3235183, 1742387031.425498, 1742387031.5274239, 1742387031.629384, 1742387031.7313123, 1742387031.8333278, 1742387031.9361627, 1742387032.0381515, 1742387032.1400633, 1742387032.2419982, 1742387032.3439436, 1742387032.445943, 1742387032.547998, 1742387032.649901, 1742387032.751844, 1742387032.853851, 1742387032.955938, 1742387033.0577438, 1742387033.15968, 1742387033.2616775, 1742387033.3636346, 1742387033.4655511, 1742387033.5675054, 1742387033.669482, 1742387033.771638, 1742387033.8736022, 1742387033.9756515, 1742387034.077593, 1742387034.1795928, 1742387034.2823524, 1742387034.384302, 1742387034.4862177, 1742387034.5882022, 1742387034.690184, 1742387034.79223, 1742387034.8942044, 1742387034.996126, 1742387035.0975535, 1742387035.2006752, 1742387035.303448, 1742387035.405144, 1742387035.5076263, 1742387035.60984, 1742387035.711832, 1742387035.8138454, 1742387035.9157681, 1742387036.0177238, 1742387036.1196735, 1742387036.2216716, 1742387036.3234925, 1742387036.4254239, 1742387036.527361, 1742387036.6293752, 1742387036.731361, 1742387036.8333275, 1742387036.9352791, 1742387037.0372684, 1742387037.139237, 1742387037.241264, 1742387037.3444746, 1742387037.4459212, 1742387037.548407, 1742387037.6511114, 1742387037.7538033, 1742387037.855671, 1742387037.9585762, 1742387038.061808, 1742387038.1655827, 1742387038.2685363, 1742387038.3717072, 1742387038.4746647, 1742387038.5774846, 1742387038.6794124, 1742387038.7814186, 1742387038.883374, 1742387038.9861088, 1742387039.0880787, 1742387039.190035, 1742387039.2920074, 1742387039.3939998, 1742387039.4962914, 1742387039.5981455, 1742387039.7000806, 1742387039.8020513, 1742387039.9039516, 1742387040.0061238, 1742387040.1080828, 1742387040.2100139, 1742387040.3120108, 1742387040.4138992, 1742387040.515996, 1742387040.6179738, 1742387040.720008, 1742387040.8220017, 1742387040.9239964, 1742387041.025974, 1742387041.127946, 1742387041.2299116, 1742387041.3319397, 1742387041.43387, 1742387041.53582, 1742387041.637786, 1742387041.7397957, 1742387041.8415222, 1742387041.9434628, 1742387042.0453827, 1742387042.1473467, 1742387042.2493694, 1742387042.3524766, 1742387042.4544542, 1742387042.5564027, 1742387042.6583836, 1742387042.7603486, 1742387042.8623602, 1742387042.964348, 1742387043.0663464, 1742387043.1686134, 1742387043.2705207, 1742387043.3727071, 1742387043.4746358, 1742387043.5766366, 1742387043.678598, 1742387043.7805655, 1742387043.8825357, 1742387043.9845245, 1742387044.0865288, 1742387044.1903157, 1742387044.292296, 1742387044.3943994, 1742387044.4964097, 1742387044.5983567, 1742387044.7011425, 1742387044.8031385, 1742387044.905086, 1742387045.0070379, 1742387045.108991, 1742387045.211013, 1742387045.3129995, 1742387045.4149563, 1742387045.5169704, 1742387045.6189468, 1742387045.7209558, 1742387045.8229153, 1742387045.9248638, 1742387046.0266762, 1742387046.1285377, 1742387046.2305894, 1742387046.3326135, 1742387046.434583, 1742387046.5368311, 1742387046.639852, 1742387046.742696, 1742387046.8445637, 1742387046.946452, 1742387047.048409, 1742387047.1502926, 1742387047.2524383, 1742387047.3543067, 1742387047.4567382, 1742387047.5597062, 1742387047.662823, 1742387047.7658384, 1742387047.8683448, 1742387047.970411, 1742387048.073554, 1742387048.1772013, 1742387048.2800148, 1742387048.3831096, 1742387048.4850261, 1742387048.58691, 1742387048.6888914, 1742387048.7908156, 1742387048.8926582, 1742387048.9946232, 1742387049.0965173, 1742387049.1984982, 1742387049.3008113, 1742387049.4026966, 1742387049.5047398, 1742387049.6066635, 1742387049.7086174, 1742387049.8105152, 1742387049.9124455, 1742387050.0143583, 1742387050.1163385, 1742387050.2185645, 1742387050.320532, 1742387050.4224987, 1742387050.5244875, 1742387050.6264231, 1742387050.7283762, 1742387050.8303485, 1742387050.932335, 1742387051.0342648, 1742387051.1362095, 1742387051.2382853, 1742387051.340271, 1742387051.442158, 1742387051.5441108, 1742387051.6460721, 1742387051.7488317, 1742387051.8508682, 1742387051.9528174, 1742387052.0547557, 1742387052.1567063, 1742387052.2587378, 1742387052.3606787, 1742387052.4626145, 1742387052.564556, 1742387052.6663868, 1742387052.7683525, 1742387052.8702836, 1742387052.9722555, 1742387053.0741975, 1742387053.1762023, 1742387053.2781606, 1742387053.3801177, 1742387053.4820912, 1742387053.5848823, 1742387053.6867747, 1742387053.7887568, 1742387053.890679, 1742387053.9927425, 1742387054.0955641, 1742387054.1976733, 1742387054.299583, 1742387054.4020178, 1742387054.5040085, 1742387054.6059816, 1742387054.7079303, 1742387054.8097994, 1742387054.9117284, 1742387055.013646, 1742387055.11561, 1742387055.2175746, 1742387055.3195338, 1742387055.4214745, 1742387055.5234263, 1742387055.6253786, 1742387055.7273383, 1742387055.8291585, 1742387055.9326246, 1742387056.0346394, 1742387056.1365886, 1742387056.2385366, 1742387056.3406475, 1742387056.4426713, 1742387056.5455878, 1742387056.6484935, 1742387056.7513428, 1742387056.8544154, 1742387056.9561498, 1742387057.058101, 1742387057.1599665, 1742387057.2618651, 1742387057.3637714, 1742387057.4656272, 1742387057.567579, 1742387057.6707222, 1742387057.7739267, 1742387057.8754585, 1742387057.9777858, 1742387058.0809977, 1742387058.1839492, 1742387058.2856503, 1742387058.3890646, 1742387058.4917552, 1742387058.594692, 1742387058.6962545, 1742387058.798169, 1742387058.9010506, 1742387059.0029876, 1742387059.1047812, 1742387059.2067146, 1742387059.308652, 1742387059.4106743, 1742387059.5126603, 1742387059.6146233, 1742387059.716629, 1742387059.81856, 1742387059.9205658, 1742387060.0225265, 1742387060.124462, 1742387060.2263753, 1742387060.3282921, 1742387060.4301918, 1742387060.5321794, 1742387060.6341136, 1742387060.7361062, 1742387060.838038, 1742387060.9401472, 1742387061.0421097, 1742387061.1440792, 1742387061.2460296, 1742387061.3479846, 1742387061.449941, 1742387061.5519195, 1742387061.6538916, 1742387061.7561445, 1742387061.8580523, 1742387061.9601395, 1742387062.062089, 1742387062.1641712, 1742387062.2669644, 1742387062.368852, 1742387062.4708464, 1742387062.5728397, 1742387062.6748037, 1742387062.776779, 1742387062.8787115, 1742387062.9806836, 1742387063.0828948, 1742387063.1848712, 1742387063.2868235, 1742387063.388835, 1742387063.490797, 1742387063.5928087, 1742387063.6947467, 1742387063.7967196, 1742387063.8986468, 1742387064.0006933, 1742387064.102606, 1742387064.204553, 1742387064.3067534, 1742387064.4087527, 1742387064.5107882, 1742387064.6136076, 1742387064.715556, 1742387064.8174784, 1742387064.9194212, 1742387065.0213938, 1742387065.1234274, 1742387065.2255187, 1742387065.32775, 1742387065.4296875, 1742387065.5314763, 1742387065.6333766, 1742387065.7353022, 1742387065.8373013, 1742387065.9393113, 1742387066.0412796, 1742387066.143279, 1742387066.2452407, 1742387066.3472655, 1742387066.4500964, 1742387066.5520792, 1742387066.654, 1742387066.7557795, 1742387066.8585615, 1742387066.9606438, 1742387067.063835, 1742387067.1669135, 1742387067.2699652, 1742387067.3731308, 1742387067.4748693, 1742387067.5767488, 1742387067.6798098, 1742387067.7827156, 1742387067.8855982, 1742387067.9886978, 1742387068.0915039, 1742387068.1942973, 1742387068.297034, 1742387068.3989782, 1742387068.500957, 1742387068.6028924, 1742387068.7048125, 1742387068.8066373, 1742387068.9085736, 1742387069.010516, 1742387069.1125176, 1742387069.214456, 1742387069.3164241, 1742387069.4183638, 1742387069.5203164, 1742387069.6222436, 1742387069.7241435, 1742387069.826112, 1742387069.9281106, 1742387070.0300717, 1742387070.1320856, 1742387070.2339942, 1742387070.3360443, 1742387070.4380548, 1742387070.5400472, 1742387070.6419592, 1742387070.7439787, 1742387070.8474393, 1742387070.9494748, 1742387071.0514393, 1742387071.1533937, 1742387071.2553785, 1742387071.3576157, 1742387071.4595852, 1742387071.5615115, 1742387071.6634567, 1742387071.7654576, 1742387071.8674703, 1742387071.9694688, 1742387072.071291, 1742387072.1732187, 1742387072.2751882, 1742387072.3771987, 1742387072.4791327, 1742387072.5810816, 1742387072.683029, 1742387072.7849858, 1742387072.886961, 1742387072.9889123, 1742387073.0908368, 1742387073.1928504, 1742387073.2947505, 1742387073.3967507, 1742387073.49868, 1742387073.6006691, 1742387073.7026258, 1742387073.80459, 1742387073.9065292, 1742387074.0085006, 1742387074.1104825, 1742387074.2124875, 1742387074.314376, 1742387074.416353, 1742387074.5183103, 1742387074.620636, 1742387074.722614, 1742387074.8245647, 1742387074.9265194, 1742387075.0285597, 1742387075.1313388, 1742387075.2333355, 1742387075.3348458, 1742387075.4367864, 1742387075.538721, 1742387075.6414704, 1742387075.743419, 1742387075.8453438, 1742387075.947866, 1742387076.0496693, 1742387076.1519406, 1742387076.2548351, 1742387076.357832, 1742387076.4609036, 1742387076.5639708, 1742387076.6670008, 1742387076.7701187, 1742387076.8733814, 1742387076.9766726, 1742387077.078269, 1742387077.180214, 1742387077.2815742, 1742387077.3835552, 1742387077.4855, 1742387077.5874674, 1742387077.6893916, 1742387077.7913933, 1742387077.8933046, 1742387077.9965072, 1742387078.0984519, 1742387078.200455, 1742387078.3023906, 1742387078.4044092, 1742387078.5063438, 1742387078.6082923, 1742387078.710234, 1742387078.8121872, 1742387078.914104, 1742387079.016039, 1742387079.1180475, 1742387079.2200656, 1742387079.3220222, 1742387079.4239762, 1742387079.5259213, 1742387079.6283743, 1742387079.7303324, 1742387079.832295, 1742387079.9346585, 1742387080.036635, 1742387080.1386385, 1742387080.2406344, 1742387080.3426068, 1742387080.4446673, 1742387080.5466027, 1742387080.648537, 1742387080.7504325, 1742387080.8524325, 1742387080.9543605, 1742387081.0563462, 1742387081.158299, 1742387081.2602644, 1742387081.362259, 1742387081.4642577, 1742387081.5663428, 1742387081.6682923, 1742387081.7702518, 1742387081.8721864, 1742387081.9741898, 1742387082.0761518, 1742387082.1781175, 1742387082.2800202, 1742387082.381954, 1742387082.4838939, 1742387082.5858693, 1742387082.6878076, 1742387082.7897346, 1742387082.8917122, 1742387082.9936173, 1742387083.0956104, 1742387083.1975882, 1742387083.2995858, 1742387083.4015563, 1742387083.5034492, 1742387083.6065638, 1742387083.7085671, 1742387083.8105836, 1742387083.9135702, 1742387084.016488, 1742387084.1188307, 1742387084.2211688, 1742387084.323505, 1742387084.425975, 1742387084.5287442, 1742387084.6318543, 1742387084.7346892, 1742387084.837908, 1742387084.9409428, 1742387085.0436745, 1742387085.1463835, 1742387085.248375, 1742387085.350345, 1742387085.4523144, 1742387085.5542552, 1742387085.6572504, 1742387085.7592075, 1742387085.8612585, 1742387085.9632263, 1742387086.065187, 1742387086.1671357, 1742387086.2690985, 1742387086.371051, 1742387086.472994, 1742387086.5749712, 1742387086.6768944, 1742387086.778595, 1742387086.8805273, 1742387086.982611, 1742387087.0846462, 1742387087.1866248, 1742387087.2886057, 1742387087.390535, 1742387087.492522, 1742387087.5945177, 1742387087.6967413, 1742387087.7987003, 1742387087.9014032, 1742387088.003389, 1742387088.1054552, 1742387088.2074683, 1742387088.3090556, 1742387088.4110339, 1742387088.5130484, 1742387088.6150646, 1742387088.717496, 1742387088.8196049, 1742387088.9215794, 1742387089.0235796, 1742387089.1255584, 1742387089.2275221, 1742387089.3295238, 1742387089.4314954, 1742387089.5334659, 1742387089.635402, 1742387089.7373712, 1742387089.8393102, 1742387089.9426136, 1742387090.0446832, 1742387090.1467037, 1742387090.2486916, 1742387090.350533, 1742387090.4524713, 1742387090.554381, 1742387090.6563442, 1742387090.7583613, 1742387090.860325, 1742387090.9623268, 1742387091.0643864, 1742387091.16632, 1742387091.268329, 1742387091.3703198, 1742387091.4722915, 1742387091.574112, 1742387091.676097, 1742387091.7780585, 1742387091.8801105, 1742387091.9821215, 1742387092.0851805, 1742387092.1883075, 1742387092.291153, 1742387092.3938842, 1742387092.4961011, 1742387092.5990498, 1742387092.7022748, 1742387092.8052185, 1742387092.9077115, 1742387093.010159, 1742387093.1130393, 1742387093.21586, 1742387093.3178537, 1742387093.41981, 1742387093.521767, 1742387093.623699, 1742387093.725665, 1742387093.8277476, 1742387093.9296656, 1742387094.0325809, 1742387094.1345296, 1742387094.236494, 1742387094.3384345, 1742387094.440349, 1742387094.5422895, 1742387094.644244, 1742387094.7461836, 1742387094.8480139, 1742387094.9499338, 1742387095.0518837, 1742387095.1545467, 1742387095.2565684, 1742387095.3585758, 1742387095.4605594, 1742387095.5625067, 1742387095.6644733, 1742387095.7664561, 1742387095.868414, 1742387095.9703567, 1742387096.0723696, 1742387096.174283, 1742387096.277428, 1742387096.3794334, 1742387096.4817421, 1742387096.5837529, 1742387096.685705, 1742387096.787642, 1742387096.8895617, 1742387096.9915512, 1742387097.093544, 1742387097.1954925, 1742387097.2975473, 1742387097.400952, 1742387097.5028968, 1742387097.6049395, 1742387097.7068667, 1742387097.808768, 1742387097.910723, 1742387098.0126855, 1742387098.1145296, 1742387098.216542, 1742387098.3185124, 1742387098.4205365, 1742387098.5225766, 1742387098.6245303, 1742387098.7264633, 1742387098.828349, 1742387098.9302871, 1742387099.0322375, 1742387099.1342356, 1742387099.2362099, 1742387099.3383813, 1742387099.4405744, 1742387099.542531, 1742387099.6445408, 1742387099.746545, 1742387099.8485084, 1742387099.9504628, 1742387100.052425, 1742387100.154242, 1742387100.2565868, 1742387100.359221, 1742387100.4619977, 1742387100.56493, 1742387100.6678803, 1742387100.7705748, 1742387100.8732862, 1742387100.9759467, 1742387101.077585, 1742387101.1799998, 1742387101.282089, 1742387101.3866527, 1742387101.4895656, 1742387101.592505, 1742387101.695508, 1742387101.7985497, 1742387101.901464, 1742387102.004371, 1742387102.1063633, 1742387102.2083318, 1742387102.3102696, 1742387102.4122033, 1742387102.5141444, 1742387102.6161163, 1742387102.718047, 1742387102.8200421, 1742387102.9219928, 1742387103.0239887, 1742387103.125894, 1742387103.227835, 1742387103.3297682, 1742387103.4318109, 1742387103.5337512, 1742387103.6357198, 1742387103.7379966, 1742387103.8400276, 1742387103.9420154, 1742387104.0439773, 1742387104.1459265, 1742387104.2478716, 1742387104.350079, 1742387104.4521022, 1742387104.5540102, 1742387104.6560054, 1742387104.7580423, 1742387104.859999, 1742387104.96202, 1742387105.063961, 1742387105.1659875, 1742387105.2679327, 1742387105.3699062, 1742387105.4719074, 1742387105.5738368, 1742387105.6757975, 1742387105.777734, 1742387105.879661, 1742387105.9815876, 1742387106.0835073, 1742387106.185548, 1742387106.2880602, 1742387106.3900332, 1742387106.4919958, 1742387106.593947, 1742387106.6959348, 1742387106.7979228, 1742387106.8998938, 1742387107.0019104, 1742387107.103873, 1742387107.2063634, 1742387107.3083532, 1742387107.4110837, 1742387107.5141976, 1742387107.6173413, 1742387107.71938, 1742387107.8301268, 1742387107.9331195, 1742387108.0363367, 1742387108.1392763, 1742387108.2408738, 1742387108.3428254, 1742387108.444764, 1742387108.5466647, 1742387108.648697, 1742387108.7506063, 1742387108.852554, 1742387108.9545124, 1742387109.0564692, 1742387109.1593232, 1742387109.2612636, 1742387109.363198, 1742387109.4651635, 1742387109.5672557, 1742387109.6692228, 1742387109.771143, 1742387109.8730729, 1742387109.97503, 1742387110.0770068, 1742387110.178996, 1742387110.281096, 1742387110.3830519, 1742387110.4849944, 1742387110.5868979, 1742387110.6888978, 1742387110.7908204, 1742387110.8927758, 1742387110.994728, 1742387111.096592, 1742387111.1985376, 1742387111.3005068, 1742387111.402495, 1742387111.5055518, 1742387111.6074972, 1742387111.7094307, 1742387111.811394, 1742387111.9133856, 1742387112.0154202, 1742387112.1173778, 1742387112.219318, 1742387112.3212776, 1742387112.4232755, 1742387112.525268, 1742387112.627215, 1742387112.729127, 1742387112.8310711, 1742387112.9329972, 1742387113.034934, 1742387113.1368454, 1742387113.238805, 1742387113.3408053, 1742387113.4426932, 1742387113.544619, 1742387113.6465607, 1742387113.7485538, 1742387113.8514304, 1742387113.9534173, 1742387114.055322, 1742387114.1572642, 1742387114.2591624, 1742387114.3611732, 1742387114.4630873, 1742387114.5650249, 1742387114.6670341, 1742387114.7689624, 1742387114.8709378, 1742387114.9729087, 1742387115.07494, 1742387115.1768854, 1742387115.2787833, 1742387115.3808002, 1742387115.4827423, 1742387115.5846999, 1742387115.6865766, 1742387115.788534, 1742387115.890769, 1742387115.9926758, 1742387116.0946908, 1742387116.1966908, 1742387116.2997758, 1742387116.4026718, 1742387116.505783, 1742387116.6089149, 1742387116.712004, 1742387116.8150256, 1742387116.9169848, 1742387117.0189385, 1742387117.1209414, 1742387117.2228882, 1742387117.3248467, 1742387117.4268267, 1742387117.530101, 1742387117.6319273, 1742387117.7338595, 1742387117.8358402, 1742387117.9377851, 1742387118.039719, 1742387118.1416838, 1742387118.2438426, 1742387118.346959, 1742387118.44974, 1742387118.5526016, 1742387118.6555176, 1742387118.7580698, 1742387118.861803, 1742387118.9647064, 1742387119.0675864, 1742387119.1706917, 1742387119.2735202, 1742387119.3753173, 1742387119.477281, 1742387119.5791578, 1742387119.6815672, 1742387119.7835138, 1742387119.885447, 1742387119.9873908, 1742387120.0893085, 1742387120.1912563, 1742387120.293139, 1742387120.3959348, 1742387120.497885, 1742387120.5998244, 1742387120.7017403, 1742387120.803611, 1742387120.9057581, 1742387121.007652, 1742387121.1096318, 1742387121.2115934, 1742387121.3135376, 1742387121.4155035, 1742387121.5174675, 1742387121.6194248, 1742387121.7213917, 1742387121.8234127, 1742387121.925371, 1742387122.0272598, 1742387122.129246, 1742387122.2312026, 1742387122.333198, 1742387122.4351447, 1742387122.5370839, 1742387122.6391723, 1742387122.7411034, 1742387122.8430772, 1742387122.9451294, 1742387123.0470533, 1742387123.1490462, 1742387123.2510555, 1742387123.3530238, 1742387123.4549758, 1742387123.556943, 1742387123.6589017, 1742387123.761243, 1742387123.8632076, 1742387123.9652886, 1742387124.067103, 1742387124.1689663, 1742387124.2708907, 1742387124.3727973, 1742387124.4755652, 1742387124.5775409, 1742387124.6793926, 1742387124.7813895, 1742387124.8833551, 1742387124.9853375, 1742387125.087259, 1742387125.189262, 1742387125.2912924, 1742387125.393564, 1742387125.4955213, 1742387125.5975597, 1742387125.6997063, 1742387125.801602, 1742387125.903618, 1742387126.0055373, 1742387126.1074736, 1742387126.2094393, 1742387126.3114088, 1742387126.4134102, 1742387126.515324, 1742387126.6174219, 1742387126.7204702, 1742387126.8236623, 1742387126.9271252, 1742387127.0303159, 1742387127.1331985, 1742387127.2362466, 1742387127.3393085, 1742387127.4424076, 1742387127.544021, 1742387127.6459239, 1742387127.7476747, 1742387127.849654, 1742387127.9518762, 1742387128.0538056, 1742387128.155736, 1742387128.258185, 1742387128.360196, 1742387128.4620802, 1742387128.563995, 1742387128.665901, 1742387128.7679157, 1742387128.8698578, 1742387128.9717758, 1742387129.073721, 1742387129.175604, 1742387129.277521, 1742387129.3794847, 1742387129.4814188, 1742387129.5833623, 1742387129.6853085, 1742387129.7872567, 1742387129.8891952, 1742387129.991169, 1742387130.09317, 1742387130.1950836, 1742387130.2970855, 1742387130.3990192, 1742387130.5010326, 1742387130.6027813, 1742387130.7047508, 1742387130.8066313, 1742387130.9085748, 1742387131.010539, 1742387131.1125915, 1742387131.2145462, 1742387131.3165195, 1742387131.4187016, 1742387131.5206757, 1742387131.6226497, 1742387131.7246025, 1742387131.8265293, 1742387131.928537, 1742387132.0304449, 1742387132.1323907, 1742387132.234322, 1742387132.3362591, 1742387132.4402738, 1742387132.542242, 1742387132.6442103, 1742387132.746127, 1742387132.8480124, 1742387132.950029, 1742387133.0519829, 1742387133.153954, 1742387133.255922, 1742387133.3578577, 1742387133.459757, 1742387133.561818, 1742387133.6637516, 1742387133.7656775, 1742387133.867473, 1742387133.9694498, 1742387134.0713952, 1742387134.1733882, 1742387134.2767498, 1742387134.3787339, 1742387134.4808517, 1742387134.5828202, 1742387134.6848505, 1742387134.7872918, 1742387134.8893075, 1742387134.9911995, 1742387135.093162, 1742387135.195115, 1742387135.297103, 1742387135.3990695, 1742387135.500997, 1742387135.6026092, 1742387135.705597, 1742387135.80883, 1742387135.910514, 1742387136.012177, 1742387136.1138053, 1742387136.2154918, 1742387136.3172379, 1742387136.4191792, 1742387136.5211484, 1742387136.623065, 1742387136.7250164, 1742387136.826945, 1742387136.9289217, 1742387137.0306602, 1742387137.1326063, 1742387137.234546, 1742387137.3365018, 1742387137.4384081, 1742387137.5404327, 1742387137.6423979, 1742387137.7444093, 1742387137.8471835, 1742387137.9495952, 1742387138.0528185, 1742387138.1558034, 1742387138.2589502, 1742387138.3619778, 1742387138.4646845, 1742387138.5677164, 1742387138.6696978, 1742387138.7723727, 1742387138.875456, 1742387138.9788177, 1742387139.0817797, 1742387139.1848426, 1742387139.2867508, 1742387139.3886845, 1742387139.4906652, 1742387139.5925806, 1742387139.6951773, 1742387139.7971697, 1742387139.8992066, 1742387140.001138, 1742387140.1030736, 1742387140.2050657, 1742387140.3069916, 1742387140.4089813, 1742387140.510927, 1742387140.6129715, 1742387140.7149262, 1742387140.8169613, 1742387140.918914, 1742387141.020835, 1742387141.1227665, 1742387141.225051, 1742387141.3278913, 1742387141.4297736, 1742387141.5318415, 1742387141.633812, 1742387141.73576, 1742387141.837718, 1742387141.9397078, 1742387142.041957, 1742387142.1439683, 1742387142.2461617, 1742387142.3481138, 1742387142.450033, 1742387142.5519652, 1742387142.6539013, 1742387142.7558713, 1742387142.8579133, 1742387142.9599204, 1742387143.0619483, 1742387143.1641097, 1742387143.2660584, 1742387143.3680024, 1742387143.469941, 1742387143.5718596, 1742387143.6738148, 1742387143.775824, 1742387143.8778868, 1742387143.979844, 1742387144.0817864, 1742387144.183734, 1742387144.2856367, 1742387144.3875697, 1742387144.4896057, 1742387144.59157, 1742387144.69353, 1742387144.7954953, 1742387144.89745, 1742387144.999494, 1742387145.1014948, 1742387145.2034612, 1742387145.3054476, 1742387145.4073637, 1742387145.5106602, 1742387145.6126742, 1742387145.7145967, 1742387145.8165684, 1742387145.9184835, 1742387146.020437, 1742387146.1224263, 1742387146.224443, 1742387146.3264167, 1742387146.4284313, 1742387146.5319433, 1742387146.6333697, 1742387146.7361445, 1742387146.8386543, 1742387146.940943, 1742387147.0468519, 1742387147.1498961, 1742387147.2526538, 1742387147.3553975, 1742387147.458533, 1742387147.561575, 1742387147.6646545, 1742387147.766612, 1742387147.8685718, 1742387147.9705288, 1742387148.0725036, 1742387148.1744323, 1742387148.2764065, 1742387148.3783462, 1742387148.480285, 1742387148.5822153, 1742387148.6841588, 1742387148.7860737, 1742387148.888042, 1742387148.9900298, 1742387149.0919683, 1742387149.1941154, 1742387149.2960606, 1742387149.3979702, 1742387149.4998944, 1742387149.601855, 1742387149.703802, 1742387149.8057656, 1742387149.9077663, 1742387150.0096998, 1742387150.111565, 1742387150.2135317, 1742387150.3155067, 1742387150.4174707, 1742387150.519378, 1742387150.6214168, 1742387150.7233496, 1742387150.8257337, 1742387150.927697, 1742387151.0296643, 1742387151.1315842, 1742387151.2335806, 1742387151.3355553, 1742387151.4375014, 1742387151.5395036, 1742387151.6414385, 1742387151.7434425, 1742387151.8454025, 1742387151.9473321, 1742387152.0493097, 1742387152.1513221, 1742387152.2532907, 1742387152.355257, 1742387152.4572442, 1742387152.5592158, 1742387152.6614065, 1742387152.7633932, 1742387152.865417, 1742387152.967352, 1742387153.069307, 1742387153.1712759, 1742387153.2742417, 1742387153.3773196, 1742387153.4802687, 1742387153.5829408, 1742387153.6859553, 1742387153.7882562, 1742387153.8900704, 1742387153.9928916, 1742387154.0960283, 1742387154.198987, 1742387154.3021042, 1742387154.404965, 1742387154.5069318, 1742387154.61065, 1742387154.7126086, 1742387154.8145282, 1742387154.9165316, 1742387155.0184932, 1742387155.1209223, 1742387155.2228045, 1742387155.3247342, 1742387155.426687, 1742387155.5286386, 1742387155.6305895, 1742387155.7325141, 1742387155.8344178, 1742387155.9363565, 1742387156.038276, 1742387156.140228, 1742387156.2421072, 1742387156.3440642, 1742387156.4460175, 1742387156.5478551, 1742387156.6497767, 1742387156.7517202, 1742387156.8536727, 1742387156.9556577, 1742387157.0576265, 1742387157.159578, 1742387157.2615504, 1742387157.3634675, 1742387157.4654572, 1742387157.5673733, 1742387157.6693237, 1742387157.771265, 1742387157.8731945, 1742387157.9751663, 1742387158.0771298, 1742387158.1790538, 1742387158.281006, 1742387158.382968, 1742387158.4849243, 1742387158.5868263, 1742387158.6888127, 1742387158.7907171, 1742387158.8925986, 1742387158.994549, 1742387159.0965014, 1742387159.1984594, 1742387159.3003693, 1742387159.40229, 1742387159.5042343, 1742387159.6061895, 1742387159.708156, 1742387159.809966, 1742387159.9118469, 1742387160.013826, 1742387160.1157954, 1742387160.2177405, 1742387160.3196254, 1742387160.421562, 1742387160.5234876, 1742387160.6254787, 1742387160.727463, 1742387160.8293443, 1742387160.9312477, 1742387161.033275, 1742387161.1352086, 1742387161.2371805, 1742387161.3391056, 1742387161.4410307, 1742387161.542969, 1742387161.6449234, 1742387161.7468874, 1742387161.8487933, 1742387161.9507504, 1742387162.0527458, 1742387162.1546717, 1742387162.2566378, 1742387162.3602343, 1742387162.4631457, 1742387162.566238, 1742387162.6687064, 1742387162.771658, 1742387162.8747938, 1742387162.977911, 1742387163.081236, 1742387163.1829417, 1742387163.2859678, 1742387163.388791, 1742387163.4918914, 1742387163.5934718, 1742387163.6953487, 1742387163.797593, 1742387163.8999245, 1742387164.001832, 1742387164.1037395, 1742387164.205584, 1742387164.3075159, 1742387164.4094636, 1742387164.5113633, 1742387164.6133525, 1742387164.7153141, 1742387164.8173773, 1742387164.919313, 1742387165.0212557, 1742387165.1232178, 1742387165.2251954, 1742387165.3280816, 1742387165.4300137, 1742387165.5319142, 1742387165.633884, 1742387165.7364724, 1742387165.8384264, 1742387165.9404125, 1742387166.0423546, 1742387166.144306, 1742387166.2462776, 1742387166.3481944, 1742387166.4501934, 1742387166.5521703, 1742387166.6541493, 1742387166.7560894, 1742387166.8580148, 1742387166.9599752, 1742387167.061924, 1742387167.1638937, 1742387167.265834, 1742387167.367718, 1742387167.469668, 1742387167.5716224, 1742387167.6744251, 1742387167.7763882, 1742387167.8783145, 1742387167.9802785, 1742387168.0822566, 1742387168.1842313, 1742387168.28614, 1742387168.388085, 1742387168.4900153, 1742387168.591958, 1742387168.6938899, 1742387168.7958503, 1742387168.8978012, 1742387169.0055916, 1742387169.1130967, 1742387169.2150807, 1742387169.3170364, 1742387169.4189556, 1742387169.5209436, 1742387169.6227343, 1742387169.7246964, 1742387169.8266382, 1742387169.9287212, 1742387170.0306387, 1742387170.1326828, 1742387170.2346745, 1742387170.3366318, 1742387170.4385352, 1742387170.5405002, 1742387170.6424437, 1742387170.7443473, 1742387170.846275, 1742387170.94822, 1742387171.0502038, 1742387171.1521413, 1742387171.254124, 1742387171.3561008, 1742387171.4580257, 1742387171.5599856, 1742387171.6626706, 1742387171.7655463, 1742387171.8683994, 1742387171.9712317, 1742387172.0731661, 1742387172.17511, 1742387172.2770257, 1742387172.3789692, 1742387172.4808981, 1742387172.5827723, 1742387172.6847503, 1742387172.7865298, 1742387172.8884895, 1742387172.9904428, 1742387173.0924027, 1742387173.1943214, 1742387173.2962244, 1742387173.3981264, 1742387173.5000348, 1742387173.6021879, 1742387173.704512, 1742387173.8072674, 1742387173.910233, 1742387174.0122094, 1742387174.113871, 1742387174.2166378, 1742387174.3198621, 1742387174.4228482, 1742387174.5262072, 1742387174.628925, 1742387174.7311132, 1742387174.8330476, 1742387174.9350066, 1742387175.0375013, 1742387175.1393976, 1742387175.2413738, 1742387175.3432996, 1742387175.4452398, 1742387175.5471976, 1742387175.6491485, 1742387175.7510736, 1742387175.852983, 1742387175.9548454, 1742387176.0566628, 1742387176.1586494, 1742387176.2606375, 1742387176.3625782, 1742387176.4645715, 1742387176.5665128, 1742387176.6685183, 1742387176.771448, 1742387176.8734465, 1742387176.975462, 1742387177.077451, 1742387177.1793897, 1742387177.2813807, 1742387177.3833437, 1742387177.485342, 1742387177.5873108, 1742387177.6892598, 1742387177.7912345, 1742387177.893204, 1742387177.9951575, 1742387178.0971107, 1742387178.1991143, 1742387178.3010817, 1742387178.4030178, 1742387178.5054588, 1742387178.6073353, 1742387178.7093704, 1742387178.8113198, 1742387178.9132688, 1742387179.0152452, 1742387179.1171808, 1742387179.2191505, 1742387179.3209944, 1742387179.422944, 1742387179.5248766, 1742387179.6268263, 1742387179.728835, 1742387179.8307755, 1742387179.9327455, 1742387180.0347028, 1742387180.1365993, 1742387180.2395065, 1742387180.3414726, 1742387180.4434726, 1742387180.545461, 1742387180.6474366, 1742387180.7494347, 1742387180.8513842, 1742387180.9533277, 1742387181.0552838, 1742387181.1572473, 1742387181.259162, 1742387181.36147, 1742387181.4643238, 1742387181.5659924, 1742387181.6675198, 1742387181.76904, 1742387181.8717124, 1742387181.9744976, 1742387182.0780716, 1742387182.1808314, 1742387182.2837796, 1742387182.3864565, 1742387182.4891942, 1742387182.5919192, 1742387182.6947484, 1742387182.796347, 1742387182.8982973, 1742387183.0002105, 1742387183.1020963, 1742387183.2041316, 1742387183.3060808, 1742387183.4080107, 1742387183.5099416, 1742387183.6118708, 1742387183.713784, 1742387183.8157554, 1742387183.917668, 1742387184.0196116, 1742387184.1215441, 1742387184.2234178, 1742387184.3253825, 1742387184.4273472, 1742387184.5293233, 1742387184.6312199, 1742387184.7331645, 1742387184.835138, 1742387184.9370844, 1742387185.0388043, 1742387185.1407573, 1742387185.2429857, 1742387185.3449564, 1742387185.4469783, 1742387185.5499957, 1742387185.6519668, 1742387185.7538857, 1742387185.8556998, 1742387185.9577258, 1742387186.059747, 1742387186.1618311, 1742387186.2637496, 1742387186.3656683, 1742387186.467632, 1742387186.5695624, 1742387186.6715164, 1742387186.7734487, 1742387186.8755727, 1742387186.9774978, 1742387187.0794497, 1742387187.181457, 1742387187.2833765, 1742387187.385326, 1742387187.4871967, 1742387187.5891411, 1742387187.691097, 1742387187.7930677, 1742387187.895047, 1742387187.9969623, 1742387188.098889, 1742387188.2008483, 1742387188.3027928, 1742387188.4044924, 1742387188.5064209, 1742387188.6084898, 1742387188.71044, 1742387188.8124394, 1742387188.915332, 1742387189.017305, 1742387189.1190858, 1742387189.2210603, 1742387189.3230324, 1742387189.4250963, 1742387189.5270813, 1742387189.6290493, 1742387189.7309785, 1742387189.8328762, 1742387189.9348533, 1742387190.03681, 1742387190.1387737, 1742387190.2407224, 1742387190.3426383, 1742387190.4445727, 1742387190.5472496, 1742387190.6497025, 1742387190.7518604, 1742387190.8547645, 1742387190.957967, 1742387191.0593848, 1742387191.1613367, 1742387191.2645397, 1742387191.3678222, 1742387191.4706988, 1742387191.5734882, 1742387191.6761696, 1742387191.7792711, 1742387191.8808498, 1742387191.9824433, 1742387192.084404, 1742387192.1859128, 1742387192.287753, 1742387192.3896797, 1742387192.4916084, 1742387192.5935757, 1742387192.6955116, 1742387192.7974467, 1742387192.8994024, 1742387193.001481, 1742387193.1033373, 1742387193.2052999, 1742387193.3072565, 1742387193.409202, 1742387193.511318, 1742387193.613245, 1742387193.7151656, 1742387193.8171341, 1742387193.9190536, 1742387194.0209901, 1742387194.122995, 1742387194.2249455, 1742387194.3268876, 1742387194.4288087, 1742387194.5308955, 1742387194.6328435, 1742387194.7348518, 1742387194.836873, 1742387194.9388762, 1742387195.0418177, 1742387195.1437771, 1742387195.2457776, 1742387195.3477535, 1742387195.4497027, 1742387195.5516734, 1742387195.6536455, 1742387195.7556148, 1742387195.8575943, 1742387195.9594903, 1742387196.0614688, 1742387196.1634345, 1742387196.2654176, 1742387196.3673208, 1742387196.4693432, 1742387196.5713575, 1742387196.6733427, 1742387196.7752862, 1742387196.8772905, 1742387196.9793754, 1742387197.0813258, 1742387197.1832345, 1742387197.2852244, 1742387197.3871984, 1742387197.4891431, 1742387197.5911264, 1742387197.6930547, 1742387197.7950137, 1742387197.8970945, 1742387198.000115, 1742387198.1027331, 1742387198.205865, 1742387198.3090355, 1742387198.4119296, 1742387198.5149274, 1742387198.617751, 1742387198.7204008, 1742387198.8230758, 1742387198.9254093, 1742387199.0284488, 1742387199.1316502, 1742387199.2344663, 1742387199.3371928, 1742387199.4398913, 1742387199.5425398, 1742387199.645634, 1742387199.7486374, 1742387199.8516977, 1742387199.9536057, 1742387200.0555956, 1742387200.1579907, 1742387200.2599409, 1742387200.3618956, 1742387200.4638548, 1742387200.565746, 1742387200.6676545, 1742387200.7696521, 1742387200.8715522, 1742387200.9734826, 1742387201.0753946, 1742387201.1772506, 1742387201.2791936, 1742387201.3811736, 1742387201.4831789, 1742387201.5850997, 1742387201.686924, 1742387201.7891238, 1742387201.891046, 1742387201.9929922, 1742387202.095532, 1742387202.197429, 1742387202.2993698, 1742387202.4013314, 1742387202.5032856, 1742387202.6052895, 1742387202.7073855, 1742387202.809301, 1742387202.9112844, 1742387203.0132532, 1742387203.1151428, 1742387203.2171586, 1742387203.3191092, 1742387203.420993, 1742387203.5229936, 1742387203.6249607, 1742387203.7269328, 1742387203.8289845, 1742387203.930933, 1742387204.033191, 1742387204.1351633, 1742387204.237118, 1742387204.339072, 1742387204.4420033, 1742387204.5434506, 1742387204.6460857, 1742387204.7491083, 1742387204.852008, 1742387204.9549217, 1742387205.0597763, 1742387205.1626523, 1742387205.2658167, 1742387205.3685431, 1742387205.4704645, 1742387205.5721831, 1742387205.6741033, 1742387205.7759113, 1742387205.8777719, 1742387205.9796863, 1742387206.0821621, 1742387206.1849399, 1742387206.2869205, 1742387206.3888128, 1742387206.4907541, 1742387206.592705, 1742387206.6946507, 1742387206.7966082, 1742387206.8990028, 1742387207.000952, 1742387207.1028602, 1742387207.2047956, 1742387207.306731, 1742387207.4089334, 1742387207.5107918, 1742387207.6127872, 1742387207.7147768, 1742387207.8167245, 1742387207.918679, 1742387208.0206294, 1742387208.1225863, 1742387208.2245414, 1742387208.326553, 1742387208.428514, 1742387208.530269, 1742387208.63214, 1742387208.7341135, 1742387208.8374925, 1742387208.939499, 1742387209.0411627, 1742387209.1431358, 1742387209.2450535, 1742387209.347008, 1742387209.4489064, 1742387209.5509431, 1742387209.6529248, 1742387209.75486, 1742387209.856817, 1742387209.958808, 1742387210.0620792, 1742387210.1640775, 1742387210.266086, 1742387210.3810608, 1742387210.483008, 1742387210.5849662, 1742387210.6869543, 1742387210.789257, 1742387210.89119, 1742387210.993088, 1742387211.0950303, 1742387211.1969566, 1742387211.2988946, 1742387211.4008517, 1742387211.502916, 1742387211.6049159, 1742387211.7070408, 1742387211.8087504, 1742387211.9107387, 1742387212.0127466, 1742387212.1146936, 1742387212.2168262, 1742387212.3187392, 1742387212.4207363, 1742387212.5226772, 1742387212.6245625, 1742387212.727383, 1742387212.8293855, 1742387212.9314811, 1742387213.034154, 1742387213.1373222, 1742387213.2402432, 1742387213.3431814, 1742387213.4461613, 1742387213.548874, 1742387213.6513453, 1742387213.764451, 1742387213.8673942, 1742387213.9704752, 1742387214.0720875, 1742387214.1736307, 1742387214.2756498, 1742387214.377581, 1742387214.479507, 1742387214.5814593, 1742387214.6833572, 1742387214.78572, 1742387214.8876684, 1742387214.9896195, 1742387215.09144, 1742387215.1933725, 1742387215.295334, 1742387215.397267, 1742387215.499175, 1742387215.601145, 1742387215.7030666, 1742387215.805036, 1742387215.9069612, 1742387216.0091035, 1742387216.1110826, 1742387216.2130783, 1742387216.3150249, 1742387216.4169595, 1742387216.5189488, 1742387216.6209185, 1742387216.7228281, 1742387216.8248022, 1742387216.9267688, 1742387217.0294213, 1742387217.1314082, 1742387217.233402, 1742387217.3353403, 1742387217.4373982, 1742387217.5393245, 1742387217.6413226, 1742387217.7433178, 1742387217.845279, 1742387217.9472883, 1742387218.049425, 1742387218.1514063, 1742387218.2534268, 1742387218.3552265, 1742387218.4572015, 1742387218.5591867, 1742387218.6611133, 1742387218.7632082, 1742387218.8649979, 1742387218.9669514, 1742387219.0689428, 1742387219.170894, 1742387219.272941, 1742387219.3748906, 1742387219.4768226, 1742387219.5787635, 1742387219.6808412, 1742387219.7843444, 1742387219.886375, 1742387219.9884288, 1742387220.0903661, 1742387220.1923654, 1742387220.2943344, 1742387220.396303, 1742387220.498254, 1742387220.6002164, 1742387220.702201, 1742387220.804194, 1742387220.9061522, 1742387221.0081413, 1742387221.1100845, 1742387221.2120647, 1742387221.3140345, 1742387221.4159975, 1742387221.5179603, 1742387221.6197553, 1742387221.7217216, 1742387221.8234816, 1742387221.92639, 1742387222.0295765, 1742387222.13166, 1742387222.2345886, 1742387222.3382132, 1742387222.4409344, 1742387222.5440266, 1742387222.6470354, 1742387222.7501311, 1742387222.8530555, 1742387222.9561787, 1742387223.0581064, 1742387223.1600785, 1742387223.2620728, 1742387223.3640695, 1742387223.466023, 1742387223.567943, 1742387223.6699135, 1742387223.771888, 1742387223.873839, 1742387223.975775, 1742387224.0777504, 1742387224.1796327, 1742387224.2819633, 1742387224.3838587, 1742387224.4858363, 1742387224.5877953, 1742387224.6897583, 1742387224.7916048, 1742387224.8935049, 1742387224.9954534, 1742387225.097458, 1742387225.1993833, 1742387225.301332, 1742387225.4041998, 1742387225.5060806, 1742387225.6080546, 1742387225.7100627, 1742387225.8119771, 1742387225.9139185, 1742387226.01589, 1742387226.1178248, 1742387226.2197108, 1742387226.321657, 1742387226.4236114, 1742387226.5255806, 1742387226.6275496, 1742387226.7300198, 1742387226.8321307, 1742387226.9341116, 1742387227.0360975, 1742387227.1381643, 1742387227.2401223, 1742387227.3420749, 1742387227.4440317, 1742387227.5459843, 1742387227.6481833, 1742387227.7501278, 1742387227.853212, 1742387227.955196, 1742387228.057061, 1742387228.158943, 1742387228.2608798, 1742387228.3628335, 1742387228.4647603, 1742387228.5667443, 1742387228.668746, 1742387228.7707038, 1742387228.872633, 1742387228.9752276, 1742387229.0772, 1742387229.179306, 1742387229.281268, 1742387229.3831708, 1742387229.4851825, 1742387229.5871608, 1742387229.688977, 1742387229.7903454, 1742387229.8925877, 1742387229.9958158, 1742387230.0972435, 1742387230.2005978, 1742387230.3034365, 1742387230.406544, 1742387230.5093908, 1742387230.612086, 1742387230.7140307, 1742387230.8160348, 1742387230.9179544, 1742387231.0199347, 1742387231.1218503, 1742387231.2238033, 1742387231.3262684, 1742387231.4281118, 1742387231.5300436, 1742387231.6319404, 1742387231.733859, 1742387231.8357656, 1742387231.9376917, 1742387232.0396616, 1742387232.1416252, 1742387232.2435412, 1742387232.3454554, 1742387232.447409, 1742387232.5491827, 1742387232.6511624, 1742387232.7531352, 1742387232.855056, 1742387232.957044, 1742387233.0589926, 1742387233.1610434, 1742387233.2629828, 1742387233.3649023, 1742387233.4668806, 1742387233.5687828, 1742387233.670776, 1742387233.7727346, 1742387233.8746922, 1742387233.9766726, 1742387234.0785844, 1742387234.1805913, 1742387234.2829795, 1742387234.385002, 1742387234.4869468, 1742387234.5887105, 1742387234.6906488, 1742387234.7929013, 1742387234.8948405, 1742387234.99716, 1742387235.0990975, 1742387235.2010472, 1742387235.3029544, 1742387235.4048858, 1742387235.5068808, 1742387235.6088445, 1742387235.710828, 1742387235.812733, 1742387235.916223, 1742387236.0192842, 1742387236.120701, 1742387236.2238016, 1742387236.3268378, 1742387236.4297602, 1742387236.5325658, 1742387236.6358333, 1742387236.7386339, 1742387236.8405366, 1742387236.943507, 1742387237.0454679, 1742387237.1474504, 1742387237.249401, 1742387237.3516939, 1742387237.4540834, 1742387237.5560625, 1742387237.6580331, 1742387237.7600012, 1742387237.8617802, 1742387237.963751, 1742387238.065687, 1742387238.167629, 1742387238.2696936, 1742387238.3716843, 1742387238.4736905, 1742387238.5761218, 1742387238.6781147, 1742387238.7800999, 1742387238.8820853, 1742387238.9840188, 1742387239.0859997, 1742387239.1879072, 1742387239.289927, 1742387239.3919652, 1742387239.4939253, 1742387239.5958323, 1742387239.6978037, 1742387239.7997115, 1742387239.9016576, 1742387240.003648, 1742387240.105556, 1742387240.2075348, 1742387240.3095696, 1742387240.411596, 1742387240.514047, 1742387240.6160629, 1742387240.7180393, 1742387240.8200002, 1742387240.9219346, 1742387241.023857, 1742387241.1256752, 1742387241.227645, 1742387241.3296063, 1742387241.4315634, 1742387241.533489, 1742387241.635465, 1742387241.7374077, 1742387241.840435, 1742387241.9425077, 1742387242.0444632, 1742387242.1464102, 1742387242.2483785, 1742387242.3503222, 1742387242.45228, 1742387242.5542846, 1742387242.6574829, 1742387242.7606106, 1742387242.8634236, 1742387242.965746, 1742387243.0689495, 1742387243.17208, 1742387243.275054, 1742387243.3818755, 1742387243.4849205, 1742387243.5878208, 1742387243.6909027, 1742387243.7927895, 1742387243.895403, 1742387243.9973552, 1742387244.0992727, 1742387244.2013323, 1742387244.3031242, 1742387244.4050155, 1742387244.506905, 1742387244.6088617, 1742387244.7107818, 1742387244.81272, 1742387244.9146507, 1742387245.0166988, 1742387245.1186435, 1742387245.220635, 1742387245.3225584, 1742387245.4245107, 1742387245.5264456, 1742387245.6284003, 1742387245.730352, 1742387245.8322928, 1742387245.9342222, 1742387246.036152, 1742387246.13812, 1742387246.240141, 1742387246.3420992, 1742387246.4440544, 1742387246.5465584, 1742387246.6485753, 1742387246.750654, 1742387246.8525996, 1742387246.954667, 1742387247.0565972, 1742387247.1585927, 1742387247.260572, 1742387247.3625438, 1742387247.4645, 1742387247.5664742, 1742387247.6682174, 1742387247.7701876, 1742387247.8722136, 1742387247.974179, 1742387248.0760922, 1742387248.1780612, 1742387248.2799811, 1742387248.38194, 1742387248.483837, 1742387248.5858042, 1742387248.6877744, 1742387248.7896917, 1742387248.8916814, 1742387248.9946842, 1742387249.0966947, 1742387249.198656, 1742387249.3006454, 1742387249.4025977, 1742387249.5045967, 1742387249.6064935, 1742387249.7084177, 1742387249.810371, 1742387249.91233, 1742387250.0142763, 1742387250.1162117, 1742387250.2181778, 1742387250.3200057, 1742387250.4220216, 1742387250.524038, 1742387250.6272802, 1742387250.7304122, 1742387250.8317552, 1742387250.9333239, 1742387251.0362744, 1742387251.1441617, 1742387251.247145, 1742387251.3499022, 1742387251.4526033, 1742387251.5552793, 1742387251.6581988, 1742387251.760061, 1742387251.8619952, 1742387251.9639604, 1742387252.0658996, 1742387252.1678274, 1742387252.269768, 1742387252.3717024, 1742387252.4736543, 1742387252.575584, 1742387252.6775584, 1742387252.7794654, 1742387252.8813934, 1742387252.9833112, 1742387253.0852528, 1742387253.187106, 1742387253.2890346, 1742387253.3910615, 1742387253.4929829, 1742387253.5949557, 1742387253.6969268, 1742387253.7988691, 1742387253.900789, 1742387254.0027285, 1742387254.1044955, 1742387254.2063868, 1742387254.3083272, 1742387254.411053, 1742387254.5138173, 1742387254.6158068, 1742387254.7177384, 1742387254.8196962, 1742387254.9216769, 1742387255.023631, 1742387255.1255572, 1742387255.2291927, 1742387255.3311667, 1742387255.4330924, 1742387255.5350168, 1742387255.636953, 1742387255.7388728, 1742387255.8407824, 1742387255.9441462, 1742387256.046159, 1742387256.1481285, 1742387256.2500644, 1742387256.3520565, 1742387256.4539623, 1742387256.5558653, 1742387256.6593416, 1742387256.761267, 1742387256.8632011, 1742387256.9651845, 1742387257.067122, 1742387257.169055, 1742387257.2709796, 1742387257.3728755, 1742387257.474826, 1742387257.5767243, 1742387257.6786752, 1742387257.780577, 1742387257.8825035, 1742387257.9844635, 1742387258.0864692, 1742387258.18845, 1742387258.2903166, 1742387258.3922431, 1742387258.4941795, 1742387258.5961862, 1742387258.6981258, 1742387258.800157, 1742387258.9020972, 1742387259.0040245, 1742387259.1057248, 1742387259.2081301, 1742387259.3098855, 1742387259.4129353, 1742387259.515909, 1742387259.6187108, 1742387259.7214723, 1742387259.8242126, 1742387259.9262009, 1742387260.0281622, 1742387260.1301498, 1742387260.2320514, 1742387260.3339558, 1742387260.435879, 1742387260.537727, 1742387260.6396031, 1742387260.7415588, 1742387260.8434753, 1742387260.9454567, 1742387261.0473757, 1742387261.1493597, 1742387261.2513797, 1742387261.3533268, 1742387261.4552805, 1742387261.5571787, 1742387261.6590958, 1742387261.7610872, 1742387261.863048, 1742387261.9649901, 1742387262.0669007, 1742387262.1688712, 1742387262.2708082, 1742387262.3727798, 1742387262.474742, 1742387262.5766988, 1742387262.6786215, 1742387262.7806165, 1742387262.882549, 1742387262.9854438, 1742387263.0873551, 1742387263.189257, 1742387263.2912197, 1742387263.393906, 1742387263.495884, 1742387263.5978072, 1742387263.6997197, 1742387263.801507, 1742387263.9033096, 1742387264.005292, 1742387264.1072657, 1742387264.209175, 1742387264.3111522, 1742387264.4131598, 1742387264.5151231, 1742387264.6171064, 1742387264.7191105, 1742387264.8224185, 1742387264.9244435, 1742387265.0264387, 1742387265.1283762, 1742387265.2303379, 1742387265.333267, 1742387265.4352453, 1742387265.5371783, 1742387265.6391141, 1742387265.7410812, 1742387265.8431003, 1742387265.9450681, 1742387266.0470119, 1742387266.1489723, 1742387266.2508857, 1742387266.352917, 1742387266.4548552, 1742387266.5568984, 1742387266.6588702, 1742387266.760842, 1742387266.8628194, 1742387266.9647586, 1742387267.0666268, 1742387267.1695302, 1742387267.2714908, 1742387267.3734019, 1742387267.47534, 1742387267.5772123, 1742387267.6792152, 1742387267.7811708, 1742387267.8831196, 1742387267.9846992, 1742387268.0874348, 1742387268.1904087, 1742387268.2933915, 1742387268.395352, 1742387268.4973369, 1742387268.6008298, 1742387268.702787, 1742387268.8047354, 1742387268.9066658, 1742387269.0086145, 1742387269.1105618, 1742387269.2124887, 1742387269.3144598, 1742387269.4179726, 1742387269.5199773, 1742387269.6219308, 1742387269.7238677, 1742387269.8258202, 1742387269.9277415, 1742387270.0296779, 1742387270.1316183, 1742387270.2346423, 1742387270.3361394, 1742387270.438063, 1742387270.539964, 1742387270.641886, 1742387270.7438576, 1742387270.8459601, 1742387270.9493983, 1742387271.0513847, 1742387271.153293, 1742387271.2552278, 1742387271.3571825, 1742387271.45916, 1742387271.5611331, 1742387271.6631033, 1742387271.7650416, 1742387271.8669982, 1742387271.9703636, 1742387272.073222, 1742387272.176248, 1742387272.2791693, 1742387272.3809137, 1742387272.4833107, 1742387272.5950098, 1742387272.69816, 1742387272.8014202, 1742387272.904272, 1742387273.0060856, 1742387273.1076818, 1742387273.2096028, 1742387273.3123033, 1742387273.4142728, 1742387273.5162184, 1742387273.617988, 1742387273.7199247, 1742387273.8218343, 1742387273.9237654, 1742387274.0256813, 1742387274.127637, 1742387274.2298431, 1742387274.3318136, 1742387274.4337616, 1742387274.5357008, 1742387274.6376116, 1742387274.739566, 1742387274.8415177, 1742387274.9434495, 1742387275.0454154, 1742387275.1473663, 1742387275.2496912, 1742387275.351618, 1742387275.4537375, 1742387275.555693, 1742387275.6576629, 1742387275.7613182, 1742387275.863308, 1742387275.9652274, 1742387276.0671847, 1742387276.1691458, 1742387276.2711458, 1742387276.3731601, 1742387276.4750388, 1742387276.5769782, 1742387276.67897, 1742387276.780798, 1742387276.8826787, 1742387276.9846451, 1742387277.0866354, 1742387277.1885808, 1742387277.2904665, 1742387277.3924303, 1742387277.494377, 1742387277.5978408, 1742387277.6997619, 1742387277.8016524, 1742387277.90358, 1742387278.005601, 1742387278.1081223, 1742387278.2100482, 1742387278.311982, 1742387278.413909, 1742387278.515857, 1742387278.6178741, 1742387278.7198124, 1742387278.8217385, 1742387278.9237015, 1742387279.025658, 1742387279.1276014, 1742387279.2295167, 1742387279.3314579, 1742387279.433425, 1742387279.5353208, 1742387279.6372535, 1742387279.7392392, 1742387279.841142, 1742387279.942882, 1742387280.044692, 1742387280.1465328, 1742387280.248509, 1742387280.3503864, 1742387280.4524407, 1742387280.5544264, 1742387280.6564112, 1742387280.7583463, 1742387280.8603084, 1742387280.9623816, 1742387281.0654995, 1742387281.1686673, 1742387281.2706838, 1742387281.3726315, 1742387281.4745414, 1742387281.5764816, 1742387281.6784067, 1742387281.780371, 1742387281.8823164, 1742387281.9842956, 1742387282.0863237, 1742387282.1883464, 1742387282.2903295, 1742387282.3922987, 1742387282.4942741, 1742387282.5962007, 1742387282.6982017, 1742387282.801405, 1742387282.9046023, 1742387283.0075705, 1742387283.109867, 1742387283.2131143, 1742387283.3162923, 1742387283.4181406, 1742387283.5212743, 1742387283.6241827, 1742387283.7269573, 1742387283.8301117, 1742387283.932995, 1742387284.034804, 1742387284.136428, 1742387284.2383747, 1742387284.3403935, 1742387284.4429026, 1742387284.5448499, 1742387284.6467657, 1742387284.7487164, 1742387284.8506322, 1742387284.9526021, 1742387285.0545592, 1742387285.1564841, 1742387285.2584171, 1742387285.3603816, 1742387285.462439, 1742387285.56439, 1742387285.666328, 1742387285.7684224, 1742387285.8703454, 1742387285.9723284, 1742387286.0742755, 1742387286.1762753, 1742387286.278208, 1742387286.380199, 1742387286.4821498, 1742387286.5839388, 1742387286.6858933, 1742387286.7895148, 1742387286.891477, 1742387286.9934037, 1742387287.0953503, 1742387287.197233, 1742387287.299205, 1742387287.4010785, 1742387287.5029774, 1742387287.6049087, 1742387287.7068074, 1742387287.8088489, 1742387287.9108005, 1742387288.0127246, 1742387288.1146836, 1742387288.2165642, 1742387288.318468, 1742387288.4204154, 1742387288.522349, 1742387288.6251996, 1742387288.727142, 1742387288.8291237, 1742387288.9311054, 1742387289.0331023, 1742387289.136781, 1742387289.238736, 1742387289.3406796, 1742387289.4426258, 1742387289.54463, 1742387289.6466246, 1742387289.748647, 1742387289.8504531, 1742387289.9526742, 1742387290.054637, 1742387290.1566646, 1742387290.2586033, 1742387290.3605762, 1742387290.4625103, 1742387290.5645285, 1742387290.6664674, 1742387290.7684348, 1742387290.870455, 1742387290.974071, 1742387291.0761123, 1742387291.178013, 1742387291.2799504, 1742387291.3825264, 1742387291.484471, 1742387291.5864255, 1742387291.688385, 1742387291.7903264, 1742387291.8922513, 1742387291.9943037, 1742387292.0973141, 1742387292.1999798, 1742387292.3029125, 1742387292.4048035, 1742387292.506725, 1742387292.6091607, 1742387292.7110236, 1742387292.8130076, 1742387292.9150407, 1742387293.016938, 1742387293.120157, 1742387293.2229805, 1742387293.3259556, 1742387293.4293165, 1742387293.5330682, 1742387293.6359737, 1742387293.7391975, 1742387293.8422406, 1742387293.9453094, 1742387294.0483024, 1742387294.1514025, 1742387294.2544546, 1742387294.35759, 1742387294.460774, 1742387294.5637681, 1742387294.6665478, 1742387294.7694528, 1742387294.8723326, 1742387294.9751158, 1742387295.077066, 1742387295.1790469, 1742387295.2810237, 1742387295.3830113, 1742387295.4849584, 1742387295.586872, 1742387295.6888125, 1742387295.790743, 1742387295.8929262, 1742387295.9947917, 1742387296.096792, 1742387296.1987529, 1742387296.3005023, 1742387296.4023836, 1742387296.5043175, 1742387296.6062763, 1742387296.708188, 1742387296.810143, 1742387296.9121163, 1742387297.0140128, 1742387297.1159499, 1742387297.2179508, 1742387297.3198953, 1742387297.4218447, 1742387297.5238588, 1742387297.6258368, 1742387297.7277632, 1742387297.829705, 1742387297.9316468, 1742387298.0336158, 1742387298.135575, 1742387298.237562, 1742387298.339551, 1742387298.4415076, 1742387298.54343, 1742387298.6454186, 1742387298.747387, 1742387298.849394, 1742387298.9514184, 1742387299.0533834, 1742387299.1553345, 1742387299.2573128, 1742387299.3592753, 1742387299.461264, 1742387299.5630724, 1742387299.664939, 1742387299.7669263, 1742387299.868917, 1742387299.9708622, 1742387300.072887, 1742387300.1748517, 1742387300.2768304, 1742387300.3788788, 1742387300.4808202, 1742387300.5827513, 1742387300.6846938, 1742387300.7866418, 1742387300.88868, 1742387300.990617, 1742387301.0925565, 1742387301.1945546, 1742387301.2965019, 1742387301.3984823, 1742387301.5004623, 1742387301.6024342, 1742387301.7053866, 1742387301.808545, 1742387301.9117627, 1742387302.0147328, 1742387302.1163692, 1742387302.2192695, 1742387302.3222246, 1742387302.4249535, 1742387302.5281405, 1742387302.631194, 1742387302.7340677, 1742387302.8368256, 1742387302.938491, 1742387303.040425, 1742387303.142181, 1742387303.2441225, 1742387303.3455951, 1742387303.447406, 1742387303.5493195, 1742387303.6513717, 1742387303.7533565, 1742387303.8552763, 1742387303.957247, 1742387304.059182, 1742387304.1611478, 1742387304.2630618, 1742387304.3650188, 1742387304.4670436, 1742387304.5691268, 1742387304.6709569, 1742387304.772878, 1742387304.87482, 1742387304.9767976, 1742387305.0795887, 1742387305.18158, 1742387305.283566, 1742387305.385881, 1742387305.4880605, 1742387305.5900874, 1742387305.6920562, 1742387305.7939756, 1742387305.8959754, 1742387305.9978895, 1742387306.099714, 1742387306.2016864, 1742387306.3036327, 1742387306.4055846, 1742387306.50765, 1742387306.6096349, 1742387306.711611, 1742387306.813636, 1742387306.915629, 1742387307.0175993, 1742387307.1196415, 1742387307.2231233, 1742387307.3251479, 1742387307.427095, 1742387307.5290763, 1742387307.6310246, 1742387307.7329874, 1742387307.8349679, 1742387307.9369104, 1742387308.0389056, 1742387308.1408343, 1742387308.2428021, 1742387308.344924, 1742387308.4468749, 1742387308.5487924, 1742387308.6507678, 1742387308.752668, 1742387308.8546526, 1742387308.9567149, 1742387309.0587204, 1742387309.1607745, 1742387309.2639942, 1742387309.3659132, 1742387309.468743, 1742387309.5720525, 1742387309.675017, 1742387309.7778783, 1742387309.8797786, 1742387309.9823544, 1742387310.0843241, 1742387310.186961, 1742387310.2889242, 1742387310.392052, 1742387310.493969, 1742387310.5970664, 1742387310.6990154, 1742387310.8015718, 1742387310.9034932, 1742387311.0058746, 1742387311.107802, 1742387311.2106287, 1742387311.312554, 1742387311.414418, 1742387311.5163758, 1742387311.6185803, 1742387311.7205267, 1742387311.823529, 1742387311.9255486, 1742387312.0285213, 1742387312.130475, 1742387312.2327645, 1742387312.3347855, 1742387312.4372723, 1742387312.5391505, 1742387312.64105, 1742387312.7430763, 1742387312.845051, 1742387312.9470901, 1742387313.0491178, 1742387313.1510682, 1742387313.2530541, 1742387313.355007, 1742387313.4570115, 1742387313.5589435, 1742387313.660924, 1742387313.7628698, 1742387313.864879, 1742387313.966786, 1742387314.0687926, 1742387314.1707876, 1742387314.2727754, 1742387314.3747625, 1742387314.4768043, 1742387314.5787218, 1742387314.680855, 1742387314.7828176, 1742387314.8849015, 1742387314.9868762, 1742387315.088792, 1742387315.190717, 1742387315.292648, 1742387315.3945758, 1742387315.4964838, 1742387315.5984187, 1742387315.7003212, 1742387315.8021643, 1742387315.9040675, 1742387316.0059996, 1742387316.1079147, 1742387316.2092938, 1742387316.311977, 1742387316.4136143, 1742387316.5163639, 1742387316.6181722, 1742387316.7209423, 1742387316.8254526, 1742387316.9284604, 1742387317.0315986, 1742387317.1346254, 1742387317.2377098, 1742387317.3408349, 1742387317.443927, 1742387317.5458596, 1742387317.6477714, 1742387317.749708, 1742387317.8519475, 1742387317.9538605, 1742387318.0557985, 1742387318.15855, 1742387318.2604697, 1742387318.362414, 1742387318.4643922, 1742387318.566527, 1742387318.6684928, 1742387318.7704332, 1742387318.872347, 1742387318.9743347, 1742387319.0762455, 1742387319.1781404, 1742387319.2800922, 1742387319.3820004, 1742387319.4839375, 1742387319.5859501, 1742387319.6879, 1742387319.7898364, 1742387319.8918316, 1742387319.993713, 1742387320.0956464, 1742387320.198054, 1742387320.3000014, 1742387320.4019172, 1742387320.5039217, 1742387320.6058645, 1742387320.7078085, 1742387320.8099108, 1742387320.9118223, 1742387321.013769, 1742387321.1157653, 1742387321.2176747, 1742387321.3196342, 1742387321.4215693, 1742387321.5235016, 1742387321.625503, 1742387321.7274024, 1742387321.8293397, 1742387321.932125, 1742387322.0340714, 1742387322.136201, 1742387322.2381735, 1742387322.341005, 1742387322.4439259, 1742387322.546636, 1742387322.6498523, 1742387322.7528088, 1742387322.8556316, 1742387322.9587572, 1742387323.0617988, 1742387323.164954, 1742387323.2680688, 1742387323.3700092, 1742387323.4730096, 1742387323.5749927, 1742387323.6769853, 1742387323.778891, 1742387323.880853, 1742387323.9827912, 1742387324.0847805, 1742387324.1866946, 1742387324.288657, 1742387324.390839, 1742387324.4928734, 1742387324.5948746, 1742387324.6968756, 1742387324.7988343, 1742387324.9008355, 1742387325.0027955, 1742387325.1047692, 1742387325.2067783, 1742387325.3087454, 1742387325.4107115, 1742387325.5126753, 1742387325.614549, 1742387325.7164817, 1742387325.8184717, 1742387325.9204185, 1742387326.0223427, 1742387326.1242926, 1742387326.2262826, 1742387326.3282254, 1742387326.4301958, 1742387326.5321186, 1742387326.6340613, 1742387326.7359905, 1742387326.8379595, 1742387326.9398963, 1742387327.0419166, 1742387327.143889, 1742387327.2458358, 1742387327.3477736, 1742387327.4497018, 1742387327.5515914, 1742387327.6535153, 1742387327.7554152, 1742387327.85738, 1742387327.9592888, 1742387328.0612173, 1742387328.1631253, 1742387328.2650685, 1742387328.3669794, 1742387328.4689147, 1742387328.5708303, 1742387328.6727762, 1742387328.7746205, 1742387328.8765442, 1742387328.9784708, 1742387329.0804586, 1742387329.1824136, 1742387329.2844005, 1742387329.3859034, 1742387329.488259, 1742387329.5910764, 1742387329.694113, 1742387329.7972205, 1742387329.9002273, 1742387330.0030363, 1742387330.10609, 1742387330.2080207, 1742387330.3099225, 1742387330.4118836, 1742387330.513775, 1742387330.6166568, 1742387330.7186007, 1742387330.8205872, 1742387330.922508, 1742387331.0245025, 1742387331.1274078, 1742387331.2293627, 1742387331.3312373, 1742387331.433148, 1742387331.5353017, 1742387331.6372323, 1742387331.7391698, 1742387331.8411222, 1742387331.943086, 1742387332.0449436, 1742387332.1468396, 1742387332.2487943, 1742387332.350719, 1742387332.4526567, 1742387332.5545409, 1742387332.6564598, 1742387332.7584007, 1742387332.8603287, 1742387332.9624686, 1742387333.064398, 1742387333.166356, 1742387333.2683494, 1742387333.370253, 1742387333.4731019, 1742387333.5749958, 1742387333.6768746, 1742387333.7787933, 1742387333.8807902, 1742387333.9828422, 1742387334.0847697, 1742387334.1867218, 1742387334.2886732, 1742387334.3906167, 1742387334.4925475, 1742387334.594505, 1742387334.6964324, 1742387334.798378, 1742387334.9003234, 1742387335.0022078, 1742387335.1041484, 1742387335.2060747, 1742387335.3082263, 1742387335.4100938, 1742387335.5120635, 1742387335.613992, 1742387335.7158484, 1742387335.8178382, 1742387335.9198048, 1742387336.0217023, 1742387336.1236134, 1742387336.2255642, 1742387336.3275697, 1742387336.4295022, 1742387336.5314956, 1742387336.6333985, 1742387336.7353144, 1742387336.8373117, 1742387336.9392884, 1742387337.041247, 1742387337.143209, 1742387337.24511, 1742387337.3470213, 1742387337.4489477, 1742387337.550905, 1742387337.6537337, 1742387337.7556632, 1742387337.8575747, 1742387337.959521, 1742387338.0614502, 1742387338.1634586, 1742387338.266364, 1742387338.3687305, 1742387338.4706926, 1742387338.5721986, 1742387338.6756957, 1742387338.7776124, 1742387338.8794534, 1742387338.981391, 1742387339.0833135, 1742387339.1852639, 1742387339.287183, 1742387339.3891165, 1742387339.4910247, 1742387339.5929546, 1742387339.6948657, 1742387339.7968297, 1742387339.8987932, 1742387340.0007195, 1742387340.1026547, 1742387340.2057745, 1742387340.3089654, 1742387340.4105554, 1742387340.5131016, 1742387340.6160686, 1742387340.7187033, 1742387340.8207836, 1742387340.9239595, 1742387341.026907, 1742387341.1298175, 1742387341.2329187, 1742387341.3345842, 1742387341.4364655, 1742387341.5384333, 1742387341.6403484, 1742387341.7422767, 1742387341.8441217, 1742387341.9461024, 1742387342.0480354, 1742387342.1499739, 1742387342.2518878, 1742387342.3539066, 1742387342.4558706, 1742387342.5577743, 1742387342.6596687, 1742387342.7616336, 1742387342.8635607, 1742387342.9654973, 1742387343.0673926, 1742387343.1693578, 1742387343.2713196, 1742387343.37327, 1742387343.47522, 1742387343.5774457, 1742387343.6794941, 1742387343.7814515, 1742387343.8834364, 1742387343.9854443, 1742387344.0873773, 1742387344.189148, 1742387344.291114, 1742387344.394197, 1742387344.4962153, 1742387344.5982141, 1742387344.7001863, 1742387344.802149, 1742387344.904129, 1742387345.0060673, 1742387345.1079228, 1742387345.2098985, 1742387345.31191, 1742387345.4139194, 1742387345.5161934, 1742387345.6181638, 1742387345.72009, 1742387345.8220336, 1742387345.9239895, 1742387346.025875, 1742387346.1277983, 1742387346.2296708, 1742387346.3315866, 1742387346.43348, 1742387346.5354385, 1742387346.637399, 1742387346.7393386, 1742387346.8412743, 1742387346.943208, 1742387347.04516, 1742387347.1471212, 1742387347.2491143, 1742387347.3510535, 1742387347.4529479, 1742387347.554925, 1742387347.6568625, 1742387347.7587128, 1742387347.860248, 1742387347.9619553, 1742387348.0643742, 1742387348.1671443, 1742387348.2702131, 1742387348.3734214, 1742387348.4764967, 1742387348.5798862, 1742387348.683217, 1742387348.786275, 1742387348.889386, 1742387348.9921346, 1742387349.0941055, 1742387349.1960564, 1742387349.2979994, 1742387349.4000077, 1742387349.5019772, 1742387349.6039236, 1742387349.7064774, 1742387349.8084219, 1742387349.9105287, 1742387350.0124729, 1742387350.1144128, 1742387350.216372, 1742387350.3183186, 1742387350.4204898, 1742387350.5224125, 1742387350.624342, 1742387350.7262669, 1742387350.8282204, 1742387350.9301484, 1742387351.032132, 1742387351.1340888, 1742387351.2366164, 1742387351.3386102, 1742387351.4406319, 1742387351.542447, 1742387351.6442983, 1742387351.7462409, 1742387351.8481965, 1742387351.9501297, 1742387352.0521162, 1742387352.1540725, 1742387352.2561126, 1742387352.3580904, 1742387352.4600685, 1742387352.5634928, 1742387352.6655145, 1742387352.7674809, 1742387352.869469, 1742387352.971413, 1742387353.0733707, 1742387353.1753154, 1742387353.2773175, 1742387353.3792443, 1742387353.4811966, 1742387353.5902977, 1742387353.6922288, 1742387353.7948532, 1742387353.8968592, 1742387353.9988837, 1742387354.1009705, 1742387354.2029095, 1742387354.304925, 1742387354.4069085, 1742387354.508862, 1742387354.6107776, 1742387354.712693, 1742387354.8145702, 1742387354.9165506, 1742387355.0188112, 1742387355.1207857, 1742387355.223813, 1742387355.325742, 1742387355.4277046, 1742387355.5297234, 1742387355.6316743, 1742387355.7347553, 1742387355.8378468, 1742387355.9406767, 1742387356.0421724, 1742387356.1445591, 1742387356.247264, 1742387356.3500385, 1742387356.4536123, 1742387356.556959, 1742387356.6598809, 1742387356.7625515, 1742387356.8653018, 1742387356.9672384, 1742387357.069208, 1742387357.1711378, 1742387357.273086, 1742387357.3749588, 1742387357.4768555, 1742387357.5787659, 1742387357.6807377, 1742387357.7829533, 1742387357.8848767, 1742387357.9871202, 1742387358.0889754, 1742387358.1912832, 1742387358.2932427, 1742387358.3951979, 1742387358.4971056, 1742387358.5990212, 1742387358.700997, 1742387358.8029552, 1742387358.904956, 1742387359.0069473, 1742387359.1089087, 1742387359.2107682, 1742387359.3126879, 1742387359.4146388, 1742387359.5165882, 1742387359.6188278, 1742387359.7207882, 1742387359.8227, 1742387359.9246335, 1742387360.0266018, 1742387360.1285753, 1742387360.2304916, 1742387360.332399, 1742387360.4343283, 1742387360.536308, 1742387360.6385791, 1742387360.7405229, 1742387360.8425796, 1742387360.9445393, 1742387361.046564, 1742387361.1492639, 1742387361.251216, 1742387361.3530242, 1742387361.454988, 1742387361.5569415, 1742387361.6590908, 1742387361.7610543, 1742387361.8630412, 1742387361.9650173, 1742387362.0669112, 1742387362.1689296, 1742387362.2708697, 1742387362.372847, 1742387362.4748063, 1742387362.5767672, 1742387362.678757, 1742387362.7806993, 1742387362.8826995, 1742387362.984698, 1742387363.0866427, 1742387363.1886375, 1742387363.2905643, 1742387363.3926187, 1742387363.4954429, 1742387363.5974114, 1742387363.6993518, 1742387363.8013263, 1742387363.903264, 1742387364.0052662, 1742387364.10723, 1742387364.2091088, 1742387364.3110352, 1742387364.412979, 1742387364.5151854, 1742387364.6170177, 1742387364.7189448, 1742387364.8208978, 1742387364.9239478, 1742387365.0270822, 1742387365.1290457, 1742387365.230958, 1742387365.3330398, 1742387365.4350235, 1742387365.5369937, 1742387365.6398802, 1742387365.7428715, 1742387365.8456151, 1742387365.9486434, 1742387366.05161, 1742387366.153362, 1742387366.2564313, 1742387366.3599033, 1742387366.4628904, 1742387366.5659623, 1742387366.669044, 1742387366.7709296, 1742387366.872905, 1742387366.9748106, 1742387367.0767744, 1742387367.1786804, 1742387367.2807124, 1742387367.3826442, 1742387367.4847438, 1742387367.5866706, 1742387367.6886277, 1742387367.790465, 1742387367.8923018, 1742387367.9943025, 1742387368.0962849, 1742387368.1982093, 1742387368.3001509, 1742387368.4020524, 1742387368.5039937, 1742387368.6058738, 1742387368.709579, 1742387368.8115563, 1742387368.9135225, 1742387369.015487, 1742387369.117426, 1742387369.2193437, 1742387369.3213525, 1742387369.4233365, 1742387369.5252829, 1742387369.6272664, 1742387369.7293544, 1742387369.831261, 1742387369.9332273, 1742387370.0352125, 1742387370.1371946, 1742387370.2391698, 1742387370.341199, 1742387370.4431345, 1742387370.54506, 1742387370.646983, 1742387370.7489088, 1742387370.8508189, 1742387370.952714, 1742387371.054584, 1742387371.156474, 1742387371.2583566, 1742387371.3603055, 1742387371.4622257, 1742387371.5641863, 1742387371.6661575, 1742387371.7681882, 1742387371.8701603, 1742387371.9721322, 1742387372.0740318, 1742387372.1760435, 1742387372.2779906, 1742387372.3799436, 1742387372.4819741, 1742387372.5839355, 1742387372.6860957, 1742387372.7881002, 1742387372.8900864, 1742387372.9920487, 1742387373.0944564, 1742387373.1964324, 1742387373.298404, 1742387373.4003665, 1742387373.5022783, 1742387373.6043234, 1742387373.7062674, 1742387373.8087354, 1742387373.9113364, 1742387374.0145683, 1742387374.1174688, 1742387374.220557, 1742387374.3234348, 1742387374.4253201, 1742387374.5284145, 1742387374.6318235, 1742387374.734695, 1742387374.837732, 1742387374.9396534, 1742387375.0415838, 1742387375.143535, 1742387375.245431, 1742387375.3473547, 1742387375.4492574, 1742387375.551282, 1742387375.6532602, 1742387375.7551754, 1742387375.85713, 1742387375.9590113, 1742387376.0608978, 1742387376.1627882, 1742387376.2646992, 1742387376.3666492, 1742387376.4685442, 1742387376.570506, 1742387376.6725056, 1742387376.7744458, 1742387376.8772752, 1742387376.979238, 1742387377.0812874, 1742387377.1832669, 1742387377.2852829, 1742387377.387636, 1742387377.4895623, 1742387377.5913959, 1742387377.6933277, 1742387377.795252, 1742387377.8972046, 1742387377.9991395, 1742387378.1011174, 1742387378.2032974, 1742387378.3052611, 1742387378.407379, 1742387378.509319, 1742387378.6113083, 1742387378.7132783, 1742387378.8152168, 1742387378.9171627, 1742387379.0190878, 1742387379.1210845, 1742387379.2234993, 1742387379.3254263, 1742387379.4273722, 1742387379.5292902, 1742387379.6312506, 1742387379.7337155, 1742387379.8356392, 1742387379.9375834, 1742387380.0394986, 1742387380.141422, 1742387380.2434196, 1742387380.3454006, 1742387380.4473286, 1742387380.549283, 1742387380.6512012, 1742387380.7531984, 1742387380.855042, 1742387380.9570372, 1742387381.0590017, 1742387381.1609225, 1742387381.2628489, 1742387381.3648345, 1742387381.4667645, 1742387381.5686986, 1742387381.6705694, 1742387381.7725446, 1742387381.874446, 1742387381.9764035, 1742387382.0789058, 1742387382.1808488, 1742387382.2827642, 1742387382.384689, 1742387382.4866276, 1742387382.5886655, 1742387382.6906307, 1742387382.792592, 1742387382.8941956, 1742387382.9970338, 1742387383.0991883, 1742387383.2010972, 1742387383.303017, 1742387383.404959, 1742387383.5068486, 1742387383.6087422, 1742387383.7106419, 1742387383.8127089, 1742387383.9145763, 1742387384.016489, 1742387384.1193364, 1742387384.222417, 1742387384.324001, 1742387384.4262002, 1742387384.5293176, 1742387384.6323874, 1742387384.7353132, 1742387384.838155, 1742387384.94131, 1742387385.0441442, 1742387385.146102, 1742387385.2480245, 1742387385.3499718, 1742387385.4523582, 1742387385.5542614, 1742387385.6562412, 1742387385.7581975, 1742387385.860126, 1742387385.9620593, 1742387386.0640032, 1742387386.1659298, 1742387386.267853, 1742387386.3697982, 1742387386.471775, 1742387386.5736773, 1742387386.6756244, 1742387386.77762, 1742387386.879583, 1742387386.9815388, 1742387387.0835261, 1742387387.1855466, 1742387387.2874048, 1742387387.3892722, 1742387387.4912076, 1742387387.593177, 1742387387.695259, 1742387387.7972322, 1742387387.8991673, 1742387388.0011072, 1742387388.1030815, 1742387388.2057257, 1742387388.30772, 1742387388.4096825, 1742387388.5116096, 1742387388.613612, 1742387388.715596, 1742387388.8175235, 1742387388.9194758, 1742387389.0214458, 1742387389.123383, 1742387389.2253513, 1742387389.327303, 1742387389.4293597, 1742387389.5313075, 1742387389.6332955, 1742387389.7351894, 1742387389.8371544, 1742387389.93913, 1742387390.0411046, 1742387390.1430755, 1742387390.2450337, 1742387390.346994, 1742387390.4508877, 1742387390.5527852, 1742387390.6546788, 1742387390.7566416, 1742387390.858673, 1742387390.9613836, 1742387391.063369, 1742387391.1653337, 1742387391.2672381, 1742387391.369238, 1742387391.471214, 1742387391.5730906, 1742387391.675025, 1742387391.776985, 1742387391.8789017, 1742387391.98088, 1742387392.0827937, 1742387392.184764, 1742387392.2866967, 1742387392.3887115, 1742387392.4909635, 1742387392.5929158, 1742387392.6948464, 1742387392.7980554, 1742387392.901112, 1742387393.0033493, 1742387393.106483, 1742387393.209961, 1742387393.3128016, 1742387393.4154468, 1742387393.5183556, 1742387393.621148, 1742387393.724034, 1742387393.825851, 1742387393.9277658, 1742387394.0296953, 1742387394.131669, 1742387394.233616, 1742387394.335508, 1742387394.4374363, 1742387394.539389, 1742387394.643207, 1742387394.74515, 1742387394.8470657, 1742387394.9490395, 1742387395.051004, 1742387395.1535969, 1742387395.2555358, 1742387395.35744, 1742387395.4594114, 1742387395.5613713, 1742387395.6633883, 1742387395.7653472, 1742387395.8672917, 1742387395.9692478, 1742387396.0711837, 1742387396.173194, 1742387396.2751112, 1742387396.3770392, 1742387396.478954, 1742387396.5808263, 1742387396.68282, 1742387396.7847953, 1742387396.8867288, 1742387396.9886918, 1742387397.0905285, 1742387397.19248, 1742387397.2944098, 1742387397.396444, 1742387397.498711, 1742387397.6006753, 1742387397.7027054, 1742387397.8046317, 1742387397.9065964, 1742387398.0092833, 1742387398.1112676, 1742387398.2132382, 1742387398.315184, 1742387398.4170487, 1742387398.5191143, 1742387398.6210563, 1742387398.7230058, 1742387398.8249729, 1742387398.9268541, 1742387399.0288568, 1742387399.1307685, 1742387399.232704, 1742387399.3346384, 1742387399.436526, 1742387399.5384688, 1742387399.6404405, 1742387399.742357, 1742387399.8443959, 1742387399.9462838, 1742387400.0482142, 1742387400.1501703, 1742387400.252096, 1742387400.353583, 1742387400.4555037, 1742387400.557487, 1742387400.6594288, 1742387400.7613518, 1742387400.8633292, 1742387400.9652693, 1742387401.0672104, 1742387401.169143, 1742387401.271043, 1742387401.3730586, 1742387401.4749684, 1742387401.5769155, 1742387401.6788518, 1742387401.7819502, 1742387401.8850513, 1742387401.9880981, 1742387402.0912175, 1742387402.1931484, 1742387402.2950413, 1742387402.3969378, 1742387402.4988456, 1742387402.6020422, 1742387402.704079, 1742387402.8060887, 1742387402.908036, 1742387403.009766, 1742387403.1129503, 1742387403.2150974, 1742387403.3182077, 1742387403.4213898, 1742387403.524437, 1742387403.6273592, 1742387403.7290316, 1742387403.831129, 1742387403.9330647, 1742387404.0350769, 1742387404.1370533, 1742387404.2390103, 1742387404.3409965, 1742387404.4434416, 1742387404.5453467, 1742387404.6473308, 1742387404.7492476, 1742387404.85123, 1742387404.953166, 1742387405.0551388, 1742387405.157058, 1742387405.259012, 1742387405.3610613, 1742387405.4630811, 1742387405.565257, 1742387405.6672575, 1742387405.7692683, 1742387405.8712652, 1742387405.9732232, 1742387406.0751867, 1742387406.1771617, 1742387406.2791169, 1742387406.3810775, 1742387406.483004, 1742387406.5849624, 1742387406.6870012, 1742387406.788856, 1742387406.8906772, 1742387406.9926486, 1742387407.0952437, 1742387407.197211, 1742387407.2992237, 1742387407.401518, 1742387407.5037053, 1742387407.6056578, 1742387407.7076244, 1742387407.8096073, 1742387407.9115713, 1742387408.0135694, 1742387408.1155198, 1742387408.2174683, 1742387408.3194091, 1742387408.4213595, 1742387408.5233924, 1742387408.6267085, 1742387408.728781, 1742387408.830791, 1742387408.9328375, 1742387409.0348206, 1742387409.1367557, 1742387409.2386715, 1742387409.340595, 1742387409.4425395, 1742387409.5445611, 1742387409.6477296, 1742387409.7507427, 1742387409.8536427, 1742387409.956599, 1742387410.0585945, 1742387410.1616523, 1742387410.2647514, 1742387410.3678875, 1742387410.4720461, 1742387410.5749478, 1742387410.6781068, 1742387410.7810233, 1742387410.884065, 1742387410.98689, 1742387411.088615, 1742387411.1905558, 1742387411.2924783, 1742387411.394403, 1742387411.4963112, 1742387411.5981963, 1742387411.7001503, 1742387411.8027308, 1742387411.9047391, 1742387412.0066519, 1742387412.1086085, 1742387412.2105365, 1742387412.3124878, 1742387412.414385, 1742387412.5163345, 1742387412.618273, 1742387412.7204893, 1742387412.8224547, 1742387412.9244766, 1742387413.0263941, 1742387413.1282907, 1742387413.2304244, 1742387413.331938, 1742387413.4340212, 1742387413.5359924, 1742387413.6379833, 1742387413.7406023, 1742387413.8425207, 1742387413.9444835, 1742387414.0464144, 1742387414.1483233, 1742387414.2502508, 1742387414.352214, 1742387414.4541888, 1742387414.5561674, 1742387414.658196, 1742387414.7601075, 1742387414.8620682, 1742387414.964006, 1742387415.0659406, 1742387415.167888, 1742387415.2698474, 1742387415.371735, 1742387415.4737012, 1742387415.575681, 1742387415.6776867, 1742387415.7796013, 1742387415.8815696, 1742387415.9834526, 1742387416.0854397, 1742387416.187367, 1742387416.2893214, 1742387416.3919656, 1742387416.4939246, 1742387416.5959218, 1742387416.6978996, 1742387416.799881, 1742387416.90183, 1742387417.0038176, 1742387417.1059904, 1742387417.2079616, 1742387417.309899, 1742387417.4118407, 1742387417.513795, 1742387417.6161625, 1742387417.7181127, 1742387417.8201177, 1742387417.9220505, 1742387418.0240462, 1742387418.1259644, 1742387418.2278717, 1742387418.3298688, 1742387418.4335797, 1742387418.5365498, 1742387418.6389873, 1742387418.741937, 1742387418.845475, 1742387418.9482505, 1742387419.051144, 1742387419.1539195, 1742387419.2556698, 1742387419.3576589, 1742387419.4595523, 1742387419.5615048, 1742387419.6634672, 1742387419.7654305, 1742387419.8673422, 1742387419.9692593, 1742387420.0711823, 1742387420.173126, 1742387420.2750037, 1742387420.3769543, 1742387420.4788399, 1742387420.5807872, 1742387420.6834574, 1742387420.7857563, 1742387420.8876853, 1742387420.9896274, 1742387421.0916007, 1742387421.1935446, 1742387421.29553, 1742387421.3974817, 1742387421.4994612, 1742387421.601487, 1742387421.7034333, 1742387421.8054352, 1742387421.907364, 1742387422.009311, 1742387422.1112506, 1742387422.213203, 1742387422.3151681, 1742387422.4172366, 1742387422.5192673, 1742387422.6212437, 1742387422.7244482, 1742387422.826429, 1742387422.9283905, 1742387423.0302687, 1742387423.1321685, 1742387423.234184, 1742387423.3361647, 1742387423.4380496, 1742387423.5401201, 1742387423.6420784, 1742387423.7440805, 1742387423.846624, 1742387423.9486232, 1742387424.0506334, 1742387424.1526299, 1742387424.254562, 1742387424.3565018, 1742387424.4584327, 1742387424.5604186, 1742387424.6623273, 1742387424.7642832, 1742387424.8662224, 1742387424.9690566, 1742387425.0721903, 1742387425.1749258, 1742387425.2776563, 1742387425.3808398, 1742387425.4825947, 1742387425.5856817, 1742387425.689023, 1742387425.7918427, 1742387425.894554, 1742387425.9977088, 1742387426.1007817, 1742387426.2038171, 1742387426.3068638, 1742387426.408808, 1742387426.510975, 1742387426.6128855, 1742387426.7148318, 1742387426.816751, 1742387426.9186742, 1742387427.0206287, 1742387427.1225522, 1742387427.2245345, 1742387427.3264837, 1742387427.4284356, 1742387427.5303638, 1742387427.6323435, 1742387427.7342467, 1742387427.8361733, 1742387427.9381397, 1742387428.0400698, 1742387428.1420143, 1742387428.244056, 1742387428.3460288, 1742387428.4480417, 1742387428.549994, 1742387428.6520164, 1742387428.7539592, 1742387428.8560276, 1742387428.9579842, 1742387429.0600076, 1742387429.1619298, 1742387429.2640023, 1742387429.3659532, 1742387429.4693568, 1742387429.571247, 1742387429.6734614, 1742387429.7754269, 1742387429.8774211, 1742387429.9794106, 1742387430.0814025, 1742387430.1833093, 1742387430.2853074, 1742387430.3872995, 1742387430.4892485, 1742387430.5912325, 1742387430.6931891, 1742387430.7950962, 1742387430.897056, 1742387430.9990232, 1742387431.1009853, 1742387431.202986, 1742387431.3049433, 1742387431.406904, 1742387431.5088658, 1742387431.6107948, 1742387431.712749, 1742387431.8146944, 1742387431.9166803, 1742387432.0186293, 1742387432.120639, 1742387432.222632, 1742387432.3262744, 1742387432.4289725, 1742387432.5319107, 1742387432.633829, 1742387432.7360635, 1742387432.8387544, 1742387432.9418817, 1742387433.0449584, 1742387433.1475797, 1742387433.2504091, 1742387433.353185, 1742387433.4562829, 1742387433.5588944, 1742387433.6608984, 1742387433.762772, 1742387433.8646894, 1742387433.96661, 1742387434.0685956, 1742387434.1705408, 1742387434.272448, 1742387434.3743665, 1742387434.4763076, 1742387434.5782447, 1742387434.6801977, 1742387434.7821076, 1742387434.8840399, 1742387434.985981, 1742387435.0879056, 1742387435.191033, 1742387435.2929933, 1742387435.3950343, 1742387435.4970224, 1742387435.5989451, 1742387435.701717, 1742387435.8036556, 1742387435.9056199, 1742387436.0075853, 1742387436.109367, 1742387436.2114165, 1742387436.3133652, 1742387436.4153423, 1742387436.5175204, 1742387436.6194632, 1742387436.7214432, 1742387436.8234112, 1742387436.9254057, 1742387437.0273607, 1742387437.129339, 1742387437.231305, 1742387437.3332775, 1742387437.435274, 1742387437.5375166, 1742387437.6395211, 1742387437.7415135, 1742387437.8435063, 1742387437.9455335, 1742387438.0475416, 1742387438.1495678, 1742387438.2514594, 1742387438.3534129, 1742387438.4553652, 1742387438.557385, 1742387438.6594713, 1742387438.7613711, 1742387438.8633213, 1742387438.9652693, 1742387439.0672452, 1742387439.1692, 1742387439.271135, 1742387439.3732016, 1742387439.4751463, 1742387439.577106, 1742387439.6790762, 1742387439.7810278, 1742387439.8849626, 1742387439.9869335, 1742387440.088852, 1742387440.1908107, 1742387440.2935338, 1742387440.3954878, 1742387440.4974847, 1742387440.5994232, 1742387440.7014368, 1742387440.8033876, 1742387440.9054298, 1742387441.0073686, 1742387441.109312, 1742387441.2112722, 1742387441.3132565, 1742387441.4152272, 1742387441.5179493, 1742387441.6208694, 1742387441.7238336, 1742387441.827154, 1742387441.9300368, 1742387442.0329037, 1742387442.1348913, 1742387442.237292, 1742387442.339213, 1742387442.4417417, 1742387442.5435846, 1742387442.6455948, 1742387442.7485673, 1742387442.851255, 1742387442.9534774, 1742387443.0566382, 1742387443.1593697, 1742387443.262068, 1742387443.3647788, 1742387443.4679253, 1742387443.5708847, 1742387443.672441, 1742387443.774777, 1742387443.8769124, 1742387443.981162, 1742387444.0837712, 1742387444.186614, 1742387444.2894034, 1742387444.3909595, 1742387444.4926016, 1742387444.5945594, 1742387444.6965516, 1742387444.800635, 1742387444.9026225, 1742387445.0045505, 1742387445.1065004, 1742387445.2090404, 1742387445.3109438, 1742387445.412913, 1742387445.5148797, 1742387445.6168516, 1742387445.7187862, 1742387445.8206909, 1742387445.9226406, 1742387446.0245848, 1742387446.126818, 1742387446.2287529, 1742387446.3306916, 1742387446.4326692, 1742387446.534638, 1742387446.6366303, 1742387446.7385826, 1742387446.8405433, 1742387446.9424925, 1742387447.0444198, 1742387447.1464205, 1742387447.24837, 1742387447.350346, 1742387447.4523227, 1742387447.5542839, 1742387447.6570458, 1742387447.7589407, 1742387447.860926, 1742387447.962862, 1742387448.064807, 1742387448.1668365, 1742387448.26884, 1742387448.3708067, 1742387448.472773, 1742387448.5747414, 1742387448.6767921, 1742387448.7787185, 1742387448.8807194, 1742387448.982653, 1742387449.084528, 1742387449.1864336, 1742387449.2883754, 1742387449.3903024, 1742387449.4923413, 1742387449.594275, 1742387449.6962345, 1742387449.798215, 1742387449.9002028, 1742387450.0031376, 1742387450.1050634, 1742387450.2070735, 1742387450.3090334, 1742387450.4111757, 1742387450.5131319, 1742387450.615065, 1742387450.7169597, 1742387450.8189194, 1742387450.9208703, 1742387451.0229042, 1742387451.1248536, 1742387451.2268384, 1742387451.3288066, 1742387451.4306738, 1742387451.5325744, 1742387451.6345034, 1742387451.736446, 1742387451.8384044, 1742387451.940353, 1742387452.0423281, 1742387452.1442797, 1742387452.2463484, 1742387452.3498878, 1742387452.4529512, 1742387452.5565565, 1742387452.6589003, 1742387452.7619386, 1742387452.8642716, 1742387452.9724545, 1742387453.075456, 1742387453.1783335, 1742387453.281431, 1742387453.3843193, 1742387453.4862437, 1742387453.588199, 1742387453.690085, 1742387453.7920172, 1742387453.893999, 1742387453.995972, 1742387454.0979362, 1742387454.1998549, 1742387454.301756, 1742387454.4037166, 1742387454.5056493, 1742387454.6080136, 1742387454.7099507, 1742387454.8119082, 1742387454.9138718, 1742387455.015833, 1742387455.1185358, 1742387455.2206168, 1742387455.3225598, 1742387455.4245813, 1742387455.5264025, 1742387455.6282177, 1742387455.7301793, 1742387455.8321137, 1742387455.934124, 1742387456.036076, 1742387456.1382449, 1742387456.240213, 1742387456.3422067, 1742387456.4441473, 1742387456.5460708, 1742387456.6480293, 1742387456.7499347, 1742387456.8519068, 1742387456.953843, 1742387457.055721, 1742387457.157724, 1742387457.259664, 1742387457.3616712, 1742387457.4636407, 1742387457.5656133, 1742387457.6675932, 1742387457.7695112, 1742387457.8714972, 1742387457.9755087, 1742387458.0774484, 1742387458.1793668, 1742387458.2812867, 1742387458.3832884, 1742387458.4854877, 1742387458.5874329, 1742387458.6893525, 1742387458.7911367, 1742387458.8929589, 1742387458.9948783, 1742387459.096833, 1742387459.198797, 1742387459.3007295, 1742387459.402661, 1742387459.5045986, 1742387459.6065068, 1742387459.708451, 1742387459.810769, 1742387459.9127157, 1742387460.0147874, 1742387460.116756, 1742387460.2186985, 1742387460.3212845, 1742387460.4232461, 1742387460.525187, 1742387460.6271558, 1742387460.729617, 1742387460.831584, 1742387460.9335854, 1742387461.0355382, 1742387461.137501, 1742387461.2394865, 1742387461.3415232, 1742387461.444567, 1742387461.5476289, 1742387461.6495695, 1742387461.7514286, 1742387461.8533459, 1742387461.9552329, 1742387462.0570736, 1742387462.1585374, 1742387462.2616513, 1742387462.3636565, 1742387462.4652145, 1742387462.5676262, 1742387462.6705122, 1742387462.773545, 1742387462.8764842, 1742387462.979208, 1742387463.082366, 1742387463.1854577, 1742387463.287097, 1742387463.389088, 1742387463.4910448, 1742387463.5929923, 1742387463.694936, 1742387463.7968636, 1742387463.8988373, 1742387464.00076, 1742387464.1027076, 1742387464.2047582, 1742387464.3066883, 1742387464.4086814, 1742387464.510614, 1742387464.612568, 1742387464.7144697, 1742387464.8164175, 1742387464.918374, 1742387465.0203805, 1742387465.1223547, 1742387465.2243602, 1742387465.3263216, 1742387465.4282591, 1742387465.530193, 1742387465.6321232, 1742387465.7340646, 1742387465.836378, 1742387465.938308, 1742387466.0403237, 1742387466.142262, 1742387466.2442527, 1742387466.346216, 1742387466.4481866, 1742387466.5511186, 1742387466.653154, 1742387466.7550676, 1742387466.8570433, 1742387466.959014, 1742387467.060976, 1742387467.1629257, 1742387467.2652166, 1742387467.3672392, 1742387467.4692426, 1742387467.5711324, 1742387467.6730998, 1742387467.7750125, 1742387467.8770232, 1742387467.9800835, 1742387468.0825782, 1742387468.1845357, 1742387468.286532, 1742387468.3884902, 1742387468.4904697, 1742387468.5923285, 1742387468.694295, 1742387468.7977788, 1742387468.9006326, 1742387469.003568, 1742387469.106561, 1742387469.2087638, 1742387469.315381, 1742387469.4183946, 1742387469.5214164, 1742387469.6242797, 1742387469.7270966, 1742387469.828634, 1742387469.9306023, 1742387470.032525, 1742387470.1344867, 1742387470.236435, 1742387470.3384948, 1742387470.4404254, 1742387470.5423946, 1742387470.6443725, 1742387470.7462864, 1742387470.8482394, 1742387470.9501786, 1742387471.0522907, 1742387471.1542587, 1742387471.256145, 1742387471.35811, 1742387471.460052, 1742387471.5620148, 1742387471.6639555, 1742387471.7659183, 1742387471.8677433, 1742387471.9697196, 1742387472.0716503, 1742387472.173594, 1742387472.2754784, 1742387472.3774357, 1742387472.4793804, 1742387472.5813797, 1742387472.683323, 1742387472.785264, 1742387472.8872602, 1742387472.9892185, 1742387473.0911665, 1742387473.1931283, 1742387473.2950969, 1742387473.3970644, 1742387473.499076, 1742387473.601168, 1742387473.703108, 1742387473.805251, 1742387473.9072406, 1742387474.0093718, 1742387474.1113472, 1742387474.2132592, 1742387474.315709, 1742387474.4176419, 1742387474.5200732, 1742387474.6220043, 1742387474.7239428, 1742387474.8259156, 1742387474.9279141, 1742387475.0297127, 1742387475.13152, 1742387475.2340684, 1742387475.3360925, 1742387475.4394085, 1742387475.5413568, 1742387475.6448128, 1742387475.7468498, 1742387475.8494647, 1742387475.9514356, 1742387476.0534127, 1742387476.1566055, 1742387476.2592306, 1742387476.3621635, 1742387476.465357, 1742387476.5682018, 1742387476.671579, 1742387476.7743, 1742387476.8771086, 1742387476.9799268, 1742387477.0827246, 1742387477.1855562, 1742387477.287471, 1742387477.3894477, 1742387477.4913487, 1742387477.5933044, 1742387477.695262, 1742387477.7971835, 1742387477.8994036, 1742387478.0013392, 1742387478.1032565, 1742387478.205198, 1742387478.307116, 1742387478.4091346, 1742387478.5110896, 1742387478.6130333, 1742387478.7149444, 1742387478.8169174, 1742387478.918666, 1742387479.0206406, 1742387479.1225672, 1742387479.2245362, 1742387479.3264987, 1742387479.4291754, 1742387479.5311253, 1742387479.6331139, 1742387479.7350876, 1742387479.836989, 1742387479.938962, 1742387480.0409818, 1742387480.1429052, 1742387480.2448514, 1742387480.3467517, 1742387480.448757, 1742387480.550722, 1742387480.6527424, 1742387480.7546725, 1742387480.8566515, 1742387480.9586265, 1742387481.060604, 1742387481.1625783, 1742387481.2645533, 1742387481.366512, 1742387481.468492, 1742387481.5703664, 1742387481.6730235, 1742387481.7750082, 1742387481.8770044, 1742387481.979007, 1742387482.0809875, 1742387482.182895, 1742387482.2848706, 1742387482.3869822, 1742387482.4889264, 1742387482.5908647, 1742387482.692789, 1742387482.794717, 1742387482.8966923, 1742387482.9986508, 1742387483.1008663, 1742387483.202788, 1742387483.3048408, 1742387483.406855, 1742387483.508832, 1742387483.6107626, 1742387483.7127664, 1742387483.8147466, 1742387483.9167647, 1742387484.0187807, 1742387484.1204796, 1742387484.2224457, 1742387484.3244197, 1742387484.4263685, 1742387484.5284293, 1742387484.631335, 1742387484.733278, 1742387484.8351517, 1742387484.9371285, 1742387485.0390348, 1742387485.141133, 1742387485.2439146, 1742387485.346479, 1742387485.4494143, 1742387485.552406, 1742387485.6544764, 1742387485.7575562, 1742387485.860484, 1742387485.963647, 1742387486.065841, 1742387486.1689694, 1742387486.2706673, 1742387486.3735576, 1742387486.4764094, 1742387486.5791242, 1742387486.681841, 1742387486.7849474, 1742387486.886895, 1742387486.9884984, 1742387487.0918467, 1742387487.1934843, 1742387487.295059, 1742387487.3969927, 1742387487.4989161, 1742387487.6008294, 1742387487.7027197, 1742387487.8046992, 1742387487.9066641, 1742387488.0086327, 1742387488.1104512, 1742387488.21245, 1742387488.3144171, 1742387488.4164155, 1742387488.518355, 1742387488.6202874, 1742387488.7222035, 1742387488.8241553, 1742387488.9261138, 1742387489.028065, 1742387489.129988, 1742387489.2319276, 1742387489.333724, 1742387489.4356923, 1742387489.5376923, 1742387489.639654, 1742387489.741651, 1742387489.84363, 1742387489.9455683, 1742387490.047535, 1742387490.149531, 1742387490.2514706, 1742387490.353423, 1742387490.4555612, 1742387490.557507, 1742387490.660921, 1742387490.7628334, 1742387490.8648455, 1742387490.9667666, 1742387491.0687127, 1742387491.1706784, 1742387491.272531, 1742387491.3743823, 1742387491.476367, 1742387491.5783148, 1742387491.6802187, 1742387491.782318, 1742387491.884324, 1742387491.9863465, 1742387492.0882835, 1742387492.1902277, 1742387492.2924376, 1742387492.3943946, 1742387492.4964082, 1742387492.5983872, 1742387492.7003338, 1742387492.802318, 1742387492.9045382, 1742387493.0064764, 1742387493.108563, 1742387493.2105303, 1742387493.3125355, 1742387493.414475, 1742387493.5164385, 1742387493.6184394, 1742387493.7204452, 1742387493.8223948, 1742387493.9243433, 1742387494.0257611, 1742387494.128494, 1742387494.2314649, 1742387494.3340793, 1742387494.4372785, 1742387494.5403278, 1742387494.6433203, 1742387494.746722, 1742387494.8496413, 1742387494.9529743, 1742387495.055771, 1742387495.1577241, 1742387495.25969, 1742387495.3616643, 1742387495.4650173, 1742387495.566967, 1742387495.6689548, 1742387495.7708614, 1742387495.8727942, 1742387495.9747398, 1742387496.0766757, 1742387496.1786127, 1742387496.28055, 1742387496.3825, 1742387496.4844673, 1742387496.586385, 1742387496.6883416, 1742387496.7905226, 1742387496.8925445, 1742387496.9953635, 1742387497.097302, 1742387497.1992824, 1742387497.301282, 1742387497.4032397, 1742387497.5054178, 1742387497.6073256, 1742387497.709289, 1742387497.8110986, 1742387497.913055, 1742387498.014978, 1742387498.117134, 1742387498.2190356, 1742387498.321036, 1742387498.423027, 1742387498.5250762, 1742387498.6270008, 1742387498.729014, 1742387498.831026, 1742387498.93301, 1742387499.0349598, 1742387499.1369686, 1742387499.2388778, 1742387499.3409002, 1742387499.4428616, 1742387499.5448396, 1742387499.6468241, 1742387499.7488027, 1742387499.8524961, 1742387499.9544933, 1742387500.0564852, 1742387500.1584337, 1742387500.2603571, 1742387500.362328, 1742387500.464272, 1742387500.5662084, 1742387500.6682076, 1742387500.7701364, 1742387500.8721817, 1742387500.974158, 1742387501.0760665, 1742387501.1780264, 1742387501.2799888, 1742387501.3820114, 1742387501.48398, 1742387501.5858629, 1742387501.6878083, 1742387501.7896926, 1742387501.8919442, 1742387501.9948342, 1742387502.097781, 1742387502.2007306, 1742387502.303347, 1742387502.4063652, 1742387502.5119443, 1742387502.6150134, 1742387502.7179477, 1742387502.8210623, 1742387502.922979, 1742387503.0249493, 1742387503.1269271, 1742387503.2288554, 1742387503.3308089, 1742387503.432738, 1742387503.5346448, 1742387503.6366148, 1742387503.7385387, 1742387503.8405051, 1742387503.9424021, 1742387504.0443602, 1742387504.1463113, 1742387504.2482367, 1742387504.3513165, 1742387504.453234, 1742387504.5552442, 1742387504.657215, 1742387504.7591984, 1742387504.8630805, 1742387504.965059, 1742387505.066981, 1742387505.1689553, 1742387505.271401, 1742387505.3734145, 1742387505.4753857, 1742387505.5773227, 1742387505.679248, 1742387505.7811875, 1742387505.8832047, 1742387505.9851906, 1742387506.0871527, 1742387506.1890903, 1742387506.2910557, 1742387506.3930671, 1742387506.4950264, 1742387506.596974, 1742387506.6988966, 1742387506.8008525, 1742387506.9028034, 1742387507.004761, 1742387507.1067235, 1742387507.2101362, 1742387507.3121054, 1742387507.4143283, 1742387507.5162792, 1742387507.617776, 1742387507.719743, 1742387507.8217988, 1742387507.92375, 1742387508.025649, 1742387508.12763, 1742387508.2298145, 1742387508.3317316, 1742387508.433699, 1742387508.535647, 1742387508.6376572, 1742387508.7396817, 1742387508.841636, 1742387508.9436178, 1742387509.0456257, 1742387509.147596, 1742387509.2495584, 1742387509.3514986, 1742387509.453511, 1742387509.555815, 1742387509.657776, 1742387509.7599235, 1742387509.8618598, 1742387509.9638429, 1742387510.0665035, 1742387510.1684813, 1742387510.270366, 1742387510.3722947, 1742387510.4741635, 1742387510.5761209, 1742387510.6781044, 1742387510.7800188, 1742387510.8814654, 1742387510.9846013, 1742387511.0876122, 1742387511.1896493, 1742387511.2915242, 1742387511.393499, 1742387511.4954326, 1742387511.5973277, 1742387511.7010903, 1742387511.8043709, 1742387511.906472, 1742387512.0082808, 1742387512.1111772, 1742387512.214336, 1742387512.3192883, 1742387512.422157, 1742387512.524863, 1742387512.6272993, 1742387512.7302058, 1742387512.8318026, 1742387512.9337873, 1742387513.0357409, 1742387513.1376934, 1742387513.2396448, 1742387513.3416202, 1742387513.443552, 1742387513.54566, 1742387513.6475995, 1742387513.749554, 1742387513.851532, 1742387513.9534993, 1742387514.0553393, 1742387514.1572769, 1742387514.259257, 1742387514.3612392, 1742387514.4631608, 1742387514.5651495, 1742387514.6671026, 1742387514.7692487, 1742387514.8712, 1742387514.9731495, 1742387515.075055, 1742387515.177029, 1742387515.2790797, 1742387515.381142, 1742387515.4831245, 1742387515.5850973, 1742387515.6870332, 1742387515.7890134, 1742387515.8909369, 1742387515.9929245, 1742387516.0949259, 1742387516.197396, 1742387516.2994046, 1742387516.4013553, 1742387516.5033035, 1742387516.6052434, 1742387516.7072756, 1742387516.8092475, 1742387516.9112456, 1742387517.013289, 1742387517.11544, 1742387517.2173798, 1742387517.3192167, 1742387517.4211595, 1742387517.5230873, 1742387517.6250854, 1742387517.7270157, 1742387517.8295248, 1742387517.9314692, 1742387518.0334103, 1742387518.135358, 1742387518.2373035, 1742387518.3393745, 1742387518.4423027, 1742387518.545034, 1742387518.6481092, 1742387518.749511, 1742387518.852434, 1742387518.9552212, 1742387519.0582945, 1742387519.1617432, 1742387519.2646224, 1742387519.3673453, 1742387519.470119, 1742387519.5732327, 1742387519.676221, 1742387519.7790344, 1742387519.8817208, 1742387519.9846268, 1742387520.0865366, 1742387520.188484, 1742387520.290442, 1742387520.3924642, 1742387520.4943795, 1742387520.5962555, 1742387520.6982222, 1742387520.8001764, 1742387520.9020903, 1742387521.0040646, 1742387521.1060085, 1742387521.2079463, 1742387521.309905, 1742387521.4118316, 1742387521.5137305, 1742387521.6156945, 1742387521.7176292, 1742387521.8194196, 1742387521.921408, 1742387522.0233443, 1742387522.1253018, 1742387522.2272713, 1742387522.3299193, 1742387522.4319456, 1742387522.5339558, 1742387522.6358867, 1742387522.7378151, 1742387522.8398101, 1742387522.941784, 1742387523.0436835, 1742387523.1456635, 1742387523.2476614, 1742387523.3496993, 1742387523.4516435, 1742387523.553583, 1742387523.6555343, 1742387523.7575185, 1742387523.8593473, 1742387523.9613643, 1742387524.0633368, 1742387524.1653066, 1742387524.267315, 1742387524.3692923, 1742387524.471235, 1742387524.5732505, 1742387524.6760275, 1742387524.7779682, 1742387524.8798935, 1742387524.9818356, 1742387525.0838468, 1742387525.1858547, 1742387525.2877789, 1742387525.3897338, 1742387525.4916992, 1742387525.5936284, 1742387525.6956496, 1742387525.7976038, 1742387525.8995593, 1742387526.0015247, 1742387526.1034617, 1742387526.205524, 1742387526.3074632, 1742387526.409423, 1742387526.5114143, 1742387526.6133962, 1742387526.715413, 1742387526.817391, 1742387526.9193518, 1742387527.0213046, 1742387527.123118, 1742387527.2250803, 1742387527.3270328, 1742387527.429197, 1742387527.5311613, 1742387527.6331248, 1742387527.735102, 1742387527.8366687, 1742387527.9397519, 1742387528.0425987, 1742387528.1455135, 1742387528.2474253, 1742387528.3492942, 1742387528.4512134, 1742387528.5531282, 1742387528.6550624, 1742387528.757021, 1742387528.858927, 1742387528.960862, 1742387529.0624776, 1742387529.1653473, 1742387529.2683663, 1742387529.3706489, 1742387529.4736125, 1742387529.5766468, 1742387529.6795638, 1742387529.7823212, 1742387529.8852758, 1742387529.988258, 1742387530.0914679, 1742387530.194423, 1742387530.2971864, 1742387530.4000053, 1742387530.501545, 1742387530.603508, 1742387530.7054462, 1742387530.8073506, 1742387530.9092674, 1742387531.0112374, 1742387531.1132076, 1742387531.2151814, 1742387531.3171275, 1742387531.419084, 1742387531.521047, 1742387531.6230094, 1742387531.7249262, 1742387531.8268435, 1742387531.9288213, 1742387532.030767, 1742387532.132728, 1742387532.2346606, 1742387532.3369331, 1742387532.4389088, 1742387532.5410004, 1742387532.6429684, 1742387532.7449188, 1742387532.8468418, 1742387532.9487922, 1742387533.0507367, 1742387533.1527476, 1742387533.2546844, 1742387533.3566697, 1742387533.458653, 1742387533.560581, 1742387533.6624799, 1742387533.7644615, 1742387533.8664086, 1742387533.9683633, 1742387534.0702732, 1742387534.1722443, 1742387534.2741618, 1742387534.3761172, 1742387534.4779856, 1742387534.5799506, 1742387534.681854, 1742387534.7838724, 1742387534.885804, 1742387534.9877543, 1742387535.0896633, 1742387535.1916368, 1742387535.2935817, 1742387535.3955884, 1742387535.4976735, 1742387535.5996487, 1742387535.7016351, 1742387535.8035831, 1742387535.906073, 1742387536.007966, 1742387536.1097076, 1742387536.2116888, 1742387536.3136804, 1742387536.4156463, 1742387536.517635, 1742387536.6207485, 1742387536.7238023, 1742387536.826573, 1742387536.9296722, 1742387537.0329432, 1742387537.135415, 1742387537.237962, 1742387537.3409111, 1742387537.443764, 1742387537.5453582, 1742387537.6469414, 1742387537.7489126, 1742387537.8508828, 1742387537.952892, 1742387538.0548606, 1742387538.1567724, 1742387538.2587018, 1742387538.360655, 1742387538.462576, 1742387538.5645342, 1742387538.6664546, 1742387538.768408, 1742387538.8703418, 1742387538.9724612, 1742387539.0743783, 1742387539.1763573, 1742387539.2782905, 1742387539.38026, 1742387539.4822304, 1742387539.5842698, 1742387539.6861858, 1742387539.7881207, 1742387539.89009, 1742387539.9921544, 1742387540.093563, 1742387540.1954925, 1742387540.2974238, 1742387540.3994186, 1742387540.5015357, 1742387540.6034646, 1742387540.7054293, 1742387540.8073838, 1742387540.9093106, 1742387541.011339, 1742387541.113465, 1742387541.2153924, 1742387541.3173828, 1742387541.4193854, 1742387541.5214417, 1742387541.6235352, 1742387541.725476, 1742387541.8274097, 1742387541.9293857, 1742387542.0314372, 1742387542.1334095, 1742387542.2353308, 1742387542.3372865, 1742387542.4392052, 1742387542.5411797, 1742387542.643151, 1742387542.7450736, 1742387542.84704, 1742387542.9490013, 1742387543.0510125, 1742387543.1529646, 1742387543.2549021, 1742387543.3567169, 1742387543.458633, 1742387543.5606842, 1742387543.6625972, 1742387543.764487, 1742387543.8664298, 1742387543.9684236, 1742387544.070465, 1742387544.172402, 1742387544.2742672, 1742387544.376195, 1742387544.478119, 1742387544.5801206, 1742387544.6820216, 1742387544.7839038, 1742387544.8858511, 1742387544.9878323, 1742387545.0898566, 1742387545.1918006, 1742387545.2937226, 1742387545.3972144, 1742387545.500327, 1742387545.6034687, 1742387545.7066593, 1742387545.8133705, 1742387545.916247, 1742387546.0193229, 1742387546.1224139, 1742387546.225441, 1742387546.3276062, 1742387546.4295287, 1742387546.5312853, 1742387546.6336992, 1742387546.7352939, 1742387546.8371975, 1742387546.9390266, 1742387547.0406208, 1742387547.142492, 1742387547.2439256, 1742387547.3455336, 1742387547.4474218, 1742387547.5491734, 1742387547.650795, 1742387547.7527068, 1742387547.8540971, 1742387547.9557228, 1742387548.0576222, 1742387548.1592882, 1742387548.260917, 1742387548.362943, 1742387548.4645689, 1742387548.5661857, 1742387548.6676815, 1742387548.7692983, 1742387548.8709893, 1742387548.9725182, 1742387549.0740476, 1742387549.1759677, 1742387549.2773864, 1742387549.3790822, 1742387549.4810336, 1742387549.5829978, 1742387549.6848922, 1742387549.786748, 1742387549.8885894, 1742387549.9905567, 1742387550.0924644, 1742387550.1944263, 1742387550.2963033, 1742387550.3982255, 1742387550.5001686, 1742387550.6021197, 1742387550.7040927, 1742387550.8060336, 1742387550.9080253, 1742387551.009964, 1742387551.11194, 1742387551.213863, 1742387551.3158271, 1742387551.4177485, 1742387551.5197132, 1742387551.6217499, 1742387551.7237637, 1742387551.825988, 1742387551.927957, 1742387552.0299144, 1742387552.1318753, 1742387552.2338479, 1742387552.3357787, 1742387552.437761, 1742387552.539687, 1742387552.6416671, 1742387552.7436075, 1742387552.845581, 1742387552.9475863, 1742387553.0495348, 1742387553.1516104, 1742387553.2537396, 1742387553.3566144, 1742387553.4597366, 1742387553.5620012, 1742387553.6651156, 1742387553.7687588, 1742387553.8714962, 1742387553.9750693, 1742387554.0780828, 1742387554.1809416, 1742387554.2837198, 1742387554.3865767, 1742387554.4885082, 1742387554.5904634, 1742387554.6923795, 1742387554.7942717, 1742387554.8961952, 1742387554.9981337, 1742387555.1001215, 1742387555.2020361, 1742387555.303973, 1742387555.4059138, 1742387555.50787, 1742387555.6098166, 1742387555.7120802, 1742387555.8140154, 1742387555.9166603, 1742387556.0185742, 1742387556.120532, 1742387556.2224927, 1742387556.3239367, 1742387556.4259048, 1742387556.5278225, 1742387556.6297903, 1742387556.7318559, 1742387556.8338223, 1742387556.9358304, 1742387557.037848, 1742387557.1398075, 1742387557.241738, 1742387557.343679, 1742387557.4456084, 1742387557.54754, 1742387557.649525, 1742387557.7517552, 1742387557.8537464, 1742387557.9563663, 1742387558.0583775, 1742387558.160402, 1742387558.2623308, 1742387558.3644912, 1742387558.4664307, 1742387558.5683796, 1742387558.6703048, 1742387558.7723184, 1742387558.8742802, 1742387558.9762754, 1742387559.0785336, 1742387559.180564, 1742387559.282587, 1742387559.3846827, 1742387559.486588, 1742387559.5884097, 1742387559.6903288, 1742387559.7925317, 1742387559.894543, 1742387559.9971642, 1742387560.0991511, 1742387560.2011952, 1742387560.303153, 1742387560.4050722, 1742387560.5069973, 1742387560.608995, 1742387560.7109601, 1742387560.8129547, 1742387560.9149342, 1742387561.0169208, 1742387561.1188912, 1742387561.2218738, 1742387561.3249204, 1742387561.4282856, 1742387561.5313146, 1742387561.633959, 1742387561.736302, 1742387561.8389494, 1742387561.9417381, 1742387562.0448444, 1742387562.1480496, 1742387562.252672, 1742387562.3552246, 1742387562.4580956, 1742387562.5609121, 1742387562.6638045, 1742387562.7655208, 1742387562.8673759, 1742387562.9693022, 1742387563.0720448, 1742387563.1739707, 1742387563.27589, 1742387563.3778481, 1742387563.479817, 1742387563.5818772, 1742387563.6838074, 1742387563.785694, 1742387563.8876371, 1742387563.9895682, 1742387564.091525, 1742387564.193452, 1742387564.2953384, 1742387564.3973048, 1742387564.4992642, 1742387564.6012776, 1742387564.7032409, 1742387564.8052151, 1742387564.9072044, 1742387565.0091844, 1742387565.1111665, 1742387565.2130935, 1742387565.3150344, 1742387565.417002, 1742387565.519008, 1742387565.6214726, 1742387565.7234674, 1742387565.825455, 1742387565.9274075, 1742387566.0292552, 1742387566.132994, 1742387566.2349617, 1742387566.3371303, 1742387566.4390838, 1742387566.5411313, 1742387566.6440358, 1742387566.7460496, 1742387566.8482375, 1742387566.9501758, 1742387567.0522268, 1742387567.1560345, 1742387567.258069, 1742387567.3600664, 1742387567.462014, 1742387567.5640252, 1742387567.6668873, 1742387567.7688687, 1742387567.8708084, 1742387567.9727633, 1742387568.0747414, 1742387568.1786482, 1742387568.280577, 1742387568.3824792, 1742387568.484409, 1742387568.5863655, 1742387568.6902463, 1742387568.7922068, 1742387568.8941162, 1742387568.9960449, 1742387569.097989, 1742387569.2008421, 1742387569.3026175, 1742387569.4045458, 1742387569.506505, 1742387569.6083813, 1742387569.7103984, 1742387569.8123448, 1742387569.9142666, 1742387570.016244, 1742387570.118169, 1742387570.220216, 1742387570.3221583, 1742387570.4241002, 1742387570.5256927, 1742387570.6280515, 1742387570.731171, 1742387570.8328764, 1742387570.9355059, 1742387571.0377822, 1742387571.1409311, 1742387571.2439575, 1742387571.3469465, 1742387571.449734, 1742387571.5525074, 1742387571.6558564, 1742387571.7588673, 1742387571.8608189, 1742387571.962442, 1742387572.0646732, 1742387572.166573, 1742387572.2685914, 1742387572.3707106, 1742387572.472645, 1742387572.5743966, 1742387572.6763556, 1742387572.7783606, 1742387572.8803012, 1742387572.9822285, 1742387573.084214, 1742387573.1861691, 1742387573.2880585, 1742387573.389982, 1742387573.4919238, 1742387573.593898, 1742387573.69581, 1742387573.7977493, 1742387573.899694, 1742387574.001685, 1742387574.1044254, 1742387574.2063973, 1742387574.3083925, 1742387574.410348, 1742387574.5122871, 1742387574.614267, 1742387574.716308, 1742387574.8182397, 1742387574.92021, 1742387575.0221825, 1742387575.1241825, 1742387575.226106, 1742387575.3280535, 1742387575.4299808, 1742387575.5319757, 1742387575.633962, 1742387575.7359326, 1742387575.8377652, 1742387575.9398234, 1742387576.0417526, 1742387576.1436808, 1742387576.2455962, 1742387576.3475752, 1742387576.4503222, 1742387576.552914, 1742387576.6548243, 1742387576.7568085, 1742387576.8587554, 1742387576.9607933, 1742387577.0627344, 1742387577.1646914, 1742387577.266654, 1742387577.368557, 1742387577.4705184, 1742387577.572546, 1742387577.6745143, 1742387577.7764907, 1742387577.878428, 1742387577.9803612, 1742387578.0823262, 1742387578.1842732, 1742387578.286243, 1742387578.3881662, 1742387578.4901242, 1742387578.5921226, 1742387578.6941335, 1742387578.7967389, 1742387578.8986266, 1742387579.0006, 1742387579.1024122, 1742387579.2042637, 1742387579.3063338, 1742387579.408288, 1742387579.5102978, 1742387579.6119378, 1742387579.7146688, 1742387579.8174465, 1742387579.9194515, 1742387580.022262, 1742387580.125347, 1742387580.2282684, 1742387580.3302462, 1742387580.431917, 1742387580.5338383, 1742387580.6358023, 1742387580.7377694, 1742387580.8400385, 1742387580.9419515, 1742387581.0455964, 1742387581.147711, 1742387581.2505617, 1742387581.3534296, 1742387581.4561243, 1742387581.5577874, 1742387581.6606212, 1742387581.7633781, 1742387581.8661492, 1742387581.9692733, 1742387582.0721157, 1742387582.1748147, 1742387582.2776062, 1742387582.3803687, 1742387582.4822946, 1742387582.5842528, 1742387582.68623, 1742387582.7882357, 1742387582.8901608, 1742387582.9920974, 1742387583.094037, 1742387583.1959693, 1742387583.29802, 1742387583.40006, 1742387583.502052, 1742387583.6045632, 1742387583.7065167, 1742387583.8086984, 1742387583.9106681, 1742387584.0126371, 1742387584.1145782, 1742387584.2165155, 1742387584.3184235, 1742387584.420425, 1742387584.522371, 1742387584.6244514, 1742387584.7264326, 1742387584.828472, 1742387584.930452, 1742387585.032405, 1742387585.1343734, 1742387585.2364047, 1742387585.3383343, 1742387585.4403467, 1742387585.5421715, 1742387585.6440217, 1742387585.745947, 1742387585.8484752, 1742387585.9504342, 1742387586.0525098, 1742387586.1544654, 1742387586.2564108, 1742387586.3583138, 1742387586.460299, 1742387586.5621772, 1742387586.664152, 1742387586.7661939, 1742387586.868175, 1742387586.9703467, 1742387587.0722704, 1742387587.1741905, 1742387587.2761521, 1742387587.3780935, 1742387587.4800448, 1742387587.5820272, 1742387587.683991, 1742387587.785931, 1742387587.8879242, 1742387587.9910648, 1742387588.0941133, 1742387588.1964986, 1742387588.306037, 1742387588.4090343, 1742387588.512205, 1742387588.6151612, 1742387588.718069, 1742387588.8200004, 1742387588.9219112, 1742387589.02399, 1742387589.1259148, 1742387589.22787, 1742387589.3297896, 1742387589.4317524, 1742387589.5337508, 1742387589.6357362, 1742387589.7376928, 1742387589.8396487, 1742387589.941619, 1742387590.0435812, 1742387590.1455045, 1742387590.2474678, 1742387590.3494158, 1742387590.4513657, 1742387590.5533512, 1742387590.6553018, 1742387590.7572718, 1742387590.85924, 1742387590.9611936, 1742387591.0631626, 1742387591.1651635, 1742387591.2671275, 1742387591.3690543, 1742387591.4710221, 1742387591.5729198, 1742387591.6748528, 1742387591.7767758, 1742387591.8787408, 1742387591.9809308, 1742387592.0827367, 1742387592.184705, 1742387592.2866976, 1742387592.3886018, 1742387592.4905756, 1742387592.5926144, 1742387592.6945822, 1742387592.7965167, 1742387592.898624, 1742387593.000573, 1742387593.102527, 1742387593.2044766, 1742387593.306489, 1742387593.4084408, 1742387593.5104115, 1742387593.6124642, 1742387593.7143903, 1742387593.816462, 1742387593.91845, 1742387594.020431, 1742387594.1223993, 1742387594.2243593, 1742387594.3263774, 1742387594.428295, 1742387594.5303178, 1742387594.6324432, 1742387594.7343822, 1742387594.8363788, 1742387594.939854, 1742387595.042894, 1742387595.1444688, 1742387595.2466245, 1742387595.3495944, 1742387595.4538002, 1742387595.5567114, 1742387595.659838, 1742387595.76146, 1742387595.8634324, 1742387595.9653294, 1742387596.067274, 1742387596.1692545, 1742387596.2712338, 1742387596.3731635, 1742387596.4751625, 1742387596.5770626, 1742387596.6789927, 1742387596.7808928, 1742387596.8828294, 1742387596.9847753, 1742387597.0866606, 1742387597.1886604, 1742387597.2905684, 1742387597.392496, 1742387597.4944458, 1742387597.596562, 1742387597.698521, 1742387597.8004873, 1742387597.902502, 1742387598.0044844, 1742387598.1064205, 1742387598.2085044, 1742387598.310422, 1742387598.4123697, 1742387598.5144773, 1742387598.6162944, 1742387598.7182624, 1742387598.82023, 1742387598.922197, 1742387599.0241954, 1742387599.1261597, 1742387599.2281384, 1742387599.3300462, 1742387599.4319837, 1742387599.5339253, 1742387599.635905, 1742387599.737813, 1742387599.839777, 1742387599.9417171, 1742387600.0436647, 1742387600.1457183, 1742387600.2476094, 1742387600.3495698, 1742387600.4515533, 1742387600.5535133, 1742387600.6554215, 1742387600.7585616, 1742387600.8615148, 1742387600.9642348, 1742387601.0671527, 1742387601.1697342, 1742387601.2724152, 1742387601.3754613, 1742387601.4782066, 1742387601.5809405, 1742387601.6838248, 1742387601.7863173, 1742387601.8892047, 1742387601.991999, 1742387602.0940928, 1742387602.1960354, 1742387602.2979605, 1742387602.4002283, 1742387602.5021439, 1742387602.6041155, 1742387602.7061355, 1742387602.80853, 1742387602.9104939, 1742387603.0124142, 1742387603.114345, 1742387603.2162783, 1742387603.3182323, 1742387603.4201849, 1742387603.522161, 1742387603.6240907, 1742387603.7260244, 1742387603.8281877, 1742387603.9301455, 1742387604.0320868, 1742387604.1340795, 1742387604.2360697, 1742387604.338134, 1742387604.4404829, 1742387604.542478, 1742387604.6444547, 1742387604.746364, 1742387604.8483133, 1742387604.9502296, 1742387605.0520785, 1742387605.153904, 1742387605.2560513, 1742387605.35799, 1742387605.4599528, 1742387605.5620348, 1742387605.6639514, 1742387605.765887, 1742387605.8680673, 1742387605.969979, 1742387606.071929, 1742387606.1739397, 1742387606.2758863, 1742387606.377842, 1742387606.479893, 1742387606.5818172, 1742387606.6835995, 1742387606.785889, 1742387606.8888106, 1742387606.991562, 1742387607.0943196, 1742387607.1974294, 1742387607.3001914, 1742387607.4029725, 1742387607.5060737, 1742387607.6091475, 1742387607.7119386, 1742387607.8135717, 1742387607.9154854, 1742387608.017392, 1742387608.1193342, 1742387608.2212663, 1742387608.3230932, 1742387608.4250183, 1742387608.5269752, 1742387608.6289022, 1742387608.730864, 1742387608.83281, 1742387608.9347818, 1742387609.0366921, 1742387609.138627, 1742387609.2405705, 1742387609.342484, 1742387609.4444118, 1742387609.5463743, 1742387609.6483426, 1742387609.7503028, 1742387609.852264, 1742387609.954224, 1742387610.0561514, 1742387610.1581175, 1742387610.2601225, 1742387610.3620992, 1742387610.4640393, 1742387610.56597, 1742387610.6679904, 1742387610.769942, 1742387610.8718703, 1742387610.973834, 1742387611.0758145, 1742387611.1777697, 1742387611.279699, 1742387611.381653, 1742387611.4835947, 1742387611.5854168, 1742387611.6873603, 1742387611.7893229, 1742387611.8913605, 1742387611.9933028, 1742387612.0952985, 1742387612.1972468, 1742387612.2991815, 1742387612.4013412, 1742387612.50333, 1742387612.60531, 1742387612.707371, 1742387612.8093042, 1742387612.9118123, 1742387613.0137959, 1742387613.1157355, 1742387613.2176886, 1742387613.319663, 1742387613.4217024, 1742387613.523672, 1742387613.6257045, 1742387613.7277238, 1742387613.8300345, 1742387613.9320323, 1742387614.0337737, 1742387614.13531, 1742387614.2383032, 1742387614.3414576, 1742387614.443316, 1742387614.5464811, 1742387614.6494675, 1742387614.7525306, 1742387614.8554764, 1742387614.9571295, 1742387615.0587535, 1742387615.1607301, 1742387615.262658, 1742387615.3647573, 1742387615.4667137, 1742387615.5686562, 1742387615.6705923, 1742387615.7725365, 1742387615.875226, 1742387615.9772406, 1742387616.0792203, 1742387616.181146, 1742387616.2830963, 1742387616.3850954, 1742387616.4870207, 1742387616.5889385, 1742387616.6908872, 1742387616.7928498, 1742387616.8947926, 1742387616.9968858, 1742387617.099613, 1742387617.2015927, 1742387617.3035464, 1742387617.4055135, 1742387617.50751, 1742387617.6094968, 1742387617.7114658, 1742387617.813451, 1742387617.9154081, 1742387618.017323, 1742387618.1192486, 1742387618.2212744, 1742387618.3233356, 1742387618.425334, 1742387618.5272567, 1742387618.6292303, 1742387618.7312286, 1742387618.833521, 1742387618.935473, 1742387619.0374653, 1742387619.1393847, 1742387619.2413657, 1742387619.3433537, 1742387619.445323, 1742387619.547379, 1742387619.6493385, 1742387619.7512813, 1742387619.8532486, 1742387619.9552345, 1742387620.0574315, 1742387620.1594107, 1742387620.261384, 1742387620.3633518, 1742387620.4652827, 1742387620.5672503, 1742387620.6692243, 1742387620.7713203, 1742387620.8734362, 1742387620.9753516, 1742387621.077326, 1742387621.1793923, 1742387621.2822583, 1742387621.3841536, 1742387621.4864852, 1742387621.588406, 1742387621.6903617, 1742387621.7923663, 1742387621.8943715, 1742387621.9965522, 1742387622.0984912, 1742387622.200424, 1742387622.3023329, 1742387622.404312, 1742387622.5063336, 1742387622.6096191, 1742387622.7126555, 1742387622.8156726, 1742387622.9189312, 1742387623.0215635, 1742387623.1240563, 1742387623.2269804, 1742387623.3288896, 1742387623.430868, 1742387623.5328736, 1742387623.6348417, 1742387623.7368171, 1742387623.8390706, 1742387623.9410563, 1742387624.0431511, 1742387624.145129, 1742387624.2471282, 1742387624.3490324, 1742387624.451013, 1742387624.552882, 1742387624.6548643, 1742387624.7568002, 1742387624.8587623, 1742387624.9612465, 1742387625.0634403, 1742387625.165451, 1742387625.2674513, 1742387625.3694313, 1742387625.4713898, 1742387625.5733726, 1742387625.675341, 1742387625.7772722, 1742387625.8792322, 1742387625.9812407, 1742387626.083221, 1742387626.1852088, 1742387626.2871256, 1742387626.38905, 1742387626.4909904, 1742387626.593009, 1742387626.6949248, 1742387626.7968566, 1742387626.8988063, 1742387627.0007281, 1742387627.102658, 1742387627.2045715, 1742387627.3065028, 1742387627.4084456, 1742387627.5103898, 1742387627.6122882, 1742387627.714218, 1742387627.816049, 1742387627.9180126, 1742387628.0199416, 1742387628.121873, 1742387628.2237742, 1742387628.3257124, 1742387628.427642, 1742387628.529614, 1742387628.6316192, 1742387628.7335684, 1742387628.8355205, 1742387628.9376585, 1742387629.0396023, 1742387629.1415956, 1742387629.243556, 1742387629.345508, 1742387629.447517, 1742387629.5506573, 1742387629.6537087, 1742387629.7568378, 1742387629.8597524, 1742387629.9625392, 1742387630.0656803, 1742387630.1691127, 1742387630.2719684, 1742387630.3749225, 1742387630.4777606, 1742387630.580538, 1742387630.6821177, 1742387630.7836533, 1742387630.8856597, 1742387630.9876297, 1742387631.0912669, 1742387631.193252, 1742387631.2951684, 1742387631.3971448, 1742387631.4990811, 1742387631.6010547, 1742387631.7030268, 1742387631.804938, 1742387631.9068582, 1742387632.0087748, 1742387632.1107442, 1742387632.2127037, 1742387632.3146236, 1742387632.41661, 1742387632.51853, 1742387632.6204886, 1742387632.7224505, 1742387632.8243897, 1742387632.9263916, 1742387633.0283837, 1742387633.1303675, 1742387633.2323375, 1742387633.3343096, 1742387633.4363, 1742387633.538283, 1742387633.6402516, 1742387633.7421887, 1742387633.8442118, 1742387633.947125, 1742387634.0491378, 1742387634.151077, 1742387634.2530284, 1742387634.3548648, 1742387634.4568686, 1742387634.5588148, 1742387634.6607542, 1742387634.762724, 1742387634.8646722, 1742387634.9666183, 1742387635.0686002, 1742387635.1705203, 1742387635.272514, 1742387635.3744469, 1742387635.476425, 1742387635.578337, 1742387635.6803925, 1742387635.7821243, 1742387635.884057, 1742387635.9859614, 1742387636.0879226, 1742387636.1899076, 1742387636.2924159, 1742387636.3943498, 1742387636.4962823, 1742387636.5982025, 1742387636.700088, 1742387636.8020582, 1742387636.9040146, 1742387637.0059822, 1742387637.107983, 1742387637.209944, 1742387637.311881, 1742387637.4137757, 1742387637.515688, 1742387637.6179867, 1742387637.719908, 1742387637.8218355, 1742387637.9237585, 1742387638.0256953, 1742387638.128414, 1742387638.2303548, 1742387638.332242, 1742387638.4342096, 1742387638.5361173, 1742387638.6381378, 1742387638.7411907, 1742387638.8442755, 1742387638.9461362, 1742387639.0480745, 1742387639.149988, 1742387639.251924, 1742387639.353833, 1742387639.4557931, 1742387639.5577557, 1742387639.6596935, 1742387639.7616403, 1742387639.8635557, 1742387639.965494, 1742387640.0678601, 1742387640.1698246, 1742387640.2717662, 1742387640.3736656, 1742387640.4755964, 1742387640.577736, 1742387640.6803865, 1742387640.782459, 1742387640.8856122, 1742387640.9872627, 1742387641.090449, 1742387641.1933901, 1742387641.296289, 1742387641.3994343, 1742387641.5023596, 1742387641.6054838, 1742387641.7082531, 1742387641.8101885, 1742387641.9121828, 1742387642.0141847, 1742387642.1161587, 1742387642.2180865, 1742387642.3199751, 1742387642.4219546, 1742387642.5239353, 1742387642.6258824, 1742387642.7280376, 1742387642.8299546, 1742387642.9319327, 1742387643.0338402, 1742387643.1358223, 1742387643.238239, 1742387643.3402007, 1742387643.442194, 1742387643.5441802, 1742387643.6461468, 1742387643.7480748, 1742387643.8500254, 1742387643.9523008, 1742387644.0541887, 1742387644.156171, 1742387644.2581205, 1742387644.3600674, 1742387644.462004, 1742387644.5640142, 1742387644.6665754, 1742387644.7690156, 1742387644.8710122, 1742387644.972963, 1742387645.0749037, 1742387645.1768615, 1742387645.2788308, 1742387645.3808725, 1742387645.4828467, 1742387645.5848014, 1742387645.686728, 1742387645.7887332, 1742387645.8907342, 1742387645.9927227, 1742387646.0947266, 1742387646.1966298, 1742387646.298599, 1742387646.4005637, 1742387646.5025296, 1742387646.604544, 1742387646.7065163, 1742387646.8085473, 1742387646.9104886, 1742387647.0124629, 1742387647.1144192, 1742387647.2181132, 1742387647.3213484, 1742387647.4242964, 1742387647.5273945, 1742387647.6306765, 1742387647.7338207, 1742387647.8368313, 1742387647.9396782, 1742387648.0420375, 1742387648.1439412, 1742387648.2458715, 1742387648.3478298, 1742387648.4497502, 1742387648.5517144, 1742387648.6536057, 1742387648.7555745, 1742387648.8575556, 1742387648.959524, 1742387649.0614789, 1742387649.1634262, 1742387649.2653677, 1742387649.3672988, 1742387649.4697115, 1742387649.5716488, 1742387649.6738558, 1742387649.7758636, 1742387649.877835, 1742387649.9797716, 1742387650.0817301, 1742387650.184181, 1742387650.2861207, 1742387650.3881464, 1742387650.4900496, 1742387650.5919135, 1742387650.6940126, 1742387650.7960136, 1742387650.8979897, 1742387650.9999769, 1742387651.1019194, 1742387651.2038753, 1742387651.305817, 1742387651.4077668, 1742387651.5097618, 1742387651.6116982, 1742387651.7136397, 1742387651.8155236, 1742387651.9174716, 1742387652.019458, 1742387652.1213884, 1742387652.223365, 1742387652.3253381, 1742387652.4272451, 1742387652.5291934, 1742387652.6310906, 1742387652.7330818, 1742387652.8349688, 1742387652.9369204, 1742387653.0389128, 1742387653.1408656, 1742387653.242803, 1742387653.344766, 1742387653.4468544, 1742387653.5488498, 1742387653.65081, 1742387653.752791, 1742387653.8542647, 1742387653.9562154, 1742387654.0581603, 1742387654.161391, 1742387654.2645302, 1742387654.3676598, 1742387654.4694967, 1742387654.5726106, 1742387654.6759207, 1742387654.778659, 1742387654.8815804, 1742387654.983463, 1742387655.0854235, 1742387655.1874082, 1742387655.2893698, 1742387655.3912923, 1742387655.4932814, 1742387655.595228, 1742387655.6972156, 1742387655.7992394, 1742387655.9011915, 1742387656.0030916, 1742387656.1050386, 1742387656.2069757, 1742387656.3089418, 1742387656.4108956, 1742387656.512829, 1742387656.6148145, 1742387656.7168255, 1742387656.8188195, 1742387656.920782, 1742387657.0227134, 1742387657.1246984, 1742387657.2266755, 1742387657.3286493, 1742387657.430585, 1742387657.5325613, 1742387657.6345305, 1742387657.7365375, 1742387657.8385136, 1742387657.940542, 1742387658.042503, 1742387658.1444838, 1742387658.2464473, 1742387658.3483973, 1742387658.4503398, 1742387658.5523329, 1742387658.65428, 1742387658.756269, 1742387658.8582292, 1742387658.9604092, 1742387659.0629997, 1742387659.164951, 1742387659.2668931, 1742387659.3688376, 1742387659.4707801, 1742387659.572916, 1742387659.6748857, 1742387659.7768605, 1742387659.879049, 1742387659.981014, 1742387660.0829594, 1742387660.1849713, 1742387660.2868245, 1742387660.3886921, 1742387660.4906769, 1742387660.5926206, 1742387660.696081, 1742387660.7988813, 1742387660.9013736, 1742387661.004339, 1742387661.107432, 1742387661.2101297, 1742387661.3129246, 1742387661.4158208, 1742387661.5189176, 1742387661.621843, 1742387661.7246912, 1742387661.8274453, 1742387661.9303834, 1742387662.0332015, 1742387662.1348398, 1742387662.2368178, 1742387662.338721, 1742387662.440754, 1742387662.5427003, 1742387662.644703, 1742387662.7466586, 1742387662.8486881, 1742387662.9506814, 1742387663.052664, 1742387663.1545856, 1742387663.2565877, 1742387663.3585303, 1742387663.4605362, 1742387663.562427, 1742387663.6644692, 1742387663.7663991, 1742387663.868366, 1742387663.970315, 1742387664.0723166, 1742387664.1742895, 1742387664.2762911, 1742387664.3783107, 1742387664.4803183, 1742387664.5822778, 1742387664.6843493, 1742387664.7863061, 1742387664.8883302, 1742387664.9903328, 1742387665.0924265, 1742387665.1943996, 1742387665.2964997, 1742387665.3985355, 1742387665.5006618, 1742387665.6026716, 1742387665.7048445, 1742387665.806853, 1742387665.9089406, 1742387666.0109248, 1742387666.1130579, 1742387666.2150385, 1742387666.317129, 1742387666.4191282, 1742387666.5212123, 1742387666.6232796, 1742387666.7254367, 1742387666.827336, 1742387666.9293442, 1742387667.0313158, 1742387667.1333025, 1742387667.2353005, 1742387667.337307, 1742387667.439276, 1742387667.541276, 1742387667.6432667, 1742387667.74522, 1742387667.8472018, 1742387667.9491727, 1742387668.0511672, 1742387668.1531372, 1742387668.2551126, 1742387668.3570461, 1742387668.4602287, 1742387668.563442, 1742387668.6661725]
Power:  [135358296914, 135363864710, 135367479569, 135371677800, 135375918512, 135380709943, 135385578460, 135390493243, 135395406987, 135400315910, 135405236003, 135410130277, 135414986527, 135419814701, 135424602042, 135429380838, 135434229276, 135439015091, 135443859500, 135448957815, 135453794411, 135458580837, 135463415114, 135471467095, 135478382300, 135483933128, 135489522591, 135494426326, 135500239788, 135510985976, 135521697741, 135532488729, 135543368523, 135555929404, 135568633961, 135581065631, 135593973435, 135606761366, 135619149762, 135632017832, 135644270181, 135657195502, 135669841649, 135682443606, 135695282563, 135707624267, 135720565274, 135733203913, 135745867455, 135758703421, 135771068623, 135783648913, 135796474076, 135808867416, 135821772961, 135834045452, 135846965280, 135859739356, 135872194219, 135885115451, 135897416750, 135910376433, 135923052792, 135935589870, 135948546990, 135960820884, 135973760060, 135986396624, 135998915635, 136011823622, 136024122358, 136037043345, 136049640298, 136062185615, 136075159642, 136087486759, 136100418427, 136113006591, 136125601163, 136138418696, 136150867395, 136163821768, 136176370503, 136188690540, 136201502641, 136213951889, 136226759351, 136239551128, 136251951548, 136262914593, 136275376353, 136287800638, 136300736152, 136313147131, 136325930301, 136338676179, 136351124695, 136364074491, 136376414181, 136389286340, 136401873405, 136413553856, 136424568537, 136437198449, 136449573600, 136462444112, 136474945606, 136487690141, 136500587203, 136511932388, 136523140978, 136534649371, 136547304368, 136559965530, 136572826153, 136585150646, 136597725870, 136610372749, 136623312474, 136636078677, 136648729157, 136661562804, 136674122708, 136687063776, 136699618614, 136712549673, 136725330219, 136737952745, 136750955946, 136763392194, 136776351145, 136788818398, 136801781927, 136814549961, 136827078249, 136840041839, 136852550535, 136865498622, 136877919122, 136890860618, 136903464650, 136916118976, 136929050949, 136941473464, 136954423931, 136966776561, 136979691140, 136992250922, 137004922276, 137017887392, 137030293671, 137043159605, 137055837063, 137068566156, 137081354454, 137093808035, 137106786945, 137119305345, 137132123672, 137144673750, 137157663401, 137170346902, 137182930976, 137195803318, 137208209048, 137221149933, 137233566466, 137246565884, 137259146540, 137271800011, 137284572561, 137297111897, 137309944628, 137322414628, 137335394880, 137348028637, 137360692789, 137373600165, 137385979345, 137398667850, 137411461214, 137424441893, 137437140103, 137447737000, 137457664464, 137467648265, 137477920516, 137488265216, 137498535942, 137506429415, 137514351270, 137522577079, 137532327909, 137536424089, 137541911441, 137552589636, 137563824654, 137574450176, 137586770335, 137599724098, 137612313299, 137625269992, 137637997621, 137650854583, 137663578732, 137676518518, 137689177727, 137702061300, 137714929614, 137727698075, 137740436812, 137753206188, 137766218667, 137778865546, 137791816014, 137804544802, 137817427154, 137830194395, 137843058986, 137855805962, 137868813802, 137881510547, 137894507035, 137907125167, 137920138317, 137932767740, 137945732063, 137958454198, 137971302859, 137984109528, 137996926512, 138009604702, 138022305536, 138035017723, 138047700124, 138060674762, 138073052904, 138086032851, 138098640179, 138111393260, 138123866189, 138136718817, 138149141332, 138162144839, 138174723054, 138187625853, 138200091275, 138213009577, 138225648643, 138238374136, 138251104267, 138263770372, 138276446304, 138289145551, 138301828563, 138314634439, 138324813490, 138334799243, 138344621972, 138355352230, 138365238130, 138372938794, 138378221556, 138385951089, 138396415357, 138406986863, 138418733110, 138431565963, 138444343762, 138457062113, 138470070564, 138482760900, 138495775271, 138508349214, 138521060729, 138533798550, 138546669977, 138559411705, 138572280935, 138584996906, 138598019211, 138610627882, 138623616436, 138636257944, 138649398596, 138662240848, 138675140657, 138688147826, 138701038479, 138713895257, 138726700644, 138739715443, 138752339434, 138765385848, 138778149365, 138790907511, 138803578133, 138816273840, 138828918522, 138841670443, 138854368775, 138867148649, 138879638424, 138892567407, 138905106682, 138917922628, 138930449207, 138943450456, 138956116866, 138968973462, 138981651042, 138994343392, 139007112463, 139019693486, 139032513765, 139045069458, 139057893644, 139070570308, 139083423486, 139095912651, 139108801351, 139121321155, 139134169450, 139146658126, 139159594800, 139172034343, 139184978829, 139197579627, 139210330571, 139223028719, 139233564337, 139243888102, 139252952166, 139261469478, 139270759615, 139276266681, 139280872932, 139290172530, 139301468094, 139312530077, 139324600115, 139337108933, 139350179456, 139363034037, 139375680428, 139388756872, 139401410831, 139414452607, 139427397947, 139440201992, 139453150811, 139465953024, 139479009509, 139491890275, 139504677168, 139517629955, 139530527139, 139543474615, 139556460544, 139569252259, 139582347868, 139595119320, 139608037866, 139621134573, 139633783894, 139646843919, 139659419387, 139672209515, 139684910350, 139697254434, 139710372259, 139723032261, 139735718325, 139748414948, 139760932677, 139773765408, 139786570429, 139799132896, 139811958730, 139824463703, 139837336961, 139850126174, 139862674360, 139875513866, 139888111245, 139900991522, 139913634251, 139926256045, 139939146454, 139951699461, 139964535000, 139977307245, 139989787377, 140002719167, 140015242695, 140028072862, 140040844192, 140053298506, 140066116954, 140078832315, 140091563666, 140104136388, 140116779788, 140129633271, 140142426756, 140154945950, 140167811579, 140180322411, 140193276663, 140205998249, 140218461230, 140231350296, 140244043745, 140256798595, 140269552041, 140282055977, 140294869970, 140307645999, 140318966344, 140329706428, 140340836344, 140351814892, 140362998335, 140373949357, 140385667528, 140398178421, 140410538070, 140423040784, 140435477825, 140447992441, 140460536355, 140472969428, 140485453039, 140497641484, 140510226779, 140522649172, 140534312106, 140544596564, 140554677593, 140565065018, 140570620423, 140575439625, 140586195579, 140597157953, 140609597374, 140622302969, 140635446551, 140648418503, 140661302198, 140674425761, 140687306465, 140700292333, 140713140750, 140726233489, 140739177914, 140752237756, 140765374014, 140778132099, 140791270676, 140804144301, 140817191631, 140830069771, 140843075414, 140856167483, 140868888825, 140881787779, 140894639552, 140907565362, 140920106345, 140932927113, 140945719317, 140958445114, 140971076368, 140983770550, 140996453684, 141009044228, 141021939703, 141034412022, 141047351015, 141060116790, 141072701047, 141085510158, 141097991205, 141110860801, 141123537038, 141136244891, 141149058701, 141161655654, 141174438030, 141187097239, 141199937172, 141212585760, 141225329075, 141238062074, 141250741546, 141263511411, 141276048549, 141288778436, 141301528525, 141314412465, 141327188494, 141339771164, 141352567396, 141365087445, 141377924875, 141389094524, 141401587107, 141414697547, 141427563359, 141440574922, 141453605895, 141466369900, 141479124934, 141491625878, 141504535208, 141516974629, 141527128168, 141537272368, 141546948857, 141555369550, 141565239581, 141575187676, 141585496304, 141595775209, 141600953906, 141606551121, 141617161262, 141628309793, 141640065134, 141652971290, 141666115971, 141678883822, 141692062377, 141704785489, 141717968744, 141730870444, 141743868213, 141756892045, 141769824202, 141782961863, 141795782143, 141808930425, 141821861971, 141834878662, 141847765958, 141860750177, 141873634544, 141886793995, 141899621233, 141912745467, 141925754589, 141938537332, 141951334357, 141964054173, 141976582278, 141989408784, 142002188597, 142014792813, 142027584040, 142040105797, 142052773795, 142065465840, 142078263048, 142090928482, 142103733686, 142116357555, 142129066629, 142141779853, 142154472936, 142167146732, 142179666231, 142192682067, 142205099577, 142218054194, 142230575158, 142243436942, 142256200520, 142268822131, 142281588455, 142294315168, 142306978344, 142319650370, 142332376961, 142345011145, 142357782963, 142370399141, 142383258605, 142396010465, 142408647762, 142421400598, 142434156302, 142446808553, 142459223072, 142472267472, 142484868392, 142495044757, 142505126152, 142514829436, 142525012698, 142535232215, 142544970655, 142554679248, 142559639196, 142565087913, 142574236205, 142583206336, 142592113356, 142603184129, 142614647051, 142625893299, 142637549031, 142649116567, 142662031817, 142674894333, 142687990064, 142700818522, 142713957100, 142726944615, 142739821840, 142752989409, 142765840695, 142778907373, 142792001883, 142804793354, 142817699083, 142830547866, 142843573833, 142856577340, 142869599401, 142882760012, 142895600433, 142908598752, 142921642237, 142934600517, 142947279989, 142960060290, 142972775102, 142985542891, 142998134778, 143010752421, 143023549203, 143036255713, 143048922856, 143061693148, 143074326111, 143087092192, 143099797665, 143112561792, 143125224907, 143137924215, 143150745837, 143163361772, 143175989181, 143188768201, 143201484538, 143214084420, 143226842200, 143239569096, 143252316927, 143263667301, 143271996870, 143280767294, 143291215204, 143299318211, 143308098401, 143318574998, 143328891194, 143337700254, 143347596713, 143356683115, 143361725705, 143368627787, 143379822094, 143390775313, 143401997636, 143413951279, 143426384353, 143439326519, 143452347299, 143465271827, 143478312565, 143491254853, 143504417661, 143517212612, 143530367058, 143543163839, 143556329333, 143569051407, 143581960249, 143594869822, 143607907387, 143620869939, 143633948824, 143646898559, 143660058987, 143672831354, 143685995261, 143698855274, 143711958573, 143724578353, 143737427624, 143750129679, 143762731514, 143775461157, 143788113102, 143800850679, 143813622619, 143826263334, 143839024471, 143851647180, 143864404289, 143877032796, 143889794482, 143902541764, 143915180953, 143927943494, 143940583964, 143953334054, 143966082617, 143978729680, 143991465670, 144004271057, 144016851530, 144029644955, 144042219568, 144055042350, 144067751546, 144080421070, 144093118791, 144105819991, 144118496106, 144131340556, 144143875863, 144156755225, 144169340581, 144180378394, 144190152295, 144198533743, 144209015406, 144218846374, 144227408425, 144237593702, 144247812792, 144253836702, 144258699422, 144268000240, 144279754239, 144291333982, 144304154078, 144317278312, 144330214253, 144343175097, 144356097732, 144369121380, 144382087290, 144395248450, 144408099613, 144421288178, 144434327024, 144447411829, 144460453849, 144473422688, 144486491319, 144499571364, 144512669109, 144525590951, 144538682043, 144551581363, 144564741607, 144577629392, 144590391383, 144603123650, 144615779257, 144628487477, 144641113726, 144653849167, 144666620253, 144679253155, 144691997141, 144704754249, 144717393072, 144730146152, 144742792238, 144755375458, 144768260495, 144780931300, 144793715264, 144806284995, 144819083974, 144831658709, 144844498337, 144857019606, 144869882428, 144882544993, 144895278176, 144907947699, 144920652927, 144933334902, 144946171844, 144958814695, 144971575466, 144984190485, 144996984092, 145009541006, 145022493731, 145035163377, 145047890578, 145060545636, 145073401682, 145086082008, 145097116038, 145107623030, 145116049827, 145126259762, 145135760775, 145141657428, 145148162599, 145159219089, 145170263800, 145181266091, 145192934640, 145205741370, 145218871891, 145231576509, 145244725584, 145257691676, 145270609612, 145283667379, 145296440784, 145309561417, 145322557172, 145335477061, 145348576148, 145361347661, 145374516756, 145387545836, 145400425686, 145413451165, 145426647665, 145439546863, 145452741836, 145465308577, 145478185192, 145490882242, 145503692817, 145516154455, 145528918765, 145541619355, 145554431639, 145567200284, 145579815241, 145592403893, 145605245352, 145617961079, 145630689806, 145643344437, 145655902632, 145668746410, 145681462747, 145694079292, 145706867712, 145719537357, 145732389497, 145745013000, 145757718473, 145770392207, 145783049340, 145795897757, 145808556294, 145821224536, 145833961075, 145846644820, 145859465466, 145872103861, 145884710823, 145897515905, 145910190372, 145922872347, 145935644287, 145947621856, 145960649411, 145973647607, 145986304801, 145999067464, 146011721790, 146024514420, 146037275984, 146049625440, 146062700968, 146075259652, 146088076941, 146100912968, 146113197299, 146126207275, 146138836882, 146151622677, 146164295557, 146176826775, 146187710475, 146198380247, 146209693512, 146222169676, 146234767544, 146247344172, 146259804590, 146270003355, 146280177828, 146288957957, 146299230392, 146307719079, 146317659849, 146327415500, 146336876231, 146346976363, 146355901084, 146360816904, 146367964286, 146379723228, 146391206841, 146402818689, 146415652274, 146428737568, 146441863083, 146454639723, 146467794108, 146480669075, 146493731786, 146506910219, 146519807159, 146532844235, 146545764429, 146558799918, 146571972858, 146584863450, 146597871107, 146610748759, 146623781197, 146636976170, 146649699343, 146662910247, 146676003658, 146689079797, 146701909598, 146714466695, 146727287463, 146739970963, 146752643904, 146765357739, 146777993632, 146790745918, 146803452856, 146816245304, 146828892732, 146841487610, 146854283292, 146866908260, 146879752648, 146892474662, 146904810873, 146917817187, 146930598282, 146943118453, 146956065441, 146968549845, 146981620125, 146994268774, 147006842045, 147019823396, 147032236999, 147045123868, 147057999018, 147070467981, 147083294425, 147095833699, 147108468433, 147121477616, 147133976790, 147146892101, 147159359110, 147172154915, 147184891211, 147197309148, 147210390535, 147222955627, 147235696378, 147248401119, 147260963770, 147274033622, 147286799946, 147299319751, 147312280838, 147324665206, 147337691540, 147350364603, 147362867256, 147375895665, 147388374515, 147398814064, 147408432264, 147419479172, 147430918047, 147442475817, 147453080893, 147463024349, 147473748809, 147484163088, 147490636033, 147495354100, 147503993177, 147514245592, 147525375874, 147536923390, 147549284931, 147562075853, 147575229689, 147587988384, 147601154671, 147614180761, 147627132998, 147639919098, 147653111447, 147666034449, 147679290763, 147692055562, 147705320481, 147718364332, 147731407939, 147744536690, 147757383031, 147770503481, 147783717497, 147796607784, 147809739159, 147822391471, 147835213154, 147847906298, 147860661942, 147873284163, 147885750073, 147898724649, 147911458992, 147924184911, 147936816105, 147949526094, 147962480529, 147975193997, 147987705440, 148000648400, 148013143851, 148026115864, 148038823229, 148051367447, 148064337018, 148076682446, 148089701822, 148102399116, 148114915380, 148127827578, 148140367280, 148153190306, 148166026577, 148178176265, 148191356163, 148204027396, 148216770344, 148229581163, 148241910172, 148254912214, 148267645397, 148280153177, 148293045295, 148305726049, 148318510928, 148331121003, 148343552551, 148356516385, 148369124263, 148381846765, 148394751395, 148407110799, 148420062548, 148432727005, 148445348433, 148458289013, 148470723063, 148483597236, 148496274145, 148508949344, 148521718111, 148534343017, 148543964819, 148553916331, 148563794846, 148574757526, 148585934316, 148597312827, 148609861379, 148622453570, 148634930650, 148647536148, 148660107344, 148672442883, 148685008159, 148695268020, 148705655140, 148716177879, 148726799129, 148737236724, 148746940190, 148752223319, 148757276712, 148767328993, 148778967147, 148790264054, 148802052964, 148814825698, 148828030315, 148840827218, 148854077855, 148866929568, 148880121978, 148893303463, 148906422509, 148919554678, 148932563128, 148945682540, 148958672864, 148971822854, 148984820563, 148998070590, 149011115661, 149024302151, 149037524712, 149050323386, 149063277820, 149075940386, 149088855819, 149101220777, 149114105388, 149126638742, 149139496070, 149152104375, 149164896396, 149177492372, 149190227630, 149203004697, 149215507655, 149228408562, 149240964438, 149253832936, 149266477801, 149279227829, 149292005506, 149304457440, 149317275705, 149329849159, 149342790472, 149355251316, 149368105897, 149380919158, 149393616635, 149406393153, 149418876214, 149431748801, 149444104055, 149456899737, 149469946091, 149482495924, 149495238384, 149507962961, 149520597023, 149533252814, 149546025181, 149558577028, 149571695464, 149584184019, 149597042079, 149609742547, 149622284019, 149635307606, 149647495990, 149660655136, 149673107924, 149683485522, 149693539329, 149703435788, 149713666536, 149723031686, 149728222956, 149734848611, 149746229685, 149757312421, 149768712904, 149780121749, 149791510270, 149803171312, 149814703265, 149826563098, 149838241840, 149850050159, 149860928977, 149873150259, 149884440513, 149897296987, 149910498430, 149923611800, 149936636669, 149949918068, 149962811284, 149976114351, 149989003478, 150002276210, 150015189934, 150028456807, 150041546617, 150054778700, 150068007365, 150081072273, 150093957494, 150106672671, 150119224275, 150131971984, 150144594022, 150157264278, 150170073327, 150182692435, 150195503254, 150208197924, 150220838150, 150233678755, 150246317883, 150259030863, 150271778328, 150284431494, 150297115787, 150309701448, 150322558959, 150335468716, 150348077083, 150360875939, 150373467154, 150386282673, 150398891284, 150411580826, 150424435835, 150436904309, 150449830972, 150462353401, 150475352025, 150487837223, 150500846101, 150513510741, 150526147672, 150538993403, 150551410424, 150564348624, 150576937275, 150589691454, 150602368973, 150615331159, 150627695385, 150640626566, 150653478339, 150665248451, 150675823131, 150685263963, 150695017418, 150700281259, 150706392755, 150717228176, 150728024718, 150738686556, 150749694768, 150761656041, 150774573854, 150787969694, 150800997676, 150814128136, 150827214650, 150840468095, 150853545149, 150866695140, 150879788490, 150892924198, 150906025972, 150919146360, 150932257350, 150945509574, 150958372212, 150971646653, 150984515395, 150997579021, 151009973887, 151023038306, 151035772466, 151048642611, 151061231934, 151074122221, 151086754940, 151099631860, 151112370597, 151125268208, 151137864306, 151150768936, 151163234603, 151176170727, 151188774027, 151201551948, 151214159704, 151227082034, 151239682466, 151252461303, 151265062772, 151277994441, 151290586816, 151303364981, 151315973469, 151328879137, 151341489273, 151354266706, 151366870007, 151379772928, 151392278877, 151405172216, 151417658573, 151430737214, 151443433470, 151456431972, 151468890803, 151481916770, 151494318716, 151507538470, 151520236069, 151529546836, 151539200132, 151548035925, 151557440808, 151567684739, 151577590720, 151582649117, 151588966118, 151600206262, 151611923945, 151623746729, 151634637082, 151646523405, 151657781371, 151669625396, 151681328674, 151693195282, 151704869691, 151715892123, 151727674503, 151738983373, 151750800298, 151762593054, 151774352606, 151786752171, 151799789309, 151812907256, 151826002559, 151839162804, 151852250234, 151865544511, 151878404403, 151891723949, 151904659157, 151917957158, 151930901461, 151944172118, 151957167507, 151970375542, 151983151876, 151995870044, 152008494158, 152021352889, 152034059766, 152046738261, 152059483773, 152072268591, 152084885380, 152097656222, 152110292664, 152123071562, 152135801876, 152148454004, 152161207329, 152173655783, 152186634021, 152199248979, 152211995590, 152224618116, 152237675578, 152250047983, 152263072607, 152275469365, 152288368868, 152301159790, 152313859770, 152326519589, 152339064417, 152352053642, 152364566854, 152377390003, 152389933611, 152402757858, 152415453260, 152428131999, 152440812509, 152453642920, 152466121099, 152479039034, 152491644898, 152501338355, 152510215346, 152520336353, 152528937283, 152537534429, 152546400068, 152556837114, 152566542595, 152576984951, 152587391662, 152597527318, 152607896249, 152613018733, 152617767988, 152626541098, 152637453485, 152649187097, 152660857600, 152673008936, 152686150992, 152699176227, 152712283005, 152725304639, 152738417338, 152751468086, 152764589390, 152777634645, 152790751249, 152803797908, 152817073020, 152829938710, 152843256120, 152856162825, 152869450083, 152882231362, 152895668766, 152908736482, 152921894041, 152934410916, 152947568536, 152960146262, 152972884511, 152985547198, 152998518051, 153011126784, 153024002239, 153036610849, 153049508827, 153062271245, 153075021945, 153087772339, 153100690214, 153113315182, 153126209436, 153138829399, 153151750386, 153164484179, 153177358780, 153189980879, 153202880565, 153215527383, 153228223762, 153240955297, 153253778201, 153266345979, 153279182494, 153291704068, 153304561213, 153317190758, 153329969168, 153342339559, 153355252123, 153368201736, 153380865888, 153393542431, 153406262674, 153418796516, 153431593237, 153444177311, 153455848423, 153464843151, 153474715319, 153484128502, 153494869320, 153505339264, 153511215469, 153515867313, 153525448282, 153536528027, 153548693889, 153561499215, 153574767186, 153588037782, 153600953216, 153614026974, 153627227562, 153640318044, 153653622514, 153666596297, 153679780956, 153693008156, 153705899968, 153719014437, 153731599732, 153744418669, 153757604975, 153770558494, 153783847828, 153797002213, 153810112409, 153822969310, 153835463724, 153848215766, 153860777990, 153873607486, 153886352326, 153898927795, 153911742032, 153924344355, 153937145958, 153949874869, 153962407552, 153975261217, 153987890885, 154000690229, 154013211926, 154025920695, 154038822639, 154051450842, 154064235416, 154076777864, 154089588134, 154102488736, 154115195735, 154127630334, 154140765249, 154152892171, 154165952013, 154178808243, 154191143599, 154204282909, 154216574992, 154229566963, 154242477147, 154254752323, 154267813996, 154280284179, 154293164700, 154305559139, 154318284997, 154331349356, 154344018574, 154356532885, 154369493179, 154382042097, 154395161998, 154407859048, 154420403999, 154433175145, 154445691287, 154458603608, 154471243590, 154483975674, 154496694087, 154509371972, 154522182119, 154534802937, 154547175586, 154558433614, 154569279472, 154579891261, 154590758360, 154601895294, 154614646055, 154627300014, 154640045526, 154652679039, 154665446767, 154678244403, 154691002549, 154703758010, 154716530682, 154729160166, 154741895912, 154754649054, 154767272495, 154778559393, 154788676982, 154798676956, 154807101068, 154817354460, 154826887516, 154835911602, 154844397298, 154853737484, 154858956465, 154864621550, 154874766178, 154886076085, 154897797735, 154910793185, 154923969970, 154937060147, 154950245599, 154963350546, 154976615282, 154989588210, 155002893902, 155015899483, 155029192662, 155042355592, 155055642790, 155068931330, 155082073264, 155095266712, 155108506180, 155121657086, 155134786935, 155148070105, 155160823246, 155173559480, 155186022766, 155198867216, 155211632625, 155224276452, 155237002128, 155249753011, 155262413562, 155275148881, 155287707381, 155300546033, 155313138408, 155325917183, 155338673621, 155351220647, 155364088656, 155376593506, 155389370085, 155402208126, 155414762110, 155427528740, 155440210836, 155452880481, 155465615129, 155478437362, 155491069043, 155503766521, 155516397775, 155529364233, 155541892522, 155554890596, 155567514221, 155580259794, 155592910152, 155605758569, 155618310051, 155631179708, 155643694446, 155656570512, 155669260482, 155681923352, 155694343853, 155705546155, 155715620287, 155726304037, 155736000789, 155744397313, 155753067518, 155762527028, 155773076561, 155783593624, 155793850373, 155799335588, 155805550660, 155816913424, 155828739932, 155841622528, 155854807919, 155868078637, 155881320181, 155894555742, 155907564071, 155920817455, 155933911599, 155947121038, 155960192293, 155973399535, 155986527309, 155999709160, 156012808858, 156026147447, 156039101881, 156052394938, 156065094857, 156078423070, 156091075503, 156103859223, 156116451537, 156129315456, 156141932673, 156154838584, 156167478872, 156180339923, 156193040452, 156205764846, 156218513226, 156231269297, 156243902504, 156256640448, 156269400913, 156282058474, 156294784759, 156307439756, 156320131984, 156332941095, 156345510521, 156358314870, 156371048236, 156383653062, 156396409865, 156409143781, 156421789561, 156434296975, 156447502508, 156459912694, 156472742434, 156485350983, 156498226377, 156510819607, 156523632318, 156536338096, 156548905019, 156561739764, 156574264696, 156587187697, 156599624494, 156612545604, 156625121560, 156637807258, 156650422094, 156660542429, 156671007978, 156681581926, 156689656917, 156694971723, 156704084004, 156715787649, 156727342124, 156739615957, 156752476459, 156765805892, 156778661328, 156791924539, 156805234685, 156818103244, 156831395995, 156844202054, 156857267877, 156870493002, 156883478015, 156896697342, 156909964337, 156923029184, 156936233190, 156949122318, 156962034272, 156974620299, 156987273770, 156999997187, 157012503076, 157025382620, 157038053975, 157050812487, 157063446488, 157076071639, 157089147350, 157101782083, 157114463569, 157127068578, 157139833499, 157152828278, 157165379088, 157177903958, 157190913752, 157203492760, 157216346853, 157228916035, 157241389453, 157254417129, 157267075910, 157279786144, 157292478677, 157304898506, 157318132787, 157330858523, 157343284089, 157356264037, 157368853360, 157381751337, 157394308678, 157406529228, 157419794391, 157432318957, 157445237869, 157457841963, 157470106946, 157483193033, 157495873420, 157508588293, 157521273624, 157533658663, 157545640749, 157557976899, 157571093321, 157584283289, 157597431327, 157610106282, 157622843615, 157635462235, 157648228987, 157660820569, 157673285076, 157686469429, 157698962622, 157711767338, 157724283785, 157736901002, 157747078771, 157758020821, 157769128702, 157781720284, 157794428198, 157806154731, 157814680282, 157824853169, 157834790521, 157845501493, 157855975770, 157865566993, 157875881603, 157881149106, 157886332321, 157896525593, 157906670281, 157917660976, 157928802427, 157939342561, 157951237123, 157962938143, 157976059203, 157988996303, 158002114495, 158014808615, 158027969959, 158041260940, 158054330121, 158067503488, 158080511206, 158093709231, 158106975799, 158119910153, 158133197106, 158146193228, 158159400774, 158172608077, 158185532910, 158198874001, 158211540900, 158224555942, 158237216188, 158250107818, 158262687436, 158275610682, 158288237786, 158300885886, 158313899708, 158326623186, 158339284896, 158351899976, 158364395977, 158377536691, 158390196326, 158402857976, 158415551913, 158427814699, 158441009856, 158453684872, 158466228175, 158478849420, 158491476585, 158504557911, 158517085528, 158529914352, 158542640211, 158554870892, 158568076120, 158580616127, 158593455694, 158606045871, 158618486330, 158631603911, 158644163022, 158656992762, 158669545404, 158682036888, 158695037831, 158707617083, 158720448960, 158732956374, 158745776287, 158758379832, 158770946816, 158783915533, 158796582676, 158809279055, 158821868439, 158834666136, 158847539089, 158860196405, 158872563805, 158885643544, 158898218829, 158908431694, 158918576138, 158927886295, 158938716162, 158948819286, 158958943772, 158968985799, 158978998896, 158984226483, 158989740446, 159001148131, 159012088838, 159023413394, 159034829686, 159047965638, 159061133757, 159074164790, 159087491172, 159100415333, 159113732621, 159126781660, 159139969797, 159152919960, 159166220280, 159179313996, 159192480771, 159205525111, 159218462699, 159231814167, 159244737840, 159258051771, 159271112894, 159284057563, 159296564917, 159309334232, 159321994478, 159334807006, 159347419340, 159360200557, 159372756372, 159385592093, 159398277181, 159410872607, 159423648331, 159436270492, 159449231335, 159461860087, 159474606270, 159487295019, 159499996952, 159512643709, 159525468383, 159538172391, 159550366513, 159563645287, 159576034721, 159589034077, 159601660205, 159614425492, 159627082137, 159639568250, 159652473429, 159664884103, 159677825598, 159690569889, 159703588777, 159716148071, 159728961393, 159741601131, 159754237573, 159766814811, 159779440878, 159792538561, 159804925126, 159817801070, 159830226941, 159843213542, 159855933846, 159868372413, 159881369206, 159893041417, 159903164804, 159913229048, 159923425922, 159932985590, 159942772796, 159953214175, 159960584152, 159965811250, 159975363472, 159986742715, 159998018687, 160009636944, 160022150461, 160035273536, 160048504703, 160061414704, 160074774838, 160087617945, 160100902457, 160114175067, 160127362594, 160140581005, 160153571145, 160166764776, 160180113436, 160193209228, 160206557582, 160219523491, 160232684896, 160245793138, 160258846938, 160271532208, 160284127025, 160296878884, 160309452949, 160322386509, 160335078188, 160347782196, 160360447691, 160372991787, 160386002923, 160398727378, 160411279104, 160423974262, 160436896165, 160449776503, 160462545940, 160474925303, 160487893043, 160500487372, 160513569980, 160526271363, 160538828277, 160551506162, 160564468409, 160577134819, 160589900595, 160602531361, 160615262346, 160627930161, 160641095959, 160653598735, 160666346810, 160679025489, 160691589421, 160704669100, 160717416382, 160730034941, 160742643917, 160755422388, 160768196159, 160780863607, 160793328663, 160806450578, 160818885665, 160832060986, 160844740091, 160857420784, 160870141638, 160882641972, 160895850617, 160908467406, 160920936674, 160933922175, 160946528283, 160959431936, 160972133686, 160983367117, 160993449305, 161003921386, 161014479952, 161025054571, 161033939497, 161043886188, 161054516227, 161059803139, 161065374048, 161076504147, 161087858549, 161099356017, 161112323269, 161125614922, 161138807515, 161151551684, 161164850356, 161178085857, 161191099190, 161204451268, 161217463686, 161230685453, 161243950983, 161256905113, 161270232471, 161283246781, 161296474164, 161309742502, 161322711890, 161335966739, 161348634492, 161361318359, 161374007291, 161386683345, 161399407312, 161411995231, 161424759481, 161437415393, 161450220353, 161462941878, 161475357129, 161488450297, 161501059578, 161513809607, 161526552860, 161539247591, 161552154540, 161564832181, 161577390315, 161590196801, 161602904593, 161615707051, 161628338854, 161640663408, 161653784407, 161666399365, 161679216410, 161691919075, 161704196448, 161717314762, 161730051118, 161742468262, 161755300077, 161767672421, 161780673853, 161793558036, 161806054220, 161818828174, 161831741898, 161844484053, 161857223644, 161870072244, 161882804939, 161895240149, 161908271487, 161920868379, 161933400573, 161946189115, 161958705074, 161971719201, 161984463858, 161996842428, 162009965807, 162022535416, 162035284163, 162047938549, 162060245952, 162073343330, 162085993628, 162097216194, 162105600633, 162115510947, 162125744075, 162135915375, 162145301459, 162150656975, 162157647497, 162168812141, 162180324563, 162191408763, 162203037884, 162214530347, 162226759808, 162240050850, 162253013098, 162266309389, 162279574919, 162292700618, 162305905540, 162319020924, 162332187455, 162345060713, 162358243297, 162371536415, 162384544072, 162397902619, 162410983579, 162424172755, 162437323112, 162450088948, 162462930224, 162475456681, 162488223677, 162500966320, 162513475627, 162526427681, 162538678382, 162551860721, 162564190096, 162577263793, 162589934476, 162602484737, 162615321130, 162627931815, 162640613607, 162653426867, 162665964677, 162678864302, 162691463208, 162704405558, 162716913094, 162729627844, 162742494144, 162755257783, 162767853271, 162780381498, 162793475093, 162805660670, 162818878775, 162831286947, 162844159900, 162856916032, 162869460616, 162879854755, 162889981193, 162899934964, 162910169374, 162919939491, 162925603112, 162932004340, 162943853370, 162955633918, 162967259316, 162978025768, 162990425272, 163003367805, 163016397374, 163029689637, 163042616179, 163055938960, 163069040488, 163082162098, 163095522843, 163108402387, 163121613901, 163134402931, 163147750309, 163160965424, 163174104551, 163187433679, 163200414298, 163213359333, 163226004381, 163238578201, 163251240217, 163264092113, 163276702921, 163289620246, 163302354405, 163315024417, 163327704987, 163340318908, 163353096646, 163365766230, 163378518639, 163391092093, 163404049335, 163416672167, 163429375015, 163441985823, 163454540417, 163467586282, 163480020760, 163492946447, 163505724673, 163518367585, 163531113158, 163543706998, 163556359431, 163568831628, 163581934134, 163594519917, 163607348559, 163620052200, 163632437117, 163645334973, 163658002421, 163670624459, 163683144812, 163696366275, 163708912080, 163721696960, 163734503446, 163746813961, 163759688745, 163772369926, 163785136006, 163797808032, 163810639725, 163823318526, 163836068310, 163848736368, 163860768869, 163871010848, 163881331439, 163891664725, 163901842251, 163908641427, 163914282404, 163922879855, 163932702950, 163943958598, 163955032178, 163966518171, 163978491407, 163991773844, 164004690803, 164017986484, 164031029603, 164044204374, 164057447565, 164070579489, 164083760730, 164096776932, 164110015607, 164123087595, 164136267737, 164149311222, 164162455780, 164175520383, 164188859887, 164201768363, 164214711567, 164227319872, 164239966446, 164252676252, 164265436351, 164278086832, 164290832160, 164303419042, 164316122257, 164328868501, 164341326843, 164354484463, 164366979915, 164379712304, 164392400626, 164405153889, 164417796374, 164430661514, 164443374617, 164455857861, 164468621866, 164481221566, 164494120092, 164506813297, 164519600923, 164532089966, 164545015348, 164557587581, 164570472924, 164583193656, 164595911458, 164608634081, 164620992143, 164634030562, 164646585766, 164659301310, 164671836556, 164685018346, 164697634708, 164710349153, 164722861206, 164735891751, 164748490169, 164760914697, 164773901786, 164786429464, 164799146472, 164811701066, 164822672901, 164832833947, 164842448119, 164852766818, 164861140332, 164866196044, 164872758466, 164881980549, 164890866879, 164900592990, 164912180545, 164924594576, 164937598144, 164950782314, 164963848565, 164977022909, 164990217516, 165003406203, 165016652690, 165029778572, 165042984959, 165056054811, 165069300138, 165082371455, 165095494163, 165108418690, 165121764482, 165134739424, 165148061228, 165161187598, 165174199101, 165186784701, 165199411011, 165212148100, 165224884945, 165237525294, 165250265739, 165262828024, 165275737293, 165288480852, 165300843674, 165313929395, 165326383465, 165339427987, 165351931373, 165364890812, 165377452242, 165390037232, 165402799773, 165415594967, 165428361475, 165440772149, 165453474997, 165466356678, 165479016558, 165491521714, 165504627393, 165517341167, 165529981881, 165542717811, 165555606511, 165568154635, 165580598329, 165593517668, 165606242489, 165618981104, 165631326226, 165644515280, 165657011891, 165669884843, 165682470871, 165695265577, 165708001140, 165720582346, 165733184669, 165746039067, 165758759799, 165771230287, 165781504980, 165792014169, 165802692121, 165812916704, 165821203548, 165826166365, 165834840110, 165846372795, 165857520349, 165868494015, 165879866056, 165892085263, 165905442956, 165918488333, 165931660968, 165944723068, 165958046215, 165971170632, 165984286626, 165997630648, 166010558532, 166023814235, 166036886773, 166050213704, 166063441697, 166076528944, 166089879618, 166102637337, 166115470190, 166128108829, 166141029511, 166153619506, 166166407010, 166179162653, 166191562768, 166204573660, 166217081502, 166229956164, 166242695816, 166255356367, 166267926708, 166280523600, 166293545173, 166306092382, 166318906619, 166331623567, 166344230895, 166356908719, 166369832820, 166382716942, 166395293875, 166408103535, 166420681322, 166433176469, 166446356916, 166458807812, 166471706704, 166484201729, 166496917821, 166509629215, 166522330232, 166535091552, 166547774442, 166560594905, 166573235619, 166585937064, 166598815022, 166611552965, 166624432510, 166636971235, 166649824290, 166662348550, 166675182502, 166688026585, 166700552188, 166713405182, 166725986266, 166738769375, 166751522455, 166763995873, 166776949392, 166789658344, 166801131093, 166811534753, 166820043886, 166829337136, 166839856275, 166846105099, 166851055953, 166859908347, 166871180779, 166882276698, 166893770626, 166905813442, 166918866753, 166932054830, 166945052600, 166958377761, 166971531719, 166984586556, 166997906529, 167010803713, 167024104399, 167037315669, 167050271813, 167063309011, 167076519914, 167089825788, 167103170115, 167116097206, 167129425480, 167142369843, 167155159911, 167167856778, 167180449275, 167193173363, 167205894034, 167218741230, 167231367418, 167243983719, 167256605513, 167269437878, 167282314737, 167294840828, 167307411901, 167320413089, 167333065278, 167345908690, 167358509183, 167370887630, 167383930748, 167396550650, 167409299275, 167422048144, 167434426286, 167447495039, 167459975598, 167472817240, 167485504768, 167498169714, 167511141788, 167523825776, 167536414550, 167549081021, 167561694331, 167574591576, 167587358878, 167599578695, 167612811144, 167625289872, 167638123762, 167650833508, 167663083537, 167676325508, 167688913427, 167701530094, 167714190828, 167726835632, 167739699796, 167752171383, 167765066369, 167777837455, 167790667744, 167803376208, 167816078202, 167828791853, 167841481274, 167854127604, 167866912483, 167879781164, 167891993779, 167902327065, 167913040966, 167924355268, 167935686050, 167947246933, 167956869650, 167966243833, 167976788545, 167987209539, 167996836894, 168001999174, 168008210278, 168019384993, 168031254348, 168043992047, 168056967478, 168070265356, 168083256900, 168096583648, 168109533993, 168122875939, 168135945974, 168149168169, 168162279891, 168175531139, 168188612587, 168201829228, 168214907381, 168228141173, 168240977383, 168254193230, 168267279195, 168280479967, 168293024491, 168305730452, 168318284863, 168331099222, 168343663094, 168356421606, 168369079960, 168381893282, 168394558349, 168407240018, 168419805294, 168432821374, 168445418082, 168458110005, 168470491443, 168483632706, 168496014938, 168509183544, 168521814432, 168534535103, 168547133581, 168560283389, 168572781465, 168585825255, 168598389859, 168611210505, 168623808068, 168636582998, 168649062275, 168661938463, 168674671768, 168687520002, 168700084545, 168712814248, 168725418037, 168738275548, 168750996341, 168763610200, 168776347045, 168788998929, 168801627070, 168814388940, 168826957999, 168838903464, 168847614868, 168856984778, 168866187818, 168875421803, 168885874230, 168895891600, 168906364473, 168916586737, 168924703904, 168930001620, 168938997019, 168949805524, 168962654124, 168975677162, 168988837895, 169001757967, 169014748107, 169027959987, 169041018181, 169054375508, 169067311144, 169080690382, 169093516887, 169106862739, 169119946812, 169133145265, 169146251493, 169159593866, 169172763205, 169185893176, 169199240493, 169212009809, 169224747508, 169237287454, 169250048164, 169262579504, 169275344058, 169288054170, 169301112120, 169313718472, 169326466486, 169339050316, 169351867788, 169364493305, 169377081286, 169389958023, 169402452620, 169415459300, 169428031351, 169440792976, 169453505834, 169466191775, 169478875642, 169491392516, 169504206754, 169517054743, 169529708641, 169542246024, 169555423419, 169567924425, 169580842361, 169593566388, 169605988353, 169618811136, 169631444709, 169644204869, 169656935550, 169669501374, 169682190734, 169695185757, 169707708491, 169720635033, 169733112540, 169745987263, 169758542650, 169770993363, 169784203046, 169796760875, 169809825966, 169822196357, 169833840248, 169844253674, 169854406358, 169863240197, 169873332945, 169883039829, 169893897712, 169902961531, 169908122468, 169913859330, 169924475209, 169935982443, 169947435172, 169958642297, 169970959709, 169984268696, 169997200792, 170010547010, 170023506511, 170036796821, 170049854344, 170063043458, 170076022184, 170089353754, 170102457419, 170115692066, 170128797135, 170142129803, 170155256112, 170168465246, 170181666018, 170194707977, 170207727719, 170220277491, 170232984917, 170245602195, 170258342274, 170271112139, 170283842087, 170296518507, 170309267376, 170321712107, 170334645668, 170347043524, 170359934421, 170372745851, 170385499969, 170398173642, 170411151087, 170423799126, 170436433798, 170449171131, 170461795428, 170474515366, 170487456617, 170500031536, 170512511118, 170525436561, 170537838507, 170550911288, 170563474916, 170576209686, 170588623167, 170601687770, 170614081964, 170627240011, 170639955311, 170652672625, 170665375778, 170677852370, 170690628643, 170703567148, 170716274329, 170728623419, 170741605258, 170754304139, 170767012481, 170779289427, 170790026582, 170799960028, 170810497904, 170818382833, 170823555732, 170831518175, 170842835956, 170854465992, 170867172075, 170880135909, 170893308666, 170906353616, 170919644353, 170932752169, 170945850036, 170959113552, 170972085564, 170985016012, 170998275072, 171011588637, 171024928935, 171037880257, 171051223301, 171064175538, 171077501493, 171090353572, 171103141991, 171115700126, 171128479268, 171141116076, 171153785111, 171166551253, 171179007886, 171192066080, 171204529854, 171217454931, 171230157474, 171242496432, 171255626037, 171268267850, 171280979793, 171293776574, 171306061028, 171319169881, 171331526844, 171344575883, 171357289534, 171369896130, 171382356059, 171395100778, 171408151403, 171420618168, 171433314852, 171446061829, 171458762907, 171471513790, 171483884120, 171497038627, 171509508017, 171522467212, 171535028154, 171547341599, 171560549878, 171573037883, 171586200752, 171598758398, 171611575748, 171624161532, 171636587220, 171649537626, 171662211483, 171675162072, 171687700493, 171700242147, 171713160388, 171725671343, 171738542953, 171751263013, 171764077372, 171776523996, 171788708718, 171798841199, 171809318956, 171819074729, 171829350826, 171838842073, 171844143818, 171849706609, 171859168376, 171869453506, 171880906053, 171892677751, 171904862290, 171917991224, 171931200724, 171944227363, 171957574924, 171970528504, 171983872220, 171996987237, 172010135946, 172023206531, 172036384353, 172049753093, 172062748544, 172076082067, 172089247560, 172102368437, 172115750849, 172128586693, 172141429434, 172153807148, 172166654894, 172179275650, 172192063154, 172204783214, 172217411295, 172230126106, 172242878270, 172255875979, 172268484101, 172281291258, 172293860989, 172306424983, 172319447960, 172332145925, 172345001117, 172357699754, 172370402114, 172383090619, 172395568981, 172408657814, 172421315558, 172434184421, 172446723025, 172459608245, 172472110777, 172484966518, 172497608026, 172510276023, 172523320851, 172536062395, 172548778671, 172561275649, 172573819013, 172586887033, 172599493813, 172612165045, 172624945408, 172637545717, 172650296783, 172662788756, 172675762172, 172688442621, 172701136253, 172713910573, 172726321796, 172739271104, 172751807204, 172764990276, 172777662546, 172790307350, 172803051946, 172815132421, 172825349436, 172835666975, 172846486589, 172855896538, 172865808133, 172874910405, 172885740455, 172892378378, 172897339913, 172905988939, 172916968708, 172928039785, 172939158104, 172950680414, 172962487207, 172974178522, 172985104215, 172996933957, 173008276213, 173020439818, 173033422633, 173046754142, 173059809407, 173073046922, 173086118177, 173099474283, 173112407783, 173125767673, 173138732300, 173152081753, 173165173090, 173178377585, 173191504748, 173204837051, 173217998455, 173231207039, 173243917761, 173256518620, 173269230318, 173281849182, 173294605436, 173307390011, 173319966028, 173332779045, 173345460531, 173357768849, 173370979570, 173383217758, 173396395398, 173408991313, 173421798775, 173434503028, 173447390446, 173460039461, 173473147033, 173485676786, 173498581294, 173511314049, 173523838004, 173536559163, 173549186450, 173562021561, 173574640669, 173587397900, 173599952921, 173612984199, 173625619299, 173638294132, 173650963594, 173663826964, 173676415311, 173689309077, 173702045128, 173714594413, 173727344441, 173739767932, 173752819107, 173765089217, 173778229015, 173790796854, 173801855420, 173812257004, 173822945698, 173829171573, 173834189687, 173845186424, 173856577814, 173868093775, 173881152031, 173894463215, 173907561570, 173920650953, 173933905741, 173946968207, 173960272800, 173973218934, 173986582120, 173999823236, 174012854330, 174026202441, 174039185806, 174052538250, 174065610604, 174078644689, 174091276615, 174104121186, 174116714660, 174129523282, 174142214167, 174154831994, 174167589102, 174180287556, 174193230760, 174205901016, 174218593977, 174231297008, 174243854715, 174256854682, 174269519811, 174282390872, 174295122773, 174307933165, 174320529019, 174333048213, 174345789025, 174358663381, 174371554645, 174384216233, 174396869888, 174409753277, 174422160228, 174435199623, 174447736273, 174460777134, 174473393556, 174486023041, 174499057858, 174511110928, 174524312493, 174536542626, 174549782460, 174562576067, 174575330124, 174587787856, 174600671063, 174613200877, 174625776833, 174638985967, 174651585910, 174664339235, 174677123748, 174689555051, 174702518824, 174715089532, 174728196615, 174740769093, 174753553972, 174766165390, 174778494277, 174788816150, 174799379843, 174809999872, 174820657804, 174831092653, 174838658979, 174843920440, 174852872504, 174864125405, 174875477610, 174887186137, 174898410047, 174911486551, 174924707831, 174937770725, 174950992798, 174964102261, 174977297479, 174990596578, 175003708666, 175016961257, 175030002666, 175043343147, 175056636875, 175069849122, 175083202725, 175096297846, 175109419089, 175122111073, 175134878863, 175147504624, 175160203016, 175172979595, 175185566782, 175198301613, 175211058782, 175224065280, 175236632936, 175249448393, 175262003903, 175274755213, 175287578057, 175300143698, 175313014271, 175325674395, 175337859178, 175351030714, 175363700237, 175376588144, 175389149635, 175401530341, 175414641208, 175427242799, 175440266264, 175452817197, 175465271632, 175478292839, 175490672080, 175503548329, 175516178607, 175528886826, 175541773085, 175553954267, 175567250619, 175579563088, 175592591924, 175605108311, 175617987855, 175630692840, 175643119627, 175656249354, 175668879266, 175681685873, 175694386341, 175706703021, 175719815231, 175732430861, 175744985455, 175758022592, 175770364174, 175783375066, 175796005161, 175808827088, 175821250885, 175833431396, 175843586948, 175854311042, 175864985209, 175875013503, 175884200003, 175894179043, 175903892031, 175909002918, 175913987036, 175923966625, 175935106306, 175946419143, 175958054368, 175971391308, 175984304605, 175997620306, 176010738681, 176023752319, 176037053860, 176050153863, 176063386068, 176076513598, 176089475845, 176102545941, 176115733102, 176129011022, 176142184817, 176155404631, 176168518184, 176181771812, 176194880910, 176207650286, 176220530380, 176233073500, 176245893474, 176258491098, 176271179481, 176283887945, 176296456699, 176309479798, 176321901275, 176334985654, 176347339809, 176360325005, 176372694297, 176385589162, 176398366595, 176410603685, 176423726332, 176436117902, 176449340524, 176461684853, 176474553595, 176487146824, 176499817019, 176512745208, 176525034056, 176538199489, 176550325984, 176563586814, 176575951467, 176587890524, 176599669851, 176612975359, 176625924301, 176639281872, 176650815289, 176661084001, 176671419912, 176682208947, 176688838080, 176694054620, 176702105563, 176711279856, 176722592999, 176733682692, 176746243573, 176759152903, 176772490088, 176785597659, 176798719635, 176811935788, 176824978601, 176838338857, 176851544695, 176864525558, 176877447705, 176890507852, 176903716558, 176917109285, 176929881775, 176943205532, 176956482048, 176969758259, 176982499072, 176995138993, 177007885115, 177020493054, 177033325357, 177045905709, 177058353125, 177071458194, 177084189058, 177096881469, 177109653653, 177121861630, 177135028222, 177147725821, 177160273641, 177173069262, 177185249773, 177198544661, 177211172558, 177223719706, 177236384530, 177249191992, 177262153629, 177274950227, 177287362061, 177300227811, 177312521847, 177325526880, 177338260063, 177350815695, 177363752551, 177376255449, 177389062240, 177401834302, 177414274517, 177427437935, 177439931983, 177452617009, 177465316988, 177477494020, 177490831816, 177503408505, 177516171167, 177528769646, 177541364340, 177554592761, 177567097612, 177579812423, 177592442823, 177605131023, 177617975716, 177630724341, 177643385319, 177656020907, 177668557008, 177681368742, 177694297420, 177706528285, 177719645378, 177732330892, 177744017386, 177755072533, 177766049251, 177776787810, 177787088748, 177797563147, 177807474377, 177812858823, 177819557781, 177830892285, 177843803141, 177856800972, 177870004917, 177883100587, 177896269621, 177909354670, 177922677878, 177935622364, 177948940811, 177962044660, 177975260324, 177988397864, 178001747805, 178015087920, 178028244624, 178041544883, 178054523549, 178067277117, 178079971970, 178092667311, 178105310833, 178118044749, 178130797829, 178143411017, 178156081272, 178168810976, 178181405853, 178194006224, 178206862453, 178219649042, 178231915551, 178245165334, 178257440876, 178270579697, 178282994277, 178296192791, 178308664561, 178321560463, 178334039740, 178346940525, 178359618410, 178372475860, 178385093992, 178397664699, 178410388422, 178423240256, 178435890981, 178448250141, 178461328721, 178473315934, 178486568646, 178498923351, 178512033547, 178524482246, 178537444737, 178549943179, 178563059601, 178575638487, 178588421840, 178601084406, 178613980857, 178626517873, 178638961323, 178651802232, 178663414690, 178674316945, 178683483914, 178692441105, 178703249061, 178713754283, 178723663071, 178729176424, 178733918843, 178744772148, 178756358422, 178768183404, 178780836204, 178794143482, 178807083817, 178820406537, 178833428659, 178846358985, 178859719303, 178872651765, 178886053464, 178898885279, 178912247977, 178925340289, 178938573654, 178951661938, 178964916238, 178978130315, 178991366976, 179004488158, 179017295376, 179029850459, 179042569298, 179055206107, 179067929585, 179080576769, 179093400955, 179105934920, 179118682202, 179131361246, 179143863839, 179157041906, 179169450809, 179182394319, 179195119994, 179207868069, 179220369868, 179233203637, 179245846305, 179258233602, 179271371264, 179283731889, 179296915998, 179309328747, 179322219339, 179334733711, 179347625524, 179360202701, 179372990327, 179385626342, 179398384611, 179411104732, 179423600855, 179436696097, 179448987630, 179462107897, 179474775345, 179487490645, 179500203014, 179512959757, 179525493904, 179538386571, 179550953129, 179563444857, 179576453002, 179588808562, 179601945796, 179614352564, 179624019226, 179633136939, 179644168588, 179654652265, 179665122270, 179673944635, 179683044648, 179692125069, 179702361432, 179712520525, 179722607780, 179728047158, 179734067894, 179745191584, 179756654140, 179768052243, 179780518825, 179793686028, 179806906514, 179820041185, 179833042555, 179846388224, 179859404121, 179872572728, 179885817750, 179898974577, 179912153437, 179925415732, 179938525135, 179951602982, 179964965497, 179978010507, 179991304113, 180004573855, 180017406830, 180030291074, 180042869960, 180055478387, 180068179344, 180080908681, 180093576007, 180106266526, 180119043837, 180131656232, 180144443614, 180157251198, 180169908942, 180182803501, 180195111941, 180208196563, 180220891294, 180233150357, 180246387750, 180258844078, 180271258658, 180284344257, 180297068467, 180309434158, 180322658245, 180334995982, 180348009926, 180360801580, 180372566687, 180382854258, 180393315291, 180402862752, 180408339239, 180415756213, 180427316913, 180438464101, 180449952780, 180462878895, 180476145340, 180489222394, 180502617135, 180515494239, 180528904910, 180541882843, 180555301754, 180568212854, 180581620900, 180594724199, 180607992354, 180621128612, 180634407813, 180647532536, 180660279634, 180672950684, 180685680876, 180698293392, 180711007898, 180723740104, 180736411642, 180749239795, 180761820207, 180774589706, 180787302320, 180799986186, 180812398508, 180825437354, 180838133610, 180850753390, 180863495606, 180876250639, 180888826596, 180901614039, 180914336967, 180927101339, 180939636891, 180952481584, 180965137558, 180977813917, 180990626811, 181003259897, 181015951942, 181028703740, 181041370517, 181054141724, 181066747344, 181079538327, 181092236109, 181104914849, 181117640707, 181130286122, 181143029497, 181155702744, 181168405958, 181181200908, 181193784922, 181206511696, 181219005194, 181230677649, 181240602062, 181250027881, 181260261985, 181270742244, 181280860748, 181291003606, 181300069012, 181305363127, 181311077712, 181322111680, 181333782549, 181345402453, 181358285294, 181371584698, 181384794931, 181397917700, 181411153750, 181424230804, 181437627803, 181450605614, 181463966603, 181477298051, 181490319136, 181503731638, 181516698463, 181530074405, 181543202789, 181556456723, 181569759850, 181582533255, 181595305805, 181607868944, 181620609757, 181633246809, 181646111461, 181658660196, 181671517524, 181684226842, 181696919986, 181709649140, 181722223205, 181734997098, 181747666682, 181760720726, 181773180228, 181786095295, 181798816759, 181811215104, 181824205122, 181836887157, 181849647561, 181862313117, 181875194920, 181887768069, 181900562470, 181913222777, 181925539640, 181938730280, 181951409447, 181964075247, 181976708698, 181989404345, 182002275711, 182014727339, 182027818065, 182040532693, 182053169867, 182065886632, 182078384036, 182091321137, 182103609741, 182116816189, 182129432001, 182142172752, 182154964407, 182167128072, 182180430467, 182192704667, 182205698347, 182218400524, 182230996988, 182243783943, 182255613624, 182265465467, 182274535634, 182285067711, 182295688473, 182303208900, 182308424097, 182318311889, 182330030243, 182341609132, 182353320955, 182365573487, 182378892605, 182392149468, 182405236227, 182418478258, 182431588027, 182444897930, 182458147224, 182471048131, 182484238161, 182497346282, 182510676020, 182523927146, 182536989125, 182550207291, 182563340131, 182576409678, 182589084450, 182601661994, 182614423130, 182627113406, 182639925079, 182652570860, 182665050625, 182678222528, 182690655418, 182703572499, 182716063678, 182728621569, 182741405532, 182754205548, 182766987681, 182779221170, 182792224372, 182805201512, 182817850283, 182830573578, 182843140257, 182855815030, 182868882135, 182881556602, 182895540453, 182908218643, 182920901533, 182933712474, 182946437051, 182959183844, 182971898656, 182984486392, 182997674713, 183010174620, 183022869289, 183035554926, 183048142845, 183061176564, 183073673542, 183086270372, 183099053298, 183111750104, 183124558360, 183137203347, 183149739997, 183162630040, 183175354251, 183187716463, 183200964170, 183213412930, 183226382684, 183238970665, 183251519644, 183264326618, 183277150560, 183290139479, 183302934307, 183315175792, 183328213112, 183340932684, 183351388651, 183362034742, 183373055221, 183384434404, 183397203109, 183409932691, 183422843851, 183435555794, 183448304418, 183461083744, 183473891572, 183486595153, 183499500699, 183512299311, 183525143150, 183537292960, 183547823024, 183558153014, 183567844579, 183573929036, 183580093571, 183591472997, 183602746772, 183614334084, 183627242498, 183640472933, 183653918455, 183666890773, 183680149833, 183693479145, 183706520860, 183719957043, 183733016397, 183746293585, 183759627779, 183772693420, 183786086513, 183799057000, 183812467976, 183825239122, 183837855057, 183850550154, 183863190502, 183875920145, 183888659492, 183901341345, 183914082584, 183926527193, 183939580871, 183952108488, 183964725338, 183977684045, 183990279899, 184002960469, 184015675891, 184028499649, 184041037581, 184053584058, 184066681864, 184079205696, 184091893225, 184104654606, 184117409151, 184130244445, 184142954984, 184155192196, 184168423852, 184180964225, 184193742268, 184206523181, 184218567705, 184231894820, 184244371655, 184257321390, 184269935372, 184282341834, 184295607425, 184308233614, 184320732239, 184333477567, 184346010128, 184359008935, 184371843192, 184384349324, 184397180957, 184409583391, 184422551924, 184435155713, 184447830668, 184460641121, 184473225928, 184486101444, 184498754366, 184511061463, 184524322965, 184536997615, 184549402430, 184562087883, 184574994771, 184587863208, 184600671769, 184612603379, 184623995989, 184634590932, 184645602440, 184656607783, 184667755887, 184679044981, 184690408050, 184702043030, 184714689787, 184727592220, 184740423974, 184753191642, 184765912435, 184778709460, 184791590897, 184804352766, 184817218639, 184830071572, 184842790900, 184853021403, 184863710951, 184874269457, 184884600912, 184892358949, 184897843676, 184906820521, 184918031064, 184930052029, 184942112789, 184955440392, 184968459890, 184981863298, 184994999067, 185008245921, 185021388526, 185034737003, 185047800019, 185060976560, 185074343286, 185087398367, 185100851641, 185113926192, 185127358042, 185140553260, 185153296697, 185165839878, 185178530336, 185191292144, 185204027524, 185216670802, 185229325860, 185242124655, 185254675343, 185267796953, 185280213791, 185293045240, 185305674053, 185318391611, 185331113197, 185343826727, 185356690585, 185369272584, 185382083404, 185394675901, 185407512599, 185420136407, 185432913718, 185445487477, 185458556474, 185470840378, 185483898084, 185496618999, 185509163400, 185522029456, 185534678960, 185547445407, 185560088441, 185572853606, 185585507321, 185598213404, 185610929558, 185623565696, 185636354908, 185649155535, 185661484788, 185672001607, 185682327142, 185692430998, 185701459844, 185711631205, 185721932570, 185730075127, 185735658060, 185744266680, 185756171618, 185767810688, 185779316212, 185791674579, 185805022812, 185818404430, 185831373940, 185844748662, 185857750887, 185871100767, 185884381922, 185897504264, 185910886859, 185924183395, 185937247204, 185950737771, 185963821538, 185977104524, 185990370726, 186003156521, 186015868158, 186028483787, 186041181326, 186053880329, 186066548387, 186079330520, 186091852094, 186104797984, 186117465249, 186130273627, 186142822362, 186155349673, 186168336640, 186180991331, 186193746853, 186206408259, 186219092186, 186231867544, 186244516071, 186257298936, 186270065017, 186282667158, 186295717478, 186308468544, 186320867011, 186333779392, 186346268435, 186359344635, 186372066343, 186384113675, 186397477044, 186409914635, 186422845510, 186435502765, 186447703600, 186460993117, 186473487165, 186486336985, 186499063332, 186511393257, 186524492649, 186537120058, 186549587434, 186562696958, 186575063687, 186588112665, 186600714927, 186613245962, 186626127033, 186638861131, 186651574050, 186664367291, 186676677563, 186689823647, 186702371222, 186715269566, 186727804019, 186740030184, 186753227721, 186765858548, 186777414915, 186786433629, 186797323677, 186809009438, 186820796822, 186832484781, 186844067454, 186856516275, 186869592047, 186882462436, 186895556519, 186908785306, 186922015069, 186935004477, 186947983142, 186961044144, 186974096357, 186987134409, 187000015663, 187012889531, 187025721408, 187038424317, 187051112212, 187063696652, 187076346217, 187089218804, 187101962729, 187114587818, 187127203692, 187139961838, 187152796583, 187165401043, 187178006601, 187190942787, 187203642034, 187216294040, 187228771181, 187241760100, 187254487485, 187267057033, 187279678643, 187292489951, 187305295521, 187317691058, 187330091844, 187340491171, 187350893061, 187361834317, 187372278443, 187382898655, 187389402484, 187394414556, 187404716531, 187415949291, 187429120644, 187442238347, 187455464143, 187468681150, 187481944849, 187495237906, 187508381305, 187521305710, 187534496350, 187547723001, 187560968329, 187574173373, 187587412414, 187600660121, 187613862175, 187626977681, 187640058092, 187652654495, 187665403547, 187678039562, 187690781595, 187703388618, 187716160070, 187728887637, 187741558137, 187754351989, 187767033475, 187779711726, 187792397912, 187805002006, 187817736958, 187830498217, 187843186783, 187855798506, 187868765392, 187881284098, 187893803231, 187906832616, 187919336552, 187932216829, 187944708191, 187957698392, 187970238887, 187982969323, 187995884329, 188008288961, 188018648614, 188029117277, 188039632264, 188049970434, 188055503989, 188060019846, 188069192980, 188080514728, 188091866872, 188103322043, 188114840385, 188126683006, 188138451530, 188151083578, 188164431383, 188177446548, 188190793681, 188204112373, 188217304295, 188230629517, 188243811246, 188257144037, 188270249777, 188283512804, 188296568069, 188309615521, 188322732980, 188336115575, 188349027651, 188361727692, 188374291014, 188387258511, 188399712885, 188412667991, 188425357412, 188438010029, 188450723009, 188463513931, 188476037946, 188489004283, 188501603555, 188513940559, 188527015294, 188539397403, 188552545624, 188565187926, 188577992458, 188590623285, 188603495750, 188615902518, 188628901996, 188641381517, 188654239944, 188666893110, 188679454479, 188692191751, 188704709663, 188717853734, 188730477481, 188743113129, 188755957945, 188768558804, 188781117671, 188793919701, 188806482047, 188819461933, 188832101305, 188844391740, 188857656965, 188869863598, 188883055520, 188895598396, 188908367284, 188921093631, 188933690156, 188946462279, 188958117950, 188967441229, 188976141219, 188986192829, 188996515862, 189004523288, 189009813863, 189019658686, 189030919521, 189042329954, 189053828643, 189067145686, 189079956444, 189093223683, 189106303057, 189119657698, 189132718333, 189146109900, 189159168034, 189172551361, 189185732663, 189198999291, 189212168813, 189225460772, 189238642317, 189252072703, 189265064186, 189277881231, 189290434116, 189303133180, 189315895843, 189328627683, 189341292628, 189354000543, 189366738547, 189379468007, 189392005755, 189404692857, 189417555373, 189430096539, 189443085947, 189455639443, 189468386968, 189480993931, 189493501833, 189506538238, 189519187253, 189531687649, 189544677972, 189557070091, 189570112904, 189582735003, 189595480759, 189607959792, 189621179241, 189633454173, 189646480568, 189659157720, 189671639317, 189684318972, 189697368743, 189709914365, 189722647670, 189735041254, 189748286643, 189760678640, 189773574175, 189786141953, 189798688552, 189810843916, 189821068927, 189831361320, 189842014735, 189849366157, 189854587152, 189862731845, 189873753607, 189885281531, 189896938117, 189908681557, 189920463570, 189932403359, 189944154549, 189956738440, 189969679386, 189983058380, 189996134580, 190009383569, 190022760305, 190035708453, 190049069930, 190062206371, 190075420082, 190088829350, 190101765291, 190115159666, 190128472376, 190141583182, 190154142354, 190166798022, 190179434220, 190192181258, 190204917737, 190217732889, 190230419747, 190242990820, 190255631901, 190268472323, 190280784852, 190293856474, 190306612728, 190319379785, 190331883537, 190344706014, 190357101612, 190370230058, 190382808822, 190395533582, 190408273051, 190420659067, 190433940344, 190446398137, 190459362581, 190471914978, 190484396147, 190497454158, 190510004724, 190522702751, 190535480611, 190548275683, 190560931718, 190573527389, 190586312451, 190599029216, 190611738045, 190624597998, 190637237065, 190649821139, 190662810913, 190675098357, 190688088985, 190700686060, 190713331535, 190726355367, 190739001880, 190751580949, 190764346969, 190776922437, 190789792094, 190802465401, 190815257178, 190827811528, 190840420321, 190853247437, 190866095793, 190878692562, 190891443506, 190904001640, 190915775353, 190926980463, 190937877958, 190949659116, 190962629176, 190975292779, 190988173727, 191001127185, 191013943131, 191026748702, 191039520336, 191052502420, 191065297065, 191077847936, 191090724978, 191103607209, 191116404417, 191129286891, 191142080987, 191154967490, 191167641102, 191180307818, 191193143234, 191205768324, 191218341107, 191231177011, 191242839823, 191252063738, 191262267264, 191272824488, 191283195799, 191289207686, 191293808748, 191304043524, 191315049355, 191328423161, 191341472017, 191354738768, 191367814906, 191381035392, 191394179890, 191407381638, 191420700208, 191433883707, 191447131170, 191460200046, 191473227295, 191486328336, 191499548883, 191512725058, 191526066698, 191539156325, 191552068829, 191564603221, 191577368447, 191590092535, 191602691014, 191615330264, 191628086335, 191640803831, 191653318082, 191666518304, 191678989830, 191691811880, 191704523517, 191717073900, 191729742019, 191742559491, 191755269420, 191767533121, 191780737250, 191793249547, 191806055789, 191818866120, 191831324340, 191844075650, 191856953058, 191869401208, 191881817619, 191895021137, 191907688097, 191920516860, 191933165082, 191945835155, 191958306009, 191971295539, 191983797094, 191996220463, 192009467560, 192021845764, 192034777859, 192047635920, 192060285973, 192072854483, 192085841205, 192098371813, 192110815995, 192123852338, 192136263928, 192149044779, 192161861763, 192174669591, 192187309634, 192198178564, 192208374766, 192217480639, 192227548423, 192236604979, 192247050509, 192256065806, 192261331540, 192268405191, 192279461742, 192290885480, 192302706068, 192313583481, 192325646255, 192337248093, 192348847429, 192361593551, 192374931163, 192388178932, 192401252446, 192414617036, 192427578001, 192440897975, 192454148063, 192467274677, 192480493881, 192493765576, 192507102212, 192520506902, 192533471529, 192546866758, 192559887843, 192572691766, 192585237571, 192597933400, 192610698809, 192623219590, 192636112685, 192648561505, 192661414134, 192674200356, 192687015509, 192699697117, 192712200991, 192724810944, 192737669126, 192750484951, 192763013849, 192775838157, 192788484304, 192801281024, 192814087876, 192826619460, 192839626080, 192852241038, 192865153846, 192877786810, 192890355564, 192903117739, 192915912750, 192928684507, 192941228115, 192954019097, 192966646873, 192979392201, 192992164813, 193004809983, 193017619765, 193030309979, 193042836558, 193055592080, 193068645025, 193080715184, 193093888368, 193106507171, 193119333616, 193131853603, 193144291621, 193157456809, 193170168874, 193182928363, 193195781113, 193208219130, 193221264263, 193233802866, 193246346962, 193259207220, 193271968662, 193284738954, 193297215179, 193309976438, 193318918005, 193328142590, 193339240768, 193351908277, 193362581650, 193373101582, 193383290521, 193393506009, 193401962348, 193407716605, 193415081455, 193426657536, 193437989416, 193449197578, 193462275365, 193475554567, 193488713163, 193501956965, 193514981773, 193528498889, 193541579300, 193554947186, 193568024850, 193581399388, 193594632936, 193607848906, 193621307123, 193634487143, 193647922106, 193660928909, 193673905377, 193686551524, 193699140176, 193711897345, 193724465123, 193737289004, 193749797517, 193762708433, 193775448452, 193787925715, 193800694664, 193813376517, 193826012043, 193838667284, 193851720291, 193864445661, 193877079295, 193889803506, 193902293281, 193914980016, 193927990054, 193940517915, 193953102416, 193965899747, 193978702815, 193991458947, 194003771476, 194016974872, 194029352526, 194042294754, 194055019392, 194067617016, 194080408792, 194093209052, 194105842565, 194118726931, 194131424531, 194144060851, 194156695096, 194169593683, 194181996911, 194194934439, 194207607990, 194219983752, 194233039993, 194245474410, 194258535716, 194271101602, 194282099865, 194291206592, 194300086086, 194308964115, 194319148354, 194329780529, 194336982354, 194342292155, 194352233047, 194363791917, 194375956864, 194389156049, 194402204721, 194415534521, 194428776064, 194442149504, 194455172298, 194468577964, 194481746693, 194495025589, 194508199506, 194521499338, 194534626379, 194547816531, 194561064544, 194574276546, 194587676231, 194600421316, 194613064838, 194625808275, 194638538589, 194651134016, 194663739940, 194676698892, 194688938240, 194702139134, 194714471012, 194727469330, 194740106322, 194752704617, 194765622126, 194778328392, 194790943777, 194803575398, 194816477159, 194828737382, 194841928205, 194854229016, 194867355081, 194879758735, 194892637059, 194905306705, 194918009492, 194930798705, 194943350797, 194956373285, 194968776208, 194981537894, 194993919210, 195007130052, 195019441727, 195032473127, 195044937329, 195057684183, 195070575569, 195083057592, 195094512702, 195104464703, 195114845902, 195122928401, 195128539654, 195137162190, 195148734426, 195162082537, 195175099105, 195188518077, 195201689369, 195214959721, 195228105256, 195241361020, 195254563135, 195267776846, 195281160174, 195294519087, 195307764171, 195320942420, 195334246219, 195347328156, 195360080016, 195372780728, 195385387690, 195397879235, 195410624991, 195423464985, 195436255297, 195448716996, 195461725141, 195474312816, 195487224404, 195499831428, 195512593663, 195525394290, 195537767183, 195550863646, 195563406949, 195576092341, 195588715661, 195601381034, 195613973714, 195627130662, 195639647415, 195652424909, 195665159984, 195677867288, 195690538398, 195703312718, 195715924136, 195728650849, 195741304687, 195753661039, 195766810847, 195779175561, 195792285940, 195804517415, 195817652025, 195830092728, 195843105451, 195855696178, 195868360819, 195880944710, 195893734472, 195906336918, 195919057711, 195931850341, 195944419218, 195957468074, 195970160302, 195982751090, 195995598530, 196006808279, 196017455408, 196027630980, 196036542883, 196046707042, 196056767807, 196067050801, 196076311825, 196085831331, 196091155231, 196097300479, 196108684056, 196119856147, 196130860696, 196142170299, 196155421913, 196168474430, 196181676057, 196195014280, 196208247888, 196221545401, 196234775164, 196248154036, 196261172618, 196274548256, 196287685978, 196300981476, 196314123838, 196327529626, 196340577628, 196353865557, 196366891342, 196379909070, 196392429301, 196405155282, 196417870826, 196430492620, 196443173556, 196455891114, 196468607390, 196481268552, 196493897792, 196506773125, 196519419150, 196532207874, 196544826311, 196557924544, 196570290418, 196583018840, 196595860238, 196608307899, 196621383916, 196633739841, 196646583314, 196659322783, 196671909726, 196684915613, 196697546806, 196709886619, 196722961231, 196735245868, 196748493026, 196760636367, 196773801860, 196786210032, 196799104896, 196811747320, 196824442905, 196837038271, 196850175200, 196862614865, 196875671412, 196888158928, 196900888571, 196913679371, 196926265703, 196938881028, 196950696183, 196961523426, 196971480065, 196981687742, 196990130286, 196995233728, 197001539436, 197012550212, 197023953686, 197035659588, 197046707473, 197058729720, 197069998734, 197081413561, 197093082354, 197104912280, 197116615619, 197127870961, 197139983845, 197151353079, 197163225729, 197176354846, 197189748549, 197202785076, 197216173470, 197229159581, 197242558961, 197255553740, 197268933771, 197282115561, 197295342823, 197308522659, 197321887188, 197335131051, 197347866980, 197360693485, 197373359957, 197386080810, 197398692839, 197411386898, 197423927637, 197436858940, 197449555135, 197462244068, 197474676470, 197487859847, 197500443067, 197513194560, 197526051277, 197538663245, 197551394352, 197564197847, 197576706787, 197589596403, 197602023556, 197614805384, 197627352837, 197640070456, 197652925891, 197665630083, 197678525191, 197691222607, 197703980998, 197716657601, 197729418127, 197742044926, 197754754793, 197767448364, 197780173429, 197792714962, 197805479212, 197818176933, 197830811789, 197843797473, 197856446855, 197869299605, 197881879163, 197894681010, 197907266183, 197918984353, 197929477002, 197939785265, 197948608911, 197953906322, 197959957576, 197969032016, 197979151192, 197990532754, 198003755987, 198016911898, 198030284667, 198043256740, 198056638664, 198069765706, 198082977708, 198096307813, 198109361124, 198122740668, 198135519322, 198148889954, 198161889066, 198175277704, 198188454428, 198201681201, 198214868667, 198227487592, 198240162669, 198252915017, 198265484565, 198278240697, 198290891055, 198303313753, 198316535704, 198329060574, 198341803950, 198354490807, 198367200979, 198379912678, 198392538561, 198405322708, 198418013105, 198430695080, 198443365335, 198456384040, 198468708837, 198481736697, 198494402619, 198506914428, 198519767178, 198532248103, 198545173424, 198557624259, 198570617634, 198583006457, 198595991592, 198608699324, 198621305004, 198634096842, 198646580147, 198659619420, 198672315738, 198685088654, 198697695556, 198710402066, 198723049373, 198735784814, 198748389457, 198760931295, 198774099962, 198786664749, 198799662824, 198812129772, 198825059182, 198837697700, 198849984717, 198863195254, 198875587129, 198886666385, 198896967323, 198907203320, 198916972216, 198926445397, 198936844602, 198946119358, 198951610738, 198958031132, 198969060462, 198980655342, 198992055520, 199003206431, 199015652200, 199028844854, 199042184847, 199055198852, 199068521267, 199081716118, 199094950703, 199108129014, 199121377516, 199134556254, 199147812506, 199161018161, 199174395385, 199187460598, 199200861016, 199213888936, 199227148973, 199239809402, 199252338118, 199265120678, 199277817728, 199290419014, 199302970984, 199316090945, 199328576570, 199341582823, 199353825895, 199366949397, 199379484033, 199392087516, 199404958699, 199417496203, 199430486893, 199442789535, 199455766918, 199468368510, 199481325874, 199494097997, 199506508671, 199519241121, 199532149718, 199544825589, 199557619319, 199570340111, 199582985709, 199595647236, 199608328723, 199621051407, 199634019086, 199646442028, 199659422220, 199671970283, 199684584448, 199697311649, 199710206330, 199722562134, 199735720059, 199747580197, 199757967194, 199766822946, 199777175092, 199787590715, 199796748894, 199806158721, 199816036260, 199825136578, 199835007036, 199841209657, 199846460254, 199855960047, 199866642026, 199879000759, 199892391838, 199905331319, 199918671800, 199931995985, 199945266947, 199958535712, 199971595371, 199984964355, 199998135952, 200011251824, 200024658406, 200037598986, 200050966200, 200064222453, 200077362495, 200090538365, 200103681458, 200117020597, 200129733088, 200142457604, 200155033927, 200167623006, 200180480151, 200193134965, 200205899092, 200218570569, 200231220744, 200244129524, 200256869726, 200269565860, 200282203828, 200294814087, 200307780545, 200320410762, 200332891992, 200345942984, 200358681721, 200371363573, 200384039749, 200396450423, 200409556347, 200422192972, 200434873543, 200447628637, 200460078251, 200472862032, 200485643982, 200498093107, 200511187861, 200523714136, 200536689505, 200549426960, 200561799243, 200574628068, 200587430830, 200600174755, 200612685587, 200625400765, 200638155066, 200650871647, 200663526949, 200676340210, 200688920805, 200701768001, 200714378381, 200727247306, 200739959065, 200752108143, 200765401566, 200777893966, 200790785595, 200803535929, 200816146981, 200829131750, 200841737125, 200854097445, 200867145446, 200879790372, 200890974670, 200901611728, 200912858647, 200924023902, 200935310921, 200947638648, 200959865302, 200970222270, 200980706557, 200991126086, 200997365206, 201002661152, 201013120353, 201024176355, 201035507381, 201047266933, 201059169369, 201071590602, 201084986075, 201097992084, 201111329697, 201124618725, 201137683938, 201151121221, 201164119356, 201177367186, 201190749110, 201203731560, 201217136005, 201230168992, 201243426343, 201256815835, 201269751105, 201282471715, 201294962222, 201307865815, 201320573912, 201333230313, 201345983271, 201358531701, 201371377615, 201384048481, 201396658556, 201409445633, 201422161481, 201434898082, 201447722268, 201460081123, 201473205967, 201485805972, 201498618073, 201511286742, 201523608854, 201536701349, 201549335594, 201562145681, 201574756855, 201587308886, 201600134842, 201612923017, 201625475353, 201638045572, 201650638375, 201663855443, 201676212833, 201689153047, 201701654662, 201714384916, 201727278925, 201739959008, 201752504935, 201765202595, 201777918444, 201790800613, 201803518659, 201815762586, 201828971536, 201841676460, 201854372960, 201867146487, 201879234835, 201892512755, 201905020963, 201917938899, 201930676476, 201942708123, 201956018269, 201968704699, 201981105485, 201993904952, 202006776013, 202019524454, 202032409492, 202043913674, 202052844376, 202063315236, 202074551169, 202086563467, 202099169941, 202111172352, 202121960532, 202130818786, 202141360080, 202151708076, 202161957561, 202170521504, 202179697994, 202187809607, 202192694299, 202200796634, 202211915990, 202223057319, 202234636147, 202247808782, 202261014009, 202274447752, 202287316310, 202300678642, 202314027729, 202327018113, 202340471264, 202353373026, 202366730108, 202380125643, 202393141051, 202406536464, 202419480889, 202432833027, 202445809191, 202458873976, 202472134807, 202485021431, 202497949621, 202510471623, 202523250460, 202535814942, 202548470549, 202561562129, 202574260949, 202586841849, 202599674947, 202612161304, 202625272903, 202637751448, 202650489758, 202663129557, 202675817391, 202688480933, 202701269718, 202714094148, 202726562927, 202739447538, 202752156307, 202764783288, 202777159355, 202790345662, 202803093127, 202815575151, 202828242660, 202840954297, 202853791300, 202866510689, 202879219702, 202891884526, 202904746980, 202917570617, 202930050810, 202942630245, 202955556421, 202968365836, 202980913839, 202993488636, 203005986467, 203019287031, 203031843213, 203044538493, 203057056222, 203069718116, 203082745731, 203095547273, 203107802674, 203120881803, 203133544307, 203146294763, 203159182792, 203171489584, 203184471240, 203197250016, 203209949812, 203222676831, 203234622784, 203245407424, 203256756455, 203266514792, 203276875483, 203286626008, 203296355902, 203306667216, 203317625501, 203328404770, 203333985384, 203338645162, 203349456169, 203360876916, 203372683466, 203385183190, 203398513905, 203411534318, 203424876936, 203438099375, 203451421484, 203464732119, 203477773895, 203491152645, 203504154015, 203517524831, 203530637834, 203543922529, 203557052989, 203570279334, 203583436039, 203596804535, 203609692136, 203622327968, 203635020074, 203647803550, 203660432119, 203673145770, 203685814744, 203698505630, 203711170819, 203723776195, 203736762001, 203749185065, 203762079930, 203774863894, 203787670257, 203800303892, 203813034328, 203825782220, 203838091088, 203851126699, 203863653888, 203876275987, 203888989639, 203901854230, 203914637095, 203927546059, 203940174994, 203952955112, 203965465456, 203978359588, 203990729735, 204003661282, 204016239618, 204028665917, 204041857778, 204054188557, 204067155992, 204079950637, 204092663373, 204105339976, 204118053079, 204130523078, 204143516392, 204156123294, 204168394014, 204181649778, 204193961148, 204206979914, 204219703270, 204229780881, 204239124363, 204249853034, 204260758768, 204269717119, 204279976126, 204288131562, 204293403948, 204302060847, 204313585171, 204325782405, 204339082481, 204352199940, 204365447465, 204378505048, 204391870737, 204404840186, 204417951237, 204431199921, 204444308774, 204457663476, 204470927602, 204484068438, 204497313765, 204510526866, 204523663734, 204537118168, 204549952425, 204562592956, 204575305753, 204588055232, 204600685632, 204613517814, 204626043843, 204638723926, 204651780716, 204664383894, 204676832105, 204689650553, 204702527412, 204715178198, 204727706974, 204740348482, 204753162842, 204766052518, 204778595089, 204791385339, 204803734307, 204816757589, 204829347095, 204842341508, 204855030684, 204867356763, 204880324137, 204892995797, 204905563697, 204918458195, 204931157320, 204943914001, 204956509794, 204969083371, 204981890833, 204994775016, 205007287496, 205020033985, 205032759477, 205045535751, 205058265882, 205070861125, 205083767769, 205096264564, 205109125737, 205121731722, 205134524719, 205147007598, 205159824948, 205172712732, 205185386955, 205198093160, 205210697376, 205223274797, 205236336349, 205248880262, 205261264874, 205274464852, 205287148474, 205299821599, 205312519808, 205324611818, 205335814243, 205346928473, 205358261390, 205369487375, 205380786723, 205391964978, 205404468242, 205417177866, 205430028724, 205442910527, 205455805757, 205468556945, 205481470853, 205494282099, 205507201683, 205520096364, 205532884906, 205545778244, 205558530043, 205571417095, 205584185739, 205597150488, 205609880558, 205622531222, 205635511718, 205648261625, 205661062190, 205673857689, 205686455435, 205699187581, 205711149037, 205722075828, 205732269283, 205743047026, 205753947877, 205764001196, 205769288292, 205775909491, 205787127724, 205798375254, 205809911113, 205823106514, 205836314183, 205849546754, 205862589323, 205875978388, 205888940086, 205902349963, 205915370072, 205928572064, 205941923592, 205954972509, 205968375368, 205981411834, 205994645442, 206007595055, 206020924550, 206033753802, 206046112474, 206058988173, 206071689923, 206084344432, 206097139382, 206109766608, 206122546970, 206135134524, 206147840790, 206160551268, 206173444362, 206185890741, 206198866477, 206211426198, 206223937885, 206236986192, 206249335708, 206262369549, 206274732555, 206287907204, 206300308295, 206313064122, 206325762881, 206338594208, 206351386900, 206363717374, 206376631586, 206389349754, 206401814688, 206414914081, 206427513597, 206440222366, 206452966291, 206465674327, 206478299417, 206490982917, 206503338537, 206513780832, 206524517438, 206535176407, 206540768800, 206546746141, 206558223712, 206571259872, 206584431835, 206597558877, 206610806646, 206623861605, 206637117003, 206650490443, 206663576164, 206676830830, 206689921800, 206703144727, 206716571512, 206729499762, 206742918673, 206755882141, 206768893827, 206781518611, 206794090417, 206806867789, 206819607869, 206832359973, 206845149857, 206857862105, 206870488354, 206883139140, 206895945442, 206908698889, 206921160649, 206934023531, 206946658691, 206959406583, 206972031124, 206984586206, 206997504814, 207010257161, 207022904590, 207035531755, 207048153671, 207061053540, 207073922159, 207086210702, 207099202551, 207111838688, 207124727754, 207137457519, 207149626311, 207162873043, 207175411646, 207188189140, 207200625937, 207213543445, 207226192155, 207238817123, 207251685742, 207264231120, 207276790231, 207289784217, 207302516728, 207315176119, 207327709229, 207340374541, 207353439327, 207366224023, 207378538872, 207391443441, 207404113941, 207417047990, 207429627670, 207442178236, 207455041972, 207467782662, 207480426490, 207493173833, 207505629306, 207518683716, 207531331633, 207544103573, 207556700037, 207568960077, 207580531031, 207591106993, 207602383697, 207614552123, 207627372952, 207640131647, 207653017906, 207665881520, 207678625018, 207691389634, 207704104872, 207716955792, 207729817758, 207742606361, 207754412605, 207765081889, 207775392532, 207783391535, 207788802043, 207797029988, 207809143483, 207820853048, 207832449881, 207843719261, 207857049488, 207870321793, 207883407209, 207896780038, 207909741553, 207923104312, 207936336394, 207949592159, 207962845116, 207975884267, 207988900103, 208002043441, 208015395396, 208028684913, 208041683354, 208054345065, 208066994751, 208079743498, 208092224179, 208104979945, 208117614800, 208130588583, 208143132069, 208155675799, 208168512924, 208181216383, 208194103496, 208206681345, 208219506934, 208232274113, 208244466709, 208257684571, 208270437834, 208283063473, 208295710230, 208308262139, 208321055075, 208333734242, 208346306964, 208359271408, 208371569411, 208384611309, 208396975535, 208410092445, 208422783208, 208435475925, 208448106691, 208460620270, 208473369505, 208486110561, 208498917474, 208511772849, 208524291737, 208537094500, 208549682664, 208562439101, 208574968549, 208587888315, 208600547219, 208613398138, 208626153476, 208638360720, 208651524078, 208664126218, 208676830776, 208689718194, 208701972984, 208715094960, 208727619342, 208740340501, 208752957900, 208764423203, 208774909687, 208785300408, 208795359220, 208805564089, 208815877478, 208825141065, 208832977715, 208837769451, 208847672746, 208859087084, 208871445268, 208884419417, 208897746287, 208910732582, 208924090885, 208937245758, 208950470639, 208963655115, 208976864248, 208990040301, 209003422042, 209016679515, 209029945045, 209043159672, 209056336152, 209069611142, 209082757898, 209095946829, 209108441426, 209121158740, 209133776810, 209146450484, 209159190991, 209171929484, 209184556893, 209197182288, 209209729985, 209222581881, 209235319275, 209248047514, 209260886593, 209273439722, 209286126518, 209299189778, 209311766162, 209324452165, 209337309004, 209349932019, 209362616129, 209375346321, 209388110510, 209400684819, 209413297091, 209426254333, 209438664946, 209451594234, 209464224390, 209476435540, 209489766927, 209501933034, 209515091264, 209527796065, 209540467481, 209552999614, 209566035103, 209578374061, 209591420231, 209604022311, 209616658021, 209629534086, 209641855710, 209654769556, 209667502617, 209680040915, 209692241140, 209702301234, 209712554382, 209721582435, 209732174510, 209741470995, 209750112940, 209760269713, 209770918063, 209777666336, 209783169069, 209791164044, 209802004592, 209813311692, 209824438372, 209835750294, 209847177816, 209860156299, 209873588637, 209886472393, 209899803475, 209913066869, 209926086367, 209939344633, 209952382137, 209965706627, 209978968678, 209992040788, 210005295881, 210018325877, 210031698645, 210044959414, 210058003876, 210071284664, 210084095728, 210097095389, 210109612386, 210122370288, 210134979570, 210147676009, 210160449963, 210173126811, 210185861519, 210198506507, 210211385075, 210224066317, 210236908996, 210249363920, 210262255428, 210275044091, 210287728263, 210300437520, 210312687123, 210325897050, 210338337692, 210351185254, 210363716472, 210376324777, 210389333289, 210402052738, 210414570773, 210427263795, 210439946318, 210452904598, 210465584253, 210478038933, 210490861959, 210503629261, 210516537431, 210529176375, 210541640516, 210554547404, 210567245309, 210579987525, 210592392278, 210605144504, 210617961610, 210630866118, 210643303708, 210656134058, 210668525323, 210681700521, 210694232899, 210707086931, 210719791610, 210731954604, 210744915569, 210757936288, 210770283485, 210782988470, 210795861423, 210808440675, 210821238128, 210833794492, 210843670565, 210853301705, 210864191021, 210876252452, 210888090007, 210900622995, 210913809424, 210927012027, 210940215362, 210953451595, 210966546105, 210979787771, 210992852068, 211006209395, 211019007519, 211031968362, 211044617256, 211057455419, 211070222232, 211082880952, 211095663939, 211108410977, 211120939326, 211133593896, 211146119315, 211159063313, 211171852404, 211184640213, 211197274763, 211209847973, 211222711892, 211235495856, 211247815954, 211260866519, 211273265596, 211286220336, 211298902310, 211311715388, 211324261071, 211337125052, 211349822285, 211362270007, 211375056351, 211387538497, 211400556225, 211413320352, 211426010322, 211438725256, 211451519473, 211464124666, 211476546021, 211489442655, 211502029720, 211514896203, 211527564567, 211540500691, 211552882251, 211565872269, 211578367110, 211590867017, 211603859659, 211616349984, 211629227209, 211641970097, 211654713655, 211667475891, 211680028044, 211692621517, 211705636865, 211718267936, 211730471640, 211743634875, 211756091142, 211765761100, 211776179897, 211786673461, 211795749610, 211805408765, 211814900257, 211823507168, 211833449526, 211843560218, 211851352312, 211856805057, 211866328836, 211877889475, 211889656962, 211901394420, 211912330305, 211924796582, 211937080303, 211950204903, 211963310399, 211976718324, 211989609404, 212002973201, 212016198264, 212029271168, 212042669876, 212055625715, 212068979990, 212082216223, 212095300601, 212108697234, 212121657833, 212135032799, 212148158925, 212160884845, 212173563767, 212185911758, 212198887372, 212211584117, 212224236367, 212236680732, 212249292333, 212262472353, 212275189606, 212287654967, 212300322964, 212313093317, 212326015953, 212338821584, 212351059773, 212364220689, 212376824905, 212389576642, 212402131297, 212414637003, 212427637214, 212440359898, 212452982119, 212465490022, 212478090271, 212491320644, 212503780268, 212516588585, 212529043936, 212541541768, 212554635118, 212567336929, 212579818282, 212592467785, 212605272745, 212618277839, 212630875402, 212643488651, 212656161226, 212668895995, 212681683682, 212694150630, 212707079491, 212719734671, 212732605732, 212745123278, 212757675248, 212770247848, 212782319960, 212794910321, 212807991587, 212821220313, 212833881108, 212846431613, 212859170411, 212871986906, 212884915218, 212897685571, 212909332880, 212920169827, 212931121520, 212942134004, 212953268742, 212965042576, 212975731514, 212985946453, 212996124284, 213004358088, 213009880108, 213018046408, 213029726309, 213041109764, 213053498771, 213066582660, 213079833603, 213092831800, 213105846415, 213118969184, 213132328647, 213145449646, 213158572476, 213171878167, 213184776755, 213198155871, 213211133743, 213224495220, 213237606209, 213250814367, 213263955996, 213277131255, 213289674619, 213302390834, 213315010980, 213327724753, 213340470936, 213352819049, 213365880295, 213378347243, 213391162518, 213404007822, 213416741188, 213429260321, 213442252841, 213454713808, 213467372589, 213480199888, 213492779506, 213505464471, 213518283469, 213531138905, 213543743304, 213556545762, 213569261549, 213581542951, 213594680979, 213607309304, 213619866950, 213632362157, 213645389711, 213658119598, 213671041074, 213683725673, 213695988093, 213709065879, 213721628042, 213734271869, 213746772997, 213759962599, 213772483868, 213785105357, 213798100075, 213810499762, 213823337803, 213835929385, 213848648529, 213861126708, 213874250759, 213886919367, 213899486351, 213912437978, 213923866232, 213934713861, 213945474637, 213955151919, 213961755479, 213967302278, 213976084116, 213987636272, 213999209179, 214011598125, 214024457528, 214037728001, 214050796327, 214064133757, 214077442988, 214090368614, 214103703907, 214116590409, 214129947858, 214143076548, 214156184363, 214169416629, 214182484223, 214195813534, 214208985925, 214222024893, 214234813495, 214247385424, 214260136612, 214272249069, 214285566295, 214297972208, 214310940193, 214323478796, 214335768681, 214349061311, 214361412598, 214374415677, 214387100093, 214399345850, 214412519767, 214425001851, 214437903124, 214450524674, 214463166915, 214475762464, 214488438090, 214501384896, 214514141455, 214526760990, 214539263644, 214551875123, 214564898954, 214577679317, 214590328027, 214602768730, 214615577963, 214628237720, 214640967607, 214653790938, 214666343030, 214679264079, 214691824227, 214704457679, 214717433842, 214730018771, 214742591676, 214755306792, 214768195614, 214780787012, 214793645561, 214806058005, 214818930775, 214831528337, 214844289718, 214857040662, 214869799602, 214882433908, 214895017433, 214907843694, 214920599765, 214933345032, 214946005217, 214958084349, 214968123508, 214978338570, 214989031657, 214999549941, 215005322814, 215010131884, 215018831142, 215029463744, 215040659211, 215053908628, 215066584315, 215079774223, 215092997212, 215106036302, 215119227674, 215132275859, 215145450385, 215158811985, 215171843201, 215185040921, 215198186395, 215211348776, 215224719409, 215237607315, 215250924847, 215264285591, 215277236913, 215289979984, 215302374666, 215315118103, 215327806059, 215340583004, 215353183984, 215365914787, 215378676900, 215391441699, 215404067277, 215416778731, 215429190015, 215442345499, 215455079781, 215467626685, 215480112676, 215492890170, 215505676453, 215518440519, 215530906247, 215543801355, 215556436028, 215569249960, 215582027271, 215594313921, 215607345809, 215620058179, 215632878947, 215645324411, 215657895607, 215670747869, 215683618746, 215696280579, 215708717376, 215721529721, 215734250941, 215747154656, 215759623618, 215772453724, 215785068926, 215797739975, 215810774244, 215822848920, 215835992380, 215848688819, 215861429265, 215874220309, 215886338442, 215899562469, 215911975523, 215924925502, 215937447992, 215950068077, 215963103871, 215975722735, 215988541489, 216001089980, 216013322370, 216026499399, 216039200173, 216050983651, 216061799114, 216072744459, 216084021530, 216095355546, 216105979543, 216115440090, 216123997807, 216133686869, 216142577838, 216152789726, 216163355616, 216170569709, 216176102227, 216186265531, 216197444641, 216210744899, 216223744195, 216236946065, 216249642749, 216262845047, 216276036908, 216289254159, 216302450048, 216315571657, 216328910491, 216341906246, 216355263267, 216368260548, 216381574845, 216394722517, 216407930552, 216421224646, 216434267215, 216447487335, 216460179075, 216472655057, 216485307307, 216498162254, 216510667410, 216523461872, 216536050585, 216549196181, 216561907331, 216574529185, 216587336953, 216599826179, 216612662694, 216625412051, 216638127594, 216650405517, 216663331509, 216676120661, 216688712914, 216701510977, 216714466877, 216727074754, 216739321183, 216752546552, 216764940990, 216777775858, 216790420601, 216803192846, 216815670353, 216828598176, 216841275268, 216853797697, 216866616756, 216879062402, 216892171011, 216904895283, 216917508898, 216930334244, 216942804610, 216955565502, 216968352213, 216980932625, 216993388099, 217006635501, 217019163728, 217031836181, 217044580289, 217057054317, 217069897729, 217081952325, 217092559170, 217103129761, 217113514561, 217124425788, 217135384561, 217140826137, 217146166150, 217156946945, 217168427262, 217180622544, 217193531812, 217206720316, 217219742072, 217232641820, 217245730653, 217258809233, 217271833919, 217284903099, 217297851125, 217311100481, 217323963241, 217337050366, 217350050882, 217363270330, 217376291110, 217389244202, 217402314603, 217415432978, 217428253807, 217440886709, 217453643390, 217466286485, 217478694595, 217491573835, 217504185375, 217517075357, 217529689582, 217542111975, 217555261233, 217567876801, 217580300659, 217593041410, 217605874079, 217618610131, 217631277091, 217643753011, 217656794481, 217669606033, 217681936079, 217694856029, 217705462142, 217714348594, 217723330871, 217732273658, 217742660900, 217752047228, 217761869591, 217770904663, 217782098299, 217789153762, 217794258241, 217803510964, 217815251961, 217826617472, 217839244515, 217852249547, 217865416689, 217878401946, 217891572933, 217904878563, 217917789724, 217930980913, 217943969405, 217957214305, 217970547035, 217983468938, 217996798677, 218009992002, 218023188502, 218036566275, 218049447895, 218062810227, 218075913953, 218088693827, 218101395821, 218113900611, 218126553533, 218139232760, 218152080628, 218164691680, 218177322873, 218190131556, 218202943840, 218215203391, 218228371998, 218240667376, 218253730453, 218266369459, 218278996990, 218291764902, 218304226845, 218317206975, 218329909701, 218342370668, 218355243621, 218367904355, 218380583522, 218393354241, 218405800193, 218418799305, 218431468829, 218444048508, 218456872084, 218469265912, 218482431039, 218494868935, 218507651861, 218520148411, 218532909060, 218545931976, 218558599424, 218571140224, 218583868768, 218596601096, 218609222158, 218621820453, 218634612535, 218647365188, 218660050031, 218672637767, 218685519021, 218698106391, 218710945530, 218723792177, 218736148652, 218748953245, 218761805324, 218774622491, 218787371726, 218799673025, 218812643756, 218825290757, 218836988115, 218848081837, 218859203329, 218870009027, 218881665979, 218894460563, 218907181722, 218920013171, 218932718034, 218945530257, 218958359692, 218971073770, 218983902046, 218996666967, 219009232303, 219021989229, 219034632690, 219044467259, 219054427866, 219064024094, 219074673542, 219084593683, 219093226839, 219103248908, 219112160629, 219120896568, 219125920115, 219133394583, 219144887779, 219156319756, 219169328085, 219182523974, 219195694411, 219208904522, 219222159676, 219235446812, 219248580934, 219261775358, 219275061090, 219288117637, 219301435474, 219314625808, 219327832501, 219340948068, 219354193456, 219367327151, 219380682829, 219393404782, 219406733971, 219419491019, 219432068928, 219444761828, 219457529801, 219469938948, 219482880261, 219495476786, 219508058663, 219520824988, 219533566349, 219546155855, 219559144103, 219571656950, 219584414730, 219597070947, 219610022086, 219622612081, 219635252368, 219647935258, 219660988142, 219673456189, 219686383280, 219698947517, 219711738867, 219724368290, 219737158906, 219749722839, 219762462186, 219775090816, 219787767664, 219800578727, 219813035726, 219826125781, 219838274798, 219851444136, 219863824964, 219876775065, 219889329537, 219901969215, 219914810368, 219927518221, 219940035401, 219953018095, 219965757870, 219975649934, 219985677618, 219995730571, 220004567829, 220015020561, 220024944180, 220034660586, 220044713539, 220050268456, 220055360301, 220064234546, 220073520777, 220084964168, 220096404935, 220108012327, 220120508938, 220133747979, 220146784445, 220159690662, 220173041275, 220186261944, 220199623970, 220212977452, 220225893678, 220239212187, 220252441767, 220265665854, 220278921619, 220291961624, 220305200238, 220318486581, 220331525610, 220344946474, 220357646698, 220370370176, 220382874905, 220395812982, 220408504722, 220420704825, 220433888812, 220446557542, 220459211929, 220471763532, 220484441417, 220497328652, 220510044806, 220522637853, 220535271731, 220547979707, 220560770812, 220573531521, 220586182490, 220598867333, 220611560721, 220624393513, 220637053026, 220649855117, 220662631086, 220674925610, 220687954385, 220700642768, 220712959631, 220726108218, 220738727998, 220751633910, 220764200955, 220776240170, 220789581627, 220802142935, 220814952534, 220827584704, 220840279435, 220853505902, 220866003307, 220878790139, 220891263740, 220903985875, 220917080630, 220929651337, 220942315001, 220955118801, 220967675593, 220980699424, 220993274587, 221005438252, 221018656724, 221031413101, 221043954572, 221056760631, 221069049174, 221082345282, 221094860753, 221106680974, 221117504738, 221128700571, 221139883221, 221151298719, 221164238017, 221177145332, 221190147679, 221203330873, 221216250335, 221229276791, 221242349145, 221255596303, 221268767962, 221281628036, 221294638928, 221307220805, 221320114937, 221332679968, 221345415959, 221357774081, 221370605775, 221383586821, 221396160824, 221408524806, 221421597526, 221434287618, 221446959339, 221459618913, 221472139023, 221485167676, 221497802776, 221510473642, 221522942787, 221535899114, 221548740817, 221560978700, 221573976348, 221586619504, 221599424891, 221612165581, 221624664023, 221637525440, 221646379727, 221654934331, 221665187418, 221674265154, 221684307791, 221693631986, 221704136842, 221714643529, 221724744211, 221734591293, 221740999663, 221745739580, 221754721857, 221766149013, 221777634030, 221789155851, 221802450983, 221815668661, 221828915514, 221841908279, 221855152813, 221868401131, 221881342443, 221894739687, 221907665374, 221921033748, 221934348777, 221947359913, 221960729386, 221973678877, 221987065866, 222000436438, 222013444644, 222026777068, 222039493039, 222052148830, 222064845391, 222077497947, 222090235585, 222102618488, 222115764695, 222128163955, 222141063519, 222153797800, 222166220925, 222179383062, 222191904270, 222204610720, 222217358001, 222229905821, 222242778102, 222255536432, 222268025718, 222280937673, 222293592548, 222306278855, 222319004348, 222331398237, 222344532908, 222357200844, 222369857672, 222382471165, 222394925784, 222408218475, 222420871213, 222433399624, 222446325677, 222459017661, 222472096302, 222484788042, 222497023606, 222510237867, 222522617901, 222535395456, 222548169899, 222560344245, 222573574497, 222586241823, 222598874176, 222611460142, 222623900601, 222637093011, 222649809836, 222662156362, 222675260577, 222687826646, 222700407424, 222713331829, 222725709422, 222738553139, 222751116706, 222764195835, 222776829103, 222789016206, 222799534429, 222811299474, 222824156253, 222836932221, 222849776793, 222862521511, 222875439874, 222888340048, 222901165760, 222914053667, 222926970199, 222939661267, 222952664896, 222965586616, 222978302281, 222991093264, 223003848725, 223016426940, 223029216397, 223042027460, 223054851158, 223067464834, 223080251178, 223092947252, 223105740798, 223118331220, 223131148509, 223143870766, 223156608038, 223169391209, 223182151003, 223194925995, 223205517398, 223215747291, 223226132946, 223234636647, 223243870388, 223254416565, 223264919040, 223270359944, 223275541877, 223286665567, 223297778698, 223309316754, 223321430065, 223334759133, 223347837224, 223361074922, 223374142699, 223387373744, 223400669059, 223413971027, 223427117478, 223440335584, 223453655252, 223466750982, 223480095186, 223493060607, 223506461818, 223519552544, 223532826863, 223545794420, 223558469803, 223571139021, 223583584118, 223596523599, 223609264411, 223621569617, 223634763614, 223647022310, 223660047607, 223672550504, 223685440181, 223698159631, 223711113699, 223723590901, 223736520677, 223749113358, 223761848738, 223774482799, 223787145243, 223799915474, 223812514379, 223825161747, 223838158479, 223850672729, 223863141325, 223876217585, 223888476709, 223901513053, 223914094197, 223926694080, 223939475175, 223952604963, 223964886548, 223977843119, 223990326241, 224003414525, 224016061344, 224028783601, 224041291443, 224054183438, 224067015498, 224079310144, 224092135795, 224104787801, 224117454272, 224130242570, 224140629933, 224151381737, 224161439267, 224171932893, 224179106580, 224184384155, 224193320411, 224205339485, 224217014259, 224229559881, 224242619479, 224255836242, 224268941800, 224282176324, 224295549153, 224308475878, 224321849196, 224334921794, 224348167671, 224361510777, 224374417787, 224387803434, 224400999750, 224414230002, 224427474719, 224440216080, 224452929305, 224465554456, 224478293559, 224491042488, 224503267799, 224516577640, 224529057223, 224541695740, 224554485075, 224566777829, 224579986841, 224592572197, 224605332052, 224617780689, 224630208331, 224643503890, 224656102063, 224668919169, 224681570626, 224693986610, 224707152470, 224719796053, 224732121705, 224745212370, 224757688962, 224770652857, 224783095696, 224795869955, 224808448841, 224821338457, 224833858811, 224846709852, 224859358684, 224871993418, 224884737464, 224897332098, 224909877171, 224922904237, 224935696135, 224948353329, 224960855617, 224973747552, 224986284263, 224999162037, 225011848772, 225024531845, 225037283278, 225049784832, 225062647287, 225075263710, 225087847662, 225100970248, 225113664796, 225126204498, 225138820310, 225151342800, 225164463616, 225177203146, 225189567678, 225202500872, 225215052049, 225225051718, 225235530023, 225248142662, 225260916189, 225273698383, 225286399583, 225299122268, 225311567732, 225324376720, 225337032876, 225349825263, 225362607274, 225374918033, 225385487037, 225395772838, 225404472096, 225415131981, 225422473759, 225427680349, 225436872892, 225448565062, 225459928863, 225471219911, 225482036106, 225493908268, 225505269323, 225516502021, 225527263957, 225538698010, 225549694014, 225560808488, 225571502003, 225582807150, 225593836540, 225604982691, 225615988034, 225627044036, 225638683471, 225651862332, 225664774774, 225678154318, 225691386584, 225704497268, 225717729839, 225730828926, 225744070836, 225757450013, 225770541410, 225783797175, 225796893699, 225810129077, 225823526687, 225836426190, 225849336252, 225861968605, 225874775946, 225887464329, 225900184938, 225913064544, 225925608701, 225938701807, 225951273003, 225963999167, 225976547475, 225989289935, 226002219711, 226014848646, 226027388165, 226040343698, 226052966652, 226065794866, 226078387607, 226090814150, 226103871062, 226116514829, 226129195155, 226141835198, 226154534934, 226167474659, 226180125872, 226192608811, 226205675550, 226218178021, 226231091928, 226243581032, 226256229193, 226269180820, 226281551394, 226294523345, 226307250180, 226319529568, 226332805535, 226345322104, 226358171437, 226370673175, 226382965868, 226396162184, 226408814251, 226421604624, 226434096413, 226446913458, 226459818943, 226472537355, 226485178497, 226497780881, 226510269558, 226521321349, 226532557099, 226543932008, 226556340058, 226569032774, 226581899380, 226594733087, 226607473045, 226620327443, 226633115313, 226645888596, 226658767103, 226671573588, 226684346139, 226697068701, 226709978764, 226722771150, 226735516113, 226748537381, 226761305475, 226771031159, 226780058479, 226790607158, 226800922439, 226811628345, 226821922386, 226832210628, 226840386572, 226845827781, 226855354978, 226867585233, 226879321409, 226892310694, 226905424552, 226918634174, 226931651658, 226945015271, 226958224771, 226971290473, 226984652316, 226997611328, 227010958523, 227024226860, 227037274251, 227050501879, 227063579787, 227076951945, 227090197944, 227103238560, 227115909792, 227128499238, 227141375364, 227153946560, 227166722345, 227179459556, 227192139394, 227204871662, 227217785386, 227230270522, 227242832136, 227255586559, 227268624550, 227281348395, 227293513647, 227306792543, 227319275666, 227331896666, 227344712978, 227357106990, 227370297874, 227382785696, 227395515888, 227408036364, 227420580216, 227433773664, 227446376231, 227459003885, 227471741218, 227484410924, 227497459169, 227509973420, 227522565367, 227535262417, 227548004633, 227560738732, 227573513906, 227586098530, 227598975999, 227611667068, 227624161482, 227637073802, 227649576883, 227662252205, 227675170079, 227687537723, 227700633881, 227713131652, 227726115872, 227738911920, 227751303429, 227764296133, 227776933002, 227789775499, 227802373062, 227814697615, 227827986705, 227840310831, 227853325690, 227865936192, 227878213383, 227887265728, 227898059706, 227908711779, 227920600664, 227931809498, 227943701924, 227956259387, 227968958451, 227981524642, 227990735128, 228000717219, 228010930572, 228021569827, 228032145606, 228042572337, 228051559802, 228056966038, 228063189228, 228072825250, 228082024323, 228091430000, 228101513470, 228112011856, 228122059072, 228133389487, 228144450494, 228155022550, 228166951596, 228178522367, 228189970458, 228201820281, 228214790524, 228228165368, 228241209951, 228254482500, 228267745467, 228280781505, 228294155738, 228307102116, 228320492219, 228333810056, 228346770167, 228360173331, 228373103107, 228386471847, 228399420789, 228412502298, 228425804327, 228438279820, 228451140932, 228463706879, 228476490965, 228489022244, 228501781061, 228514975058, 228527554677, 228540179217, 228552950547, 228565479629, 228578452862, 228591046641, 228603673928, 228616479315, 228629146031, 228641960024, 228654570343, 228667247740, 228680014675, 228692694391, 228705538413, 228718146596, 228730580524, 228743503770, 228756295791, 228769024029, 228781731455, 228794126260, 228807016669, 228819678136, 228832387393, 228845295135, 228857707213, 228870663723, 228883394830, 228895815880, 228908828359, 228921300068, 228934208665, 228946812942, 228959407026, 228972306651, 228984927346, 228997673285, 229010418553, 229022786991, 229035838837, 229048496214, 229061203152, 229073916071, 229086446129, 229099448354, 229112163776, 229124768236, 229137465408, 229149952803, 229161428359, 229172329882, 229183099630, 229193917717, 229204167813, 229214444276, 229224574865, 229234491527, 229244588974, 229254295126, 229264521723, 229269857525, 229275277067, 229284864445, 229295193337, 229306622385, 229319924658, 229333007937, 229346237273, 229359313778, 229372511925, 229385639150, 229398822039, 229412047835, 229425258189, 229438583534, 229451714420, 229464950654, 229478066404, 229491440332, 229504430716, 229517795184, 229530831161, 229544199840, 229556872904, 229569783820, 229582302526, 229595081302, 229607768892, 229620499511, 229633233975, 229645842708, 229658475915, 229671314139, 229683929524, 229696517322, 229709748489, 229722209150, 229735120311, 229747808999, 229760430488, 229773018835, 229785979739, 229798464692, 229811044738, 229824069790, 229836693354, 229849541039, 229862163992, 229874928852, 229887606066, 229900170304, 229913046858, 229925675548, 229938300699, 229950932869, 229963993138, 229976469486, 229989383088, 230001998412, 230014942471, 230027480769, 230040303917, 230052896109, 230065289144, 230078375048, 230090726517, 230103946821, 230116540294, 230129176675, 230142046088, 230154490148, 230167315799, 230178473668, 230186995741, 230197532946, 230207896750, 230216943663, 230226130773, 230236284861, 230245676804, 230250819430, 230257597001, 230269123522, 230280527911, 230292338611, 230303239218, 230315738026, 230327468831, 230339076224, 230349978234, 230362575614, 230375970721, 230389035690, 230402269482, 230415419168, 230428647833, 230441985567, 230455118407, 230468407069, 230481467338, 230494689961, 230507803331, 230521045362, 230534436563, 230547561835, 230560616611, 230573262331, 230585963348, 230598614011, 230611408107, 230624114678, 230636907431, 230649598073, 230662169696, 230674908127, 230687583632, 230700524029, 230713133677, 230725995643, 230738611150, 230750861974, 230764026063, 230776515961, 230789435971, 230802047939, 230814684686, 230827535911, 230840142018, 230852833514, 230865436692, 230878108962, 230890960736, 230903691172, 230916261758, 230928793098, 230941901890, 230954330447, 230967258209, 230980002378, 230992293118, 231005551446, 231017939903, 231030768850, 231043417072, 231056265428, 231068833083, 231081182539, 231094450205, 231106891275, 231119748602, 231132575840, 231144877078, 231157655366, 231170613462, 231183475246, 231196207025, 231208736656, 231221579274, 231234074787, 231244283745, 231254404935, 231264926514, 231275363011, 231285636605, 231295677107, 231302046354, 231307056595, 231315997551, 231324954498, 231336558960, 231348313935, 231361294005, 231374507411, 231387788932, 231400915058, 231414140732, 231427233106, 231440427957, 231453502265, 231466866976, 231479829773, 231493197292, 231506175958, 231519566427, 231532437915, 231545648940, 231559026164, 231572025399, 231585290990, 231597858890, 231610580781, 231623103515, 231635760038, 231648403682, 231661364342, 231673919852, 231686770832, 231699451830, 231712260941, 231724805525, 231737554455, 231750151591, 231762819527, 231775693456, 231788179936, 231801160737, 231813903197, 231826722928, 231839431758, 231852164879, 231864813773, 231877379414, 231890313524, 231902609574, 231915821943, 231927952893, 231940953959, 231953423104, 231966487951, 231979160404, 231991876497, 232004442627, 232017290372, 232029973567, 232042311365, 232055408011, 232067912130, 232080680652, 232093394303, 232106406416, 232118979870, 232131709635, 232144431709, 232156814490, 232169666020, 232182543367, 232195050964, 232207490752, 232217841311, 232227936744, 232236483231, 232246274527, 232256556910, 232264629583, 232269925162, 232278256806, 232289491213, 232300495885, 232311708442, 232324042211, 232337126406, 232350462981, 232363388729, 232376754601, 232390100453, 232403060259, 232416437238, 232429393321, 232442751014, 232456037967, 232468995270, 232482389706, 232495345179, 232508707083, 232521984759, 232535072555, 232548161144, 232560729411, 232573535835, 232586065344, 232598890324, 232611511934, 232624205078, 232637114835, 232649715206, 232662419763, 232674989677, 232687698568, 232700562244, 232713277360, 232725627670, 232738702405, 232751260051, 232764093758, 232776821265, 232789136174, 232802294039, 232814869019, 232827654264, 232840392086, 232852727076, 232865781608, 232878483480, 232891138111, 232903969560, 232916327316, 232929281934, 232941815166, 232954408579, 232967457801, 232980206486, 232992682406, 233005605591, 233018091765, 233030920834, 233043807275, 233056245720, 233069125265, 233081727405, 233094773576, 233107313522, 233119750013, 233132835978, 233145468453, 233158238440, 233170866520, 233183167575, 233196451233, 233208881255, 233221834591, 233234590478, 233246615350, 233259942464, 233272468372, 233285229448, 233297910385, 233310557996, 233321909713, 233332966447, 233344858018, 233357582046, 233370425519, 233383211863, 233396057778, 233408848516, 233421689487, 233434527650, 233447255583, 233460122189, 233472828394, 233485721427, 233498597188, 233511184436, 233522101034, 233532832879, 233543402066, 233553635194, 233558959826, 233564594577, 233574709664, 233586538491, 233597594554, 233608719587, 233619415055, 233632290876, 233645549387, 233658648902, 233671859501, 233684965546, 233698211301, 233711551294, 233724677237, 233737940020, 233750963302, 233764336742, 233777712440, 233790840519, 233804253205, 233817244260, 233830480371, 233843104546, 233855754294, 233868366383, 233881236284, 233893923202, 233906477369, 233919178875, 233931800608, 233944954383, 233957591923, 233970337130, 233982955689, 233995269134, 234008510128, 234021061549, 234033853508, 234046404806, 234059154286, 234071875872, 234084412339, 234097516248, 234110131450, 234122945809, 234135722327, 234147907598, 234161060153, 234173765686, 234186476286, 234199142330, 234211620631, 234224461846, 234237216818, 234250338000, 234262858171, 234275496810, 234288226331, 234300829021, 234313754220, 234326212867, 234339173222, 234351641208, 234364289674, 234377418180, 234389781125, 234402722742, 234415163628, 234428025167, 234440659779, 234453185870, 234466333297, 234478881910, 234491618388, 234504173105, 234516695290, 234529790166, 234542314181, 234553751347, 234564097024, 234574522473, 234584487169, 234591514312, 234596801713, 234605173335, 234614357271, 234625794070, 234637246373, 234648855718, 234660415503, 234673369937, 234686303193, 234699358823, 234712717798, 234725916373, 234738968829, 234752214950, 234765384289, 234778524758, 234791953740, 234804989962, 234818219481, 234831484401, 234844731681, 234858193134, 234871127366, 234884080274, 234896532635, 234909326792, 234922089088, 234934509100, 234947553562, 234960007021, 234972907562, 234985637265, 234998153713, 235011059747, 235023700583, 235036371632, 235049212908, 235061621934, 235074648085, 235087176434, 235100032175, 235112690102, 235125087836, 235138259250, 235151020875, 235163314118, 235176275022, 235188815761, 235201726007, 235214521567, 235226796987, 235239933794, 235252523362, 235265319289, 235278027630, 235290175670, 235303513161, 235316079535, 235328769321, 235341484133, 235353680146, 235367000791, 235379470119, 235392388604, 235404890220, 235417505667, 235430630389, 235443314683, 235455684341, 235468840008, 235481170421, 235493928689, 235506685126, 235519431797, 235532025820, 235544651581, 235557674009, 235570149624, 235582551814, 235595736717, 235608311880, 235621117450, 235633732835, 235645922806, 235657291002, 235668720294, 235680151234, 235691549643, 235702972282, 235715103354, 235727765676, 235740627032, 235753434067, 235766229200, 235779003276, 235791804330, 235804507361, 235817576481, 235830439180, 235843304259, 235856088101, 235868921503, 235881624718, 235894289541, 235906990925, 235918886585, 235929344017, 235939491025, 235949735871, 235959997625, 235970385904, 235977649740, 235982937630, 235991685898, 236001087608, 236012469842, 236023831812, 236035393367, 236046925442, 236058493772, 236070207243, 236081895201, 236093633452, 236105319274, 236117419280, 236130104733, 236143184717, 236156401236, 236169768572, 236182838668, 236196070324, 236209067056, 236222354802, 236235770601, 236248685546, 236261916652, 236275217155, 236288312092, 236301787766, 236314454786, 236327251751, 236339897409, 236352547035, 236365325445, 236377864902, 236390612062, 236403272369, 236416143003, 236428650051, 236441298334, 236454374533, 236467855456, 236480697830, 236493432478, 236505519422, 236518845254, 236531413826, 236544075414, 236556694095, 236569125643, 236582211303, 236594729704, 236607717219, 236620167322, 236632856376, 236645852070, 236658519274, 236671137162, 236683742171, 236696390942, 236709324137, 236721905526, 236734432105, 236747498050, 236760115877, 236772777038, 236785545682, 236797983700, 236811229760, 236823631217, 236836439412, 236848924854, 236861616533, 236874621870, 236887387829, 236899901774, 236912755684, 236925307959, 236938107670, 236950873201, 236963517273, 236976201261, 236988684078, 237001582300, 237014327934, 237026752279, 237039882190, 237052456559, 237063894457, 237074498312, 237085313226, 237096639552, 237107941219, 237119965786, 237132503901, 237145191551, 237157784231, 237170559406, 237183282396, 237195886978, 237207158617, 237216027063, 237225074403, 237235770787, 237245137951, 237253624623, 237262484464, 237272732729, 237282791480, 237291682998, 237301889942, 237311697534, 237317233591, 237322871272, 237334078519, 237345620604, 237357347441, 237370334285, 237383340905, 237396699208, 237409456622, 237422685775, 237436084666, 237449149696, 237462366154, 237475426057, 237488651243, 237502023035, 237514980949, 237528370502, 237541613693, 237554881787, 237568301186, 237581243413, 237594617159, 237607657469, 237620459744, 237633008967, 237645719750, 237658337332, 237671071553, 237683921190, 237696577103, 237709082503, 237721904369, 237734701639, 237747359810, 237760142919, 237772832706, 237785409517, 237798144714, 237810889310, 237823553462, 237835823939, 237849137320, 237861535176, 237874495531, 237887240311, 237899473800, 237912695934, 237925304483, 237937997505, 237950834020, 237963345829, 237976130708, 237988890258, 238001652860, 238014166561, 238026932458, 238039635184, 238052447224, 238064916248, 238077860856, 238090723005, 238103113721, 238116032450, 238128431405, 238141412878, 238154125370, 238166570834, 238179421448, 238192162504, 238205140315, 238217801415, 238230064812, 238243094380, 238255804065, 238268652970, 238281102462, 238293724195, 238306800272, 238319396187, 238331974646, 238344547185, 238357089328, 238366544626, 238375863633, 238386824725, 238398120229, 238410196614, 238422908739, 238435844070, 238448488752, 238461317699, 238474194863, 238487031317, 238499832248, 238512707765, 238525461333, 238538421871, 238551173670, 238563986015, 238576855550, 238589621875, 238602610306, 238615226301, 238627917797, 238640659342, 238653556647, 238666508091, 238679302492, 238692061187, 238704715086, 238715945526, 238726115971, 238736642189, 238745539200, 238755834340, 238766520225, 238777000240, 238787810210, 238793988783, 238798685060, 238809244725, 238820369331, 238831962074, 238843704720, 238855113749, 238867743904, 238880971898, 238894004640, 238907379240, 238920540278, 238933643943, 238946866321, 238959957169, 238973209455, 238986440317, 238999226051, 239012615665, 239025622895, 239038999325, 239052310509, 239065393789, 239078669573, 239091234543, 239103903151, 239116639935, 239129236887, 239141914040, 239154569891, 239167583652, 239180071718, 239192736175, 239205665891, 239218301295, 239231012750, 239243560386, 239256181997, 239269175189, 239281761155, 239294456252, 239307032575, 239319548168, 239332692055, 239345423529, 239357949131, 239370574343, 239383148652, 239396238340, 239408961757, 239421187800, 239434388511, 239446822988, 239459651019, 239472358445, 239484899490, 239497711408, 239510402904, 239523104592, 239535928900, 239548290685, 239561391726, 239574027680, 239586685545, 239599395168, 239611648982, 239624938255, 239637708242, 239650036396, 239662811083, 239675538162, 239688309003, 239701150889, 239713394083, 239726573981, 239739153844, 239751928225, 239764272066, 239777176024, 239789799588, 239802456782, 239815114282, 239828103506, 239840567280, 239852379567, 239862874413, 239873736873, 239885095853, 239896574889, 239908162139, 239919440309, 239930820162, 239942351200, 239953755284, 239965056647, 239976531471, 239988043526, 240000848975, 240013626652, 240026266512, 240039062622, 240051750761, 240064627376, 240076526332, 240087186949, 240097651950, 240107797309, 240118309306, 240128147233, 240133591005, 240138437184, 240147751431, 240157424441, 240168641392, 240179715277, 240191041115, 240202598519, 240214385598, 240226161935, 240238272439, 240251633367, 240264926851, 240277952941, 240291324794, 240304314262, 240317698139, 240330847092, 240344070813, 240357275491, 240370514593, 240383876803, 240397089537, 240410389796, 240423555229, 240436965229, 240449616136, 240462369583, 240474853071, 240487639538, 240500217020, 240513185126, 240525875951, 240538488712, 240551233552, 240563494446, 240576749783, 240589377314, 240602253502, 240614734793, 240627590962, 240640389635, 240652920792, 240665933576, 240678345165, 240691131937, 240703847724, 240716884312, 240729271609, 240742294098, 240754951842, 240767330777, 240780285517, 240792934777, 240805714285, 240818140339, 240831206712, 240843748245, 240856609296, 240869225475, 240881730997, 240894636298, 240907005651, 240920104373, 240932730134, 240945464537, 240958238980, 240970537044, 240983609887, 240996165152, 241009024922, 241021676378, 241034449478, 241047111250, 241059894115, 241072347635, 241084850716, 241095498089, 241106209426, 241112364562, 241117421800, 241127994649, 241139635366, 241151092002, 241162403923, 241174845908, 241188035389, 241201211258, 241214504498, 241227633859, 241241034459, 241254046877, 241267490141, 241280529414, 241293951621, 241306950917, 241320380265, 241333365095, 241346735056, 241359643592, 241372473637, 241385043856, 241397695130, 241410234893, 241423252316, 241435660304, 241448803398, 241461292013, 241474248950, 241486878984, 241499723556, 241512167738, 241525179301, 241537869698, 241550298927, 241563362003, 241575778598, 241588593994, 241601382109, 241614093014, 241626522120, 241639617484, 241651908347, 241664967456, 241677258196, 241690330856, 241702694594, 241715827372, 241728034922, 241741225257, 241753471624, 241766519442, 241779223389, 241792053007, 241804662289, 241817450281, 241830135612, 241842860433, 241855514027, 241868111223, 241880870224, 241893579908, 241906298687, 241918726572, 241931728370, 241944346197, 241957044223, 241969590456, 241979510718, 241989898021, 242000370955, 242010166402, 242015547430, 242021511709, 242032756554, 242044186090, 242055523646, 242066600644, 242078515958, 242091927118, 242104932761, 242118388720, 242131098892, 242144533733, 242157713631, 242171108678, 242184513428, 242197535734, 242210999200, 242224023520, 242237440600, 242250556533, 242263872600, 242276822335, 242289681738, 242302283818, 242315041048, 242327649659, 242340467863, 242353060971, 242365660426, 242378651847, 242391011923, 242403965686, 242416666093, 242429498336, 242442038648, 242454863994, 242467561898, 242480132301, 242492970769, 242505493259, 242518608032, 242531140715, 242543879086, 242556713647, 242568935723, 242582237386, 242594172414, 242607578752, 242619801071, 242632928052, 242645547404, 242658370003, 242671007849, 242683733769, 242696355075, 242708868959, 242722037260, 242734569393, 242747622033, 242760030144, 242773001424, 242785596790, 242798026140, 242811238875, 242823208937, 242836536295, 242848806711, 242862038061, 242874500065, 242887162325, 242900122741, 242912356170, 242925611019, 242938022059, 242948157470, 242956847877, 242966866040, 242976481677, 242986530113, 242992109811, 242997047420, 243007141877, 243018797425, 243030687959, 243042200808, 243054580110, 243068005063, 243081215173, 243094374441, 243107654498, 243120816451, 243134118786, 243147574317, 243160584599, 243174007050, 243187014707, 243200431543, 243213863393, 243226886248, 243240339644, 243253422923, 243266297952, 243278951606, 243291676243, 243304289309, 243316922639, 243329846373, 243342468167, 243355160578, 243367720788, 243380524222, 243393394367, 243405996874, 243418537552, 243431426862, 243444116039, 243456918435, 243469549934, 243482058080, 243494954288, 243507650849, 243520453124, 243533088040, 243545805903, 243558717979, 243571448965, 243584082538, 243596727098, 243609398697, 243622287885, 243635008189, 243647574258, 243660423774, 243672896642, 243685855898, 243698563202, 243711108214, 243723941372, 243736569514, 243749372582, 243762087088, 243774564473, 243787478014, 243800100235, 243812780866, 243825677745, 243838290384, 243851154670, 243863808812, 243876464908, 243889196259, 243901774169, 243914710720, 243927321284, 243939926903, 243952733877, 243965373554, 243978284959, 243990671280, 244003523237, 244016256725, 244028984659, 244040985605, 244052610331, 244063667187, 244074608077, 244085638933, 244098092087, 244110202835, 244120764880, 244130585229, 244140763914, 244150840792, 244160985236, 244171731608, 244177129055, 244182134779, 244193127305, 244204419756, 244216042346, 244228387224, 244241753035, 244254790538, 244267977272, 244281232243, 244294428559, 244307731199, 244320896204, 244334168997, 244347346270, 244360570175, 244373964794, 244387094399, 244400528813, 244413743928, 244427055051, 244440180444, 244452726494, 244465510153, 244478197071, 244490877458, 244503578170, 244516289197, 244529065288, 244541700936, 244554474952, 244566794378, 244579948275, 244592487000, 244605392729, 244617926816, 244630743372, 244643417656, 244655994162, 244669024768, 244681362017, 244694505904, 244707049085, 244719596599, 244732374338, 244744861488, 244757997319, 244770239292, 244783426819, 244795751189, 244808818051, 244821321681, 244834103142, 244846815512, 244859222890, 244872434282, 244884834030, 244897694776, 244908426682, 244916888147, 244926994384, 244935814368, 244944856093, 244955042652, 244965286217, 244975959041, 244986388702, 244991906754, 244997316164, 245008285802, 245018151072, 245029609539, 245040969922, 245052760114, 245066108652, 245079276526, 245092485659, 245105785552, 245118951534, 245132394187, 245145462330, 245158904312, 245171943525, 245185370675, 245198588476, 245211878298, 245225346586, 245238400508, 245251859275, 245264966358, 245277820695, 245290427535, 245303139295, 245315827922, 245328492379, 245341217689, 245354009404, 245366607699, 245379386109, 245392043730, 245404664487, 245417530359, 245430160637, 245442968038, 245455554676, 245468348772, 245481101547, 245493598219, 245506501567, 245519022226, 245531862769, 245544587590, 245557256991, 245570010133, 245582809294, 245595411191, 245608115443, 245620666985, 245633412985, 245646187123, 245658933123, 245671677109, 245684233290, 245697120525, 245709788889, 245722274696, 245735292852, 245747890659, 245760956787, 245773494536, 245786338619, 245798943262, 245811639763, 245824450155, 245836866139, 245849721636, 245862608566, 245875471021, 245888204020, 245900911080, 245913638892, 245925461066, 245935641826, 245946452467, 245957174303, 245966099756, 245971626475, 245978938895, 245990541588, 246002716789, 246015952228, 246029054917, 246042531323, 246055198710, 246068601630, 246081865084, 246095091308, 246108444179, 246121572624, 246135039997, 246148270554, 246161536511, 246174915689, 246188110296, 246200994906, 246213757264, 246226639860, 246239336483, 246251995203, 246264632744, 246277482931, 246290342273, 246303021196, 246315794967, 246328440442, 246340928813, 246353973946, 246366557288, 246379412235, 246391991427, 246404501893, 246417385771, 246430133724, 246442919458, 246455533500, 246467918478, 246480988696, 246493666520, 246506438399, 246519051954, 246531548626, 246544488778, 246557165259, 246569978398, 246582583834, 246595143006, 246608007536, 246620707394, 246633526941, 246646144157, 246658781027, 246671456410, 246684240068, 246697079818, 246709431227, 246722425029, 246734944223, 246747704078, 246760566899, 246773185092, 246785560243, 246798728850, 246811353512, 246824172754, 246836644463, 246849190146, 246862187916, 246874706133, 246887776535, 246900208571, 246912748883, 246925776620, 246938448707, 246951233220, 246963656589, 246976128908, 246986629126, 246997128061, 247007234725, 247017612750, 247023832522, 247028665456, 247038789637, 247050342647, 247061864529, 247074834100, 247088000326, 247101382555, 247114507582, 247127863933, 247140997505, 247154267002, 247167370057, 247180803311, 247193852838, 247207253439, 247220633654, 247233694289, 247247108683, 247259858224, 247273224034, 247285765506, 247298472199, 247311067199, 247323854642, 247336554377, 247349230004, 247361975211, 247374779499, 247387354113, 247400132645, 247412898237, 247425423351, 247438220926, 247450899849, 247463698034, 247476436954, 247489131501, 247501850951, 247514591397, 247527095699, 247539851769, 247552697440, 247565409626, 247578204638, 247590862076, 247603635176, 247616499400, 247629078775, 247641799018, 247654341528, 247667228641, 247679860017, 247692797423, 247705412015, 247718264338, 247730759423, 247743621573, 247756374897, 247768706713, 247781880691, 247794379865, 247807218700, 247819775064, 247832573249, 247845078588, 247858097415, 247870714021, 247883264770, 247896066373, 247908570613, 247921647179, 247934247000, 247944299404, 247953409060, 247963390785, 247972317886, 247981244194, 247991818447, 248001550783, 248011617407, 248022005320, 248032186447, 248037889069, 248042938189, 248054078175, 248065517538, 248076842765, 248088123803, 248099165706, 248110303434, 248122878231, 248136096581, 248149294850, 248162690934, 248175794722, 248189184092, 248202465979, 248215535220, 248228939910, 248242004879, 248255360375, 248268438955, 248281878556, 248295084944, 248308349863, 248321531775, 248334715762, 248347520661, 248360167907, 248372906644, 248385543269, 248398375695, 248410901419, 248423823261, 248436379626, 248449205277, 248461695845, 248474505383, 248487410562, 248499976509, 248512753454, 248525445682, 248538140596, 248550719970, 248563785733, 248576205745, 248589193077, 248601857962, 248614454182, 248627258715, 248639846207, 248652693586, 248665406994, 248678055582, 248690794441, 248703445409, 248716233951, 248728987092, 248741534118, 248754346707, 248767135920, 248779758630, 248792676016, 248805253315, 248817001698, 248826603846, 248837289610, 248847869173, 248858053168, 248866581955, 248871746858, 248878760329, 248889708055, 248900422688, 248911969961, 248923090904, 248935340140, 248946861229, 248959390372, 248972518207, 248985752609, 248998857556, 249012217568, 249025449407, 249038600191, 249051993284, 249064980800, 249078376029, 249091712665, 249104731186, 249118135388, 249131121622, 249144514837, 249157645968, 249170387268, 249182949309, 249195689266, 249208213404, 249220912041, 249234070882, 249246683765, 249259365861, 249271918319, 249284507765, 249297814493, 249310357491, 249323236425, 249335791935, 249348022678, 249361355773, 249374014432, 249386532528, 249399390344, 249411547173, 249424914754, 249437343250, 249450237260, 249462980818, 249475152723, 249488461771, 249501006173, 249513694190, 249526538944, 249538830600, 249552041442, 249564457182, 249577257198, 249590026941, 249602587212, 249615304098, 249628017261, 249640838212, 249653468063, 249666017896, 249678902934, 249691409677, 249704442725, 249717012822, 249729606051, 249742465210, 249755044036, 249767947872, 249780466578, 249793154534, 249805968161, 249818864002, 249831713212, 249844395186, 249857062695, 249869900980, 249882376656, 249892173567, 249901058737, 249911460994, 249921634368, 249932145694, 249941995034, 249947071254, 249952167860, 249961528309, 249972297447, 249983827569, 249995399621, 250007228204, 250018758326, 250032115531, 250045374896, 250058477768, 250071692395, 250085010598, 250098392400, 250111805573, 250124810057, 250138269922, 250151563833, 250164899310, 250178227156, 250191369029, 250204859351, 250218061405, 250231025910, 250243567077, 250256220243, 250268903804, 250281600732, 250294411124, 250307026326, 250319709216, 250332487443, 250345115401, 250357983593, 250370594218, 250383015939, 250396045446, 250408790165, 250421175936, 250434238586, 250446810331, 250459647334, 250472361718, 250484995780, 250497826863, 250510414477, 250523207657, 250535967696, 250548509351, 250561228495, 250573997261, 250586767431, 250599461979, 250612064486, 250624889221, 250637568693, 250650309139, 250663008935, 250675482597, 250688339315, 250701170459, 250713815873, 250726588179, 250739202161, 250752052531, 250764861885, 250777517248, 250790241031, 250802753023, 250815716796, 250828396390, 250840796810, 250853768640, 250866384147, 250879141500, 250891965136, 250904385148, 250917286422, 250930071362, 250942540935, 250955512093, 250968018286, 250981011173, 250993719576, 251005446352, 251016116796, 251027434272, 251039653845, 251050899849, 251061349468, 251071765335, 251081895192, 251092146509, 251100990419, 251106200000, 251114053679, 251122986334, 251134167824, 251145229930, 251157995766, 251171239324, 251184382906, 251197639586, 251210822535, 251224021354, 251237253925, 251250430100, 251263822766, 251276944681, 251290168646, 251303500399, 251316680724, 251330090357, 251343222892, 251356448261, 251369694870, 251382447279, 251395079754, 251407740732, 251420422219, 251433122198, 251445849522, 251458529604, 251471293365, 251483737547, 251496743556, 251509249811, 251522166892, 251534837758, 251547385455, 251560247178, 251572753494, 251585759320, 251598298594, 251610781594, 251623836126, 251636196385, 251649360536, 251661912750, 251674284301, 251687364040, 251699716120, 251712893516, 251725456045, 251737854755, 251750970261, 251763474624, 251776352216, 251789090220, 251801296121, 251811862806, 251822179125, 251832380637, 251842635554, 251853439482, 251860091625, 251865163267, 251875999788, 251887329715, 251900555511, 251913448178, 251926844079, 251939977407, 251953117815, 251966575422, 251979579478, 251993038978, 252006340701, 252019462128, 252032893307, 252045919152, 252059329152, 252072676408, 252086039960, 252099203867, 252111734536, 252124427618, 252137010228, 252149839419, 252162540802, 252175204405, 252187962002, 252200496821, 252213376487, 252226072561, 252238753314, 252251366441, 252263954971, 252276929181, 252289601268, 252302318337, 252314908759, 252327656957, 252340372073, 252353107453, 252365905882, 252378620388, 252390961116, 252404047691, 252416662893, 252429423908, 252442033983, 252454647476, 252467528913, 252480222728, 252492993264, 252505675849, 252518245519, 252531065554, 252543652864, 252556458007, 252569190884, 252581824153, 252594568138, 252607255911, 252620435321, 252633009874, 252645670486, 252658532391, 252671109507, 252684038979, 252696785284, 252709532688, 252722153322, 252734615082, 252747591123, 252760070706, 252773112176, 252785591880, 252798089895, 252811204364, 252823840684, 252836625685, 252849256268, 252861816661, 252872255050, 252882406452, 252892190851, 252902477690, 252910078866, 252915296016, 252923508703, 252932738354, 252944393903, 252956755200, 252969829141, 252983225408, 252996567476, 253009901304, 253023174158, 253036335013, 253049620074, 253062783981, 253076040417, 253089226357, 253102654301, 253115733491, 253129162412, 253142313868, 253155400077, 253168780292, 253181408677, 253194101150, 253206744000, 253219434276, 253232163125, 253245039862, 253257682469, 253270454897, 253283100983, 253295912351, 253308501980, 253321109003, 253334041282, 253346504751, 253359412738, 253372093553, 253384899306, 253397548261, 253410267039, 253423056252, 253435565375, 253448527805, 253460683597, 253473955475, 253486463133, 253499260708, 253511966425, 253524651512, 253537380666, 253549614400, 253562972092, 253575269790, 253588538128, 253601028758, 253613932899, 253626474676, 253639205174, 253651998842, 253664430329, 253677380125, 253689784817, 253702932733, 253715496971, 253728273000, 253741019183, 253753625840, 253766454421, 253779130658, 253791645213, 253804428872, 253817318060, 253829928440, 253841507146, 253851782877, 253860649431, 253870614676, 253875905923, 253881226161, 253891882200, 253903421172, 253916062741, 253928849757, 253942274405, 253955564959, 253968700180, 253982137279, 253995470802, 254008813236, 254022262543, 254035247190, 254048663720, 254062012197, 254075279924, 254088617353, 254101738047, 254114955848, 254127589849, 254140352633, 254152926454, 254165620208, 254178232541, 254190938563, 254203901238, 254216494406, 254229009328, 254241920550, 254254609299, 254267395582, 254280032024, 254292596140, 254305582313, 254318275396, 254330893161, 254343732606, 254356348601, 254369111386, 254381861781, 254394324517, 254407283469, 254419742726, 254432666338, 254445410568, 254457915114, 254470717815, 254483362131, 254496149147, 254508936895, 254521371861, 254534334230, 254547018523, 254559676267, 254572441127, 254585153253, 254598062460, 254610719960, 254623441057, 254636237594, 254648697829, 254661642253, 254674377572, 254686956764, 254699671819, 254712209324, 254725247132, 254737952361, 254750494931, 254763318446, 254775908990, 254788737448, 254801453175, 254814050677, 254826864548, 254839625501, 254852379741, 254865005686, 254877765846, 254890649663, 254903417025, 254915351077, 254926367711, 254937565436, 254950024999, 254962909182, 254975706818, 254988495115, 255001397548, 255014175775, 255026901206, 255039777272, 255052701616, 255065392624, 255078267652, 255091076945, 255103887276, 255116761877, 255129577213, 255142053682, 255154845153, 255166275056, 255176229559, 255185119124, 255195416583, 255204030391, 255213831636, 255223918646, 255234088725, 255239736721, 255244291153, 255254785510, 255266759418, 255279327745, 255292408095, 255305710490, 255319143561, 255332307468, 255345635559, 255358835537, 255372136040, 255385609394, 255398748704, 255412065259, 255425392618, 255438739751, 255452237031, 255465228270, 255480512472, 255493604845, 255506517715, 255519159040, 255531763378, 255544523355, 255557086677, 255569894079, 255582520572, 255595256074, 255607970031, 255620619962, 255633511592, 255646231530, 255658737540, 255671494588, 255684210192, 255697045914, 255709770918, 255722255871, 255735275552, 255747878303, 255760645788, 255773404910, 255786148652, 255799042235, 255811809414, 255824370539, 255837218956, 255849670767, 255862621967, 255875231493, 255887899612, 255900738996, 255913259411, 255926138284, 255938806159, 255951205908, 255964317019, 255976901704, 255989666625, 256002353055, 256014888911, 256027974571, 256040591055, 256053357136, 256066078355, 256078701858, 256091614545, 256104246593, 256116784219, 256129686957, 256142238805, 256155223269, 256167812104, 256180359008, 256193217861, 256205874201, 256218710289, 256231305594, 256243951435, 256256661669, 256269441360, 256281237534, 256292256792, 256303274220, 256314385154, 256325761773, 256335940946, 256346589661, 256356000160, 256366016613, 256375136402, 256380289282, 256385397423, 256394834289, 256406381439, 256417293032, 256430137055, 256443554379, 256456904137, 256470223500, 256483603287, 256496987409, 256510296212, 256523687963, 256537018922, 256550286100, 256563678034, 256576975546, 256590274828, 256603544387, 256616969401, 256630146125, 256643453525, 256655974367, 256668673370, 256681411192, 256693902920, 256706841363, 256719455223, 256732221609, 256744816059, 256757558580, 256770370803, 256782974347, 256795688731, 256808380349, 256821109748, 256833866368, 256846417178, 256859160370, 256871919554, 256884613430, 256897295100, 256910004784, 256922805593, 256935351826, 256948191881, 256960739029, 256973616681, 256986241161, 256998943765, 257011648811, 257024271215, 257036817814, 257050000458, 257062540282, 257075611232, 257088132135, 257100944664, 257113663503, 257126316425, 257139071092, 257151859511, 257164374250, 257177262217, 257189899819, 257202664496, 257215191319, 257226443122, 257237063578, 257247648145, 257257187672, 257268087241, 257275008488, 257280615590, 257289486356, 257299060062, 257310741612, 257322104193, 257333789160, 257346883487, 257360306793, 257373376705, 257386817040, 257399871144, 257413329911, 257426532758, 257439888803, 257453074499, 257466398379, 257479434295, 257492786129, 257506016197, 257519440052, 257532414934, 257545612532, 257558024609, 257570981912, 257583560860, 257596365942, 257608963810, 257621905671, 257634471191, 257647130277, 257659862056, 257672625085, 257685405509, 257698050923, 257710779162, 257723409074, 257736124190, 257748939892, 257761555094, 257774306526, 257787073156, 257799634770, 257812334627, 257825145691, 257837837858, 257850226803, 257863468652, 257875952323, 257888702291, 257901286365, 257914370133, 257927045149, 257939698620, 257952379801, 257965112984, 257977841528, 257990482975, 258003289888, 258016001464, 258028696500, 258041344966, 258054136804, 258066716788, 258079366658, 258092203601, 258104763566, 258117568160, 258130410290, 258143046366, 258153543776, 258162252738, 258171816922, 258182566528, 258192758641, 258202192333, 258212748397, 258217959077, 258224211258, 258235779771, 258247122210, 258259399095, 258272775160, 258285920939, 258299210639, 258312395847, 258325693848, 258338913235, 258352208184, 258365391256, 258378777025, 258391926954, 258405162821, 258418446845, 258431657260, 258445114196, 258458182400, 258471474236, 258483968284, 258496663075, 258509274982, 258521980577, 258534797927, 258547134199, 258560183115, 258572762673, 258585741217, 258598256993, 258611015993, 258623731537, 258636463560, 258649220180, 258661673761, 258674529441, 258687054922, 258700108783, 258712366075, 258725465529, 258737954145, 258750863780, 258763551735, 258776088202, 258788997349, 258801723024, 258814355194, 258827007139, 258839729519, 258852419550, 258865244590, 258877698294, 258890622394, 258903257249, 258915964248, 258928664289, 258941411266, 258954217568, 258966536995, 258977725504, 258987258987, 258997824146, 259008277061, 259018429867, 259028360201, 259036091565, 259041352660, 259050928136, 259062497686, 259073702858, 259085266854, 259096214397, 259108513499, 259120817667, 259133988775, 259147181735, 259160584472, 259173544094, 259186939751, 259200147236, 259213214708, 259226624708, 259239653056, 259253042731, 259266458529, 259279517211, 259292963710, 259305973015, 259319158651, 259331654529, 259344413408, 259357124130, 259369573927, 259382464153, 259395161080, 259407887000, 259420680729, 259433307528, 259445680177, 259458935087, 259471184018, 259484318384, 259496842339, 259509580038, 259522336231, 259534772478, 259547959884, 259560529309, 259573345500, 259585729379, 259598164467, 259611380376, 259624120577, 259636633668, 259649344756, 259662072201, 259674797999, 259687558281, 259700115500, 259713132068, 259725496905, 259738604171, 259751269910, 259763764507, 259776643502, 259789134132, 259802060796, 259814566867, 259827356446, 259840071929, 259852398618, 259865381984, 259878354790, 259890750754, 259903764210, 259916424333, 259929182052, 259941839185, 259954532695, 259967485726, 259980094275, 259992823247, 260005428500, 260018122193, 260031048430, 260043647946, 260056189601, 260069101921, 260081730734, 260093353995, 260103999476, 260113659729, 260123749364, 260132659986, 260142882494, 260153328085, 260163421626, 260173395844, 260182342171, 260187543207, 260193979592, 260203220474, 260214923325, 260226010638, 260237275807, 260249054830, 260261530872, 260274591629, 260287875836, 260301033090, 260314472997, 260327689333, 260340943938, 260354137690, 260367544516, 260380659534, 260394083450, 260407295635, 260420588387, 260433830480, 260447142396, 260460376615, 260473540644, 260486177452, 260498926932, 260511479268, 260524254992, 260536842789, 260549634749, 260562380382, 260575026407, 260587696602, 260600482824, 260613112003, 260625897066, 260638255310, 260651353543, 260663776973, 260676828576, 260689251029, 260702114400, 260714807666, 260727527543, 260740002547, 260753042492, 260765682230, 260778303475, 260791031592, 260803702213, 260816425753, 260829093994, 260841867033, 260854492428, 260867334008, 260879887931, 260892784383, 260905289539, 260918148637, 260930644759, 260943575879, 260956275187, 260968705331, 260981814184, 260994297368, 261007097200, 261018834963, 261027291424, 261037169145, 261046988334, 261056177702, 261064699409, 261074727215, 261084897050, 261094511833, 261104834743, 261111235972, 261116565670, 261127202423, 261138420900, 261150018954, 261162264223, 261175405546, 261188878351, 261201850669, 261215269763, 261228276566, 261241719891, 261254990853, 261268181737, 261281643434, 261294639616, 261308042170, 261321210471, 261334489856, 261347918777, 261360993023, 261374414192, 261386930335, 261400088748, 261412718354, 261425569518, 261438141324, 261450918696, 261463682030, 261476259391, 261489064289, 261501651476, 261514507339, 261527205671, 261539846264, 261552609232, 261565286934, 261577986120, 261590735172, 261603416841, 261616177795, 261628805692, 261641575007, 261654042932, 261666878592, 261679682027, 261692386279, 261705134476, 261717641097, 261730504284, 261743051310, 261756179817, 261768779577, 261781566470, 261794054292, 261806844787, 261819435453, 261832170039, 261845125084, 261857749930, 261870275167, 261883202502, 261895535295, 261908668440, 261921169506, 261933973246, 261946698982, 261959405370, 261972042789, 261984728182, 261997540893, 262010301358, 262023072871, 262035667871, 262048408927, 262061206990, 262073816821, 262083602745, 262093212157, 262103663363, 262113864692, 262123951702, 262133480547, 262141919430, 7532878, 16724383, 22404544, 30559797, 41795364, 52970323, 64440203, 76574449, 88285601, 99491810, 111825214, 125085556, 138205639, 151583718, 164598821, 177992159, 191178526, 204448573, 217614250, 230883259, 244029465, 257466870, 270491556, 283891302, 297116915, 310496580, 323216274, 335991388, 348549217, 361350576, 373932819, 387018052, 399569289, 412513348, 425041697, 437959022, 450520392, 463358921, 476049135, 488796111, 501421018, 514188503, 526827325, 539597007, 552316823, 564977313, 577728562, 590492873, 603100384, 615853098, 628441567, 641259344, 653887852, 666643740, 679426666, 691914305, 704851772, 717456537, 730098961, 742872487, 755478412, 768110155, 781119582, 793474653, 806503245, 819220803, 831912543, 844324437, 857407045, 870164764, 881081057, 890895790, 900867017, 911128526, 920328576, 928980470, 934213123, 940745577, 950099008, 960277937, 971523330, 983055283, 994768632, 1005698109, 1018903824, 1032192975, 1045302438, 1058625952, 1071955751, 1085132964, 1098417659, 1111529197, 1124825672, 1138216995, 1151392132, 1164644357, 1177796423, 1191070437, 1204226470, 1217408077, 1230463646, 1242912467, 1255808613, 1268391284, 1281198502, 1293690779, 1306719555, 1319439371, 1332135505, 1344996923, 1357634585, 1370188264, 1383076781, 1395800686, 1408463374, 1421076867, 1433767935, 1446748310, 1459321520, 1471954056, 1484634688, 1497319836, 1510238199, 1522836067, 1535398657, 1548244144, 1560986665, 1573618041, 1586257657, 1599025752, 1611854027, 1624582449, 1637055501, 1650059679, 1662681107, 1675500471, 1688117321, 1700626017, 1713547371, 1726223608, 1738912296, 1751634675, 1764118896, 1777047757, 1789735042, 1802417504, 1815155204, 1827603109, 1840567919, 1853143449, 1865914229, 1878543591, 1891152202, 1904193916, 1916881079, 1929253728, 1942328889, 1954852112, 1967606718, 1980269710, 1992870203, 2002434876, 2013402011, 2024785710, 2035969885, 2046337839, 2055323412, 2064480859, 2073672791, 2083819799, 2093864939, 2104355696, 2114447773, 2121731689, 2127856979, 2134855313, 2146565488, 2157775420, 2169431885, 2181157074, 2193895323, 2207018153, 2220273857, 2233429707, 2246672165, 2259817884, 2273082010, 2286222296, 2299623934, 2312841125, 2326227260, 2339321342, 2352741718, 2365580919, 2379027906, 2392306436, 2405737066, 2418672946, 2431466736, 2444068877, 2456924801, 2469560999, 2482408867, 2495131551, 2507895007, 2520653703, 2533494063, 2546073499, 2558884135, 2571445321, 2584261389, 2596985966, 2609667940, 2622358887, 2635080412, 2647763058, 2660474634, 2673142875, 2685956014, 2698593433, 2711263994, 2723987350, 2736731397, 2749371318, 2762131967, 2774888648, 2787283574, 2800379427, 2812785401, 2825741728, 2838408627, 2850906397, 2863791008, 2876427206, 2889123341, 2901807878, 2914520065, 2927211256, 2939777081, 2952750070, 2965150978, 2975424023, 2985242235, 2994778588, 3003856323, 3012978981, 3022992932, 3031379507, 3040568632, 3050024662, 3058829510, 3068131183, 3078672599, 3084066628, 3089934899, 3101219721, 3113459314, 3126598258, 3139690936, 3153042587, 3165920850, 3179319924, 3192546697, 3205693087, 3219108458, 3232092189, 3245474540, 3258625202, 3271866746, 3285238110, 3298289652, 3311668463, 3324668002, 3338106017, 3351506923, 3364495537, 3377140219, 3389875538, 3402475237, 3415121140, 3427933485, 3440569805, 3453352670, 3466021888, 3478729802, 3491533297, 3503720522, 3516942534, 3529317564, 3542376551, 3554929925, 3567425742, 3580568287, 3592931720, 3605899521, 3618577101, 3631070965, 3643933542, 3656224954, 3669481939, 3682013645, 3694828126, 3707437347, 3719803892, 3732897914, 3745367242, 3758303183, 3770983815, 3783468829, 3796307114, 3808686660, 3821922894, 3834531382, 3847258644, 3860039251, 3872291844, 3885459657, 3897867401, 3910929990, 3923503444, 3935975397, 3949177145, 3961406911, 3974570269, 3987106064, 3999861342, 4012478802, 4025049205, 4038005043, 4050444892, 4060790629, 4070762528, 4081116566, 4091823570, 4100976928, 4109971289, 4119817212, 4129252307, 4139576743, 4146519902, 4151679984, 4160941069, 4172699767, 4184077484, 4195533754, 4207900360, 4221249142, 4234512169, 4247665029, 4260958513, 4274135542, 4287482798, 4300522498, 4313680302, 4327108490, 4340310971, 4353524621, 4366824331, 4379902117, 4393362898, 4406659251, 4419844581, 4432662297, 4445231723, 4458028931, 4470626921, 4483398922, 4496027369, 4508613518, 4521358481, 4534032399, 4546866411, 4559557602, 4572090590, 4585015117, 4597736520, 4610346046, 4623032842, 4635804599, 4648533570, 4661309844, 4673961545, 4686608058, 4699377190, 4712254782, 4724832753, 4737363177, 4750167404, 4762980970, 4775643169, 4788388925, 4800935402, 4813764532, 4826484653, 4839110414, 4851927276, 4864632993, 4877537196, 4890302117, 4902867819, 4915723011, 4928304094, 4941236068, 4953870985, 4966487835, 4979251840, 4991892188, 5004794438, 5017373813, 5030014466, 5042900176, 5055515134, 5068299097, 5080950737, 5093538107, 5106303944, 5118958697, 5131907821, 5144458387, 5157129436, 5169861520, 5182632118, 5194594184, 5206263466, 5216990916, 5228101728, 5240125867, 5252838969, 5265801521, 5278559606, 5291460391, 5304457306, 5317203367, 5330181667, 5342915826, 5355998983, 5368772449, 5381737016, 5394579329, 5407424145, 5420289407, 5432938972, 5445882298, 5458593875, 5470181552, 5479786447, 5490451703, 5500626848, 5510950918, 5521551416, 5528343635, 5533261225, 5543421721, 5554823792, 5567660856, 5580775813, 5594145224, 5607533252, 5620730850, 5634147441, 5647293892, 5660563267, 5673685243, 5686960050, 5700286127, 5713531088, 5726846545, 5740024184, 5753313823, 5766313058, 5779335119, 5792012943, 5804705659, 5817424926, 5829988187, 5842795101, 5855685754, 5868521475, 5881095356, 5893899279, 5906687088, 5919213423, 5932027233, 5944720743, 5957496223, 5970259252, 5982799930, 5995499299, 6008094482, 6021066617, 6033844843, 6046560143, 6059033927, 6071975300, 6084603991, 6097235733, 6110077497, 6122700024, 6135487894, 6148236335, 6160615942, 6173653995, 6186170808, 6199033141, 6211802151, 6224382503, 6237099572, 6249777335, 6262841511, 6275536668, 6288202591, 6300776960, 6313503734, 6326228983, 6338860054, 6351733800, 6364393375, 6377076936, 6389672179, 6402299344, 6415484308, 6427957116, 6440834951, 6453427143, 6466078356, 6478885574, 6491421065, 6502947707, 6513328296, 6523579979, 6533732846, 6542776951, 6548049032, 6555310183, 6566932651, 6578624088, 6591536287, 6604951414, 6618229273, 6631363211, 6644756487, 6657946944, 6671225170, 6684249489, 6697590581, 6710830598, 6724304196, 6737388452, 6750824026, 6763902240, 6777238448, 6789775464, 6802585246, 6815201119, 6828061316, 6840738835, 6853428866, 6866159546, 6878856230, 6891460995, 6904386316, 6916911919, 6929736166, 6942486926, 6955051897, 6967906600, 6980425489, 6993269023, 7005807748, 7018691077, 7031203618, 7044236117, 7056878357, 7069727384, 7082225949, 7095079431, 7107784294, 7120515035, 7133234241, 7145815996, 7158618697, 7171193494, 7184029643, 7196525339, 7209439002, 7221995427, 7235115145, 7247560852, 7260497343, 7273137813, 7285741175, 7298504875, 7311249593, 7323853321, 7336777360, 7349368209, 7361950818, 7374822429, 7387544747, 7400187537, 7412673467, 7421421430, 7431787798, 7441594535, 7450454620, 7460391912, 7470366495, 7478793903, 7483950445, 7491616502, 7501110374, 7512516290, 7524511132, 7537713369, 7550841143, 7564062972, 7577165477, 7590546425, 7603832401, 7616958222, 7630232358, 7643667993, 7656813040, 7670309831, 7683425887, 7696742747, 7710087195, 7723394290, 7736912261, 7749669430, 7762434840, 7774936761, 7787761923, 7800493824, 7813033343, 7825857407, 7838562696, 7851348247, 7863835764, 7876524635, 7889410222, 7902165683, 7914826783, 7927543792, 7940197934, 7953102747, 7965709099, 7978424155, 7991272083, 8003799395, 8016694809, 8029349989, 8041837017, 8054986398, 8067606238, 8080362737, 8092962558, 8105617311, 8118280669, 8131071713, 8143832118, 8156499077, 8168957725, 8182046070, 8194624834, 8207400680, 8220018812, 8232666424, 8245546030, 8258213722, 8270750311, 8283607394, 8296183961, 8309104644, 8321707150, 8334288478, 8347144707, 8359774680, 8372663319, 8385299334, 8397637498, 8410757399, 8423432110, 8436212778, 8448812416, 8461134223, 8474285007, 8487005311, 8499721343, 8512260801, 8525012538, 8535813719, 8546825898, 8558593934, 8571436858, 8584372005, 8597095361, 8610055472, 8622936482, 8635892748, 8648607315, 8661544110, 8674013255, 8686959939, 8699740973, 8712662204, 8725569764, 8738353728, 8751103695, 8763746546, 8776632866, 8789240988, 8802166797, 8814250628, 8824995535, 8835415918, 8845789793, 8855597080, 8865678963, 8874334154, 8879658481, 8887872571, 8897248035, 8908670003, 8920110465, 8932693501, 8945845689, 8959075636, 8972200602, 8985631903, 8998856723, 9012163513, 9025467373, 9038670830, 9051767537, 9064876513, 9078192030, 9091627909, 9104839606, 9118326205, 9131405151, 9144395901, 9157022822, 9169621972, 9182237540, 9195147297, 9207699755, 9220547806, 9233179610, 9245849560, 9258722513, 9271077950, 9284133520, 9296722965, 9309518953, 9322231200, 9334839200, 9347609065, 9359925684, 9373120963, 9385663594, 9398447924, 9411147660, 9423920515, 9436530346, 9449047221, 9462034370, 9474658789, 9487360783, 9500111116, 9512675964, 9525532682, 9538097530, 9550653711, 9563436027, 9576378743, 9588907520, 9601807145, 9614462081, 9626818617, 9640056925, 9652516244, 9665344336, 9678056645, 9690691439, 9703469971, 9716036406, 9728742855, 9741432947, 9754564017, 9767170552, 9779770618, 9792679032, 9805049850, 9818112133, 9830665263, 9841879162, 9852445602, 9862880268, 9872940789, 9881799470, 9890802072, 9900624312, 9907033964, 9912353042, 9923188952, 9934216999, 9945577932, 9958032918, 9971168687, 9984468519, 9997549723, 10010790961, 10024182528, 10037301819, 10050558010, 10063707635, 10077002095, 10090430528, 10103564710, 10116886881, 10130223639, 10143607272, 10157104368, 10169979763, 10182807428, 10195269310, 10208076589, 10220813129, 10233301500, 10246239211, 10258870465, 10271644602, 10284364846, 10296899054, 10309759678, 10322333193, 10335152069, 10347898680, 10360310452, 10373356928, 10385915428, 10398596853, 10411375202, 10423926561, 10436937453, 10449598248, 10462180370, 10475085732, 10487584723, 10500479710, 10513190249, 10525636079, 10538619017, 10551171292, 10564006403, 10576727623, 10589109244, 10602135700, 10614826768, 10628393750, 10640919292, 10653580148, 10666375587, 10679106999, 10691928500, 10704646790, 10717225493, 10730166805, 10742777857, 10755517143, 10768168173, 10780821339, 10793699418, 10806314254, 10819032972, 10831608379, 10844290353, 10857307349, 10869884770, 10882428866, 10895363587, 10907985381, 10920817501, 10933449549, 10945734857, 10956972926, 10968040586, 10979210113, 10990943725, 11002938079, 11015985104, 11029256860, 11042161124, 11055412738, 11068859419, 11081939098, 11095284584, 11108426213, 11120967013, 11133659791, 11146394805, 11158771787, 11171832545, 11184519585, 11197148703, 11209997913, 11222188739, 11235470382, 11248089979, 11260788677, 11273759774, 11286438208, 11299100712, 11311872164, 11324383607, 11337316008, 11349889767, 11362592249, 11375444389, 11387947836, 11400996692, 11413515642, 11426338546, 11439291577, 11451863322, 11464745125, 11477377539, 11489986271, 11502789644, 11515473877, 11528238004, 11540990108, 11553595117, 11566363578, 11579184529, 11591499805, 11604516495, 11616670395, 11627104450, 11636031613, 11645574069, 11655066171, 11665201582, 11675297442, 11685330498, 11694983610, 11703413764, 11712039047, 11720544336, 11725877452, 11734419544, 11746284992, 11758578601, 11771767288, 11785056744, 11798020761, 11811153418, 11824453493, 11837603301, 11850902278, 11864224083, 11877547047, 11890867081, 11904081097, 11917514229, 11930594457, 11944094056, 11957429899, 11970717279, 11984008871, 11996830982, 12009342302, 12022015976, 12034786756, 12047528545, 12060421884, 12073186011, 12085877324, 12098593417, 12111226502, 12124009733, 12136426450, 12149436487, 12162141716, 12174834371, 12187550037, 12200127642, 12212772324, 12225741773, 12238468547, 12251195992, 12263983008, 12276606145, 12289158114, 12302042664, 12314555632, 12327562435, 12340260340, 12352921196, 12365672201, 12378124561, 12391095414, 12403718185, 12416733654, 12429299906, 12442083992, 12454705969, 12467250066, 12480252474, 12492755616, 12505647733, 12518347652, 12531138147, 12543736625, 12556334738, 12569109973, 12581872331, 12594815047, 12607549633, 12620012004, 12632817696, 12645214332, 12658438358, 12670995272, 12681832036, 12692150979, 12701090837, 12711019888, 12721187160, 12731495483, 12741909336, 12752477424, 12758991018, 12764280006, 12773831251, 12783306752, 12794709066, 12806306449, 12817866722, 12830777272, 12844135453, 12857380842, 12870495676, 12883861365, 12896880497, 12910249481, 12923528988, 12936640282, 12950050954, 12963311845, 12976536787, 12989667368, 13002761146, 13016127079, 13029511993, 13042581357, 13055220362, 13067832757, 13080636618, 13093248524, 13106046465, 13118646958, 13131171828, 13144214702, 13156773081, 13169577003, 13182125128, 13194506566, 13207857545, 13220340972, 13233168698, 13245737758, 13258588311, 13271265708, 13284005848, 13296903581, 13309624801, 13322167738, 13335039958, 13347671213, 13360323524, 13373189214, 13385687656, 13398611207, 13411222930, 13423691465, 13436765955, 13449329827, 13462068381, 13474902943, 13487095721, 13500358688, 13512881605, 13525622845, 13538123179, 13550991798, 13564137822, 13576704440, 13589352662, 13602223845, 13614692807, 13627612330, 13640246208, 13652830771, 13665756031, 13678276323, 13691176315, 13703757764, 13716269878, 13729304574, 13741880958, 13754700566, 13767319125, 13779904237, 13792827178, 13805571347, 13817369168, 13826452824, 13836118265, 13847103223, 13859514385, 13872440377, 13885017615, 13898112308, 13910812654, 13923801818, 13936627713, 13949473200, 13962362815, 13975151296, 13988003314, 14000788559, 14013687391, 14026579509, 14039368905, 14052206824, 14065194339, 14077945161, 14091083250, 14103799587, 14115311643, 14125452608, 14134140025, 14143661301, 14154137349, 14162940854, 14171882482, 14182116647, 14191938094, 14201332724, 14210383787, 14215330857, 14222461087, 14233824034, 14245359405, 14257237671, 14268288790, 14280330568, 14292117281, 14303725345, 14315166905, 14327013676, 14338663305, 14350423223, 14362053076, 14373701301, 14385415687, 14397102303, 14408784646, 14420737741, 14432501993, 14444205210, 14455991862, 14467293041, 14479677714, 14491370983, 14503076458, 14514128432, 14526903118, 14538605115, 14551400675, 14564437141, 14577826328, 14590956360, 14604294094, 14617641167, 14630665060, 14644121812, 14657104506, 14670563273, 14683854254, 14696649449, 14709301333, 14721853730, 14734617064, 14747396511, 14760129572, 14772906639, 14785552114, 14798214618, 14810900255, 14824007033, 14836570172, 14849321055, 14862119728, 14874668585, 14887662510, 14900339296, 14912983978, 14925772825, 14938443691, 14951443779, 14963982199, 14976795765, 14989542193, 15001970017, 15014875685, 15027445721, 15040321176, 15053101722, 15065487250, 15078493381, 15091140870, 15103883269, 15116634641, 15129004909, 15142046563, 15154612815, 15167410817, 15179964557, 15192505845, 15205632399, 15218189007, 15230970652, 15243523110, 15255890937, 15269120456, 15281778810, 15294497650, 15307130674, 15319548733, 15328555302, 15339011513, 15349821177, 15359373826, 15369647299, 15380149225, 15386383950, 15391917444, 15401747436, 15413515656, 15425183045, 15436777132, 15449685973, 15462961940, 15476069084, 15489458515, 15502746811, 15515903028, 15529175760, 15542352606, 15555747347, 15568783141, 15582181300, 15595447685, 15608549092, 15621833787, 15634978406, 15648141520, 15660669808, 15673539160, 15686117497, 15698896822, 15711539063, 15724146635, 15737084102, 15749609705, 15762618705, 15775311299, 15787981921, 15800713456, 15813231917, 15826140942, 15838644328, 15851676765, 15864257971, 15877023990, 15889760530, 15902352356, 15915166166, 15927773922, 15940702477, 15953311393, 15966080769, 15978814318, 15991253190, 16004272871, 16016733289, 16029671488, 16042375069, 16055015051, 16067774906, 16080224642, 16093189941, 16105785368, 16118438045, 16131283410, 16143937919, 16156710591, 16169034840, 16182151688, 16194796004, 16207525525, 16220095012, 16232939095, 16245579504, 16258018621, 16271128633, 16283780334, 16296470182, 16309238277, 16321563075, 16334698356, 16347178793, 16357019588, 16365670933, 16374566235, 16384578782, 16394834127, 16403214416, 16413108617, 16421901136, 16431245777, 16441900840, 16446904490, 16451831174, 16462539093, 16474317688, 16485952058, 16497922792, 16510963224, 16524188655, 16537462607, 16550647388, 16564071731, 16577160260, 16590527169, 16603728429, 16616888429, 16630195524, 16643291316, 16656710044, 16669959216, 16683152298, 16696458416, 16709574532, 16722875890, 16735903628, 16748568451, 16761142027, 16773797391, 16786653254, 16799247399, 16812035086, 16824771991, 16837175341, 16850270400, 16862803083, 16875555797, 16888261331, 16900961738, 16914013706, 16926724611, 16939133576, 16952124998, 16964688625, 16977548761, 16990197288, 17002705679, 17015604511, 17028398912, 17040956985, 17053868878, 17066495921, 17079101480, 17091821479, 17104640416, 17117122317, 17129871064, 17142800108, 17155471401, 17168134516, 17180880882, 17193520986, 17206372943, 17219174668, 17231734145, 17244567487, 17257158275, 17269852029, 17282617865, 17295190648, 17308074831, 17320830414, 17333448851, 17346161526, 17358601435, 17371785056, 17384377981, 17397109027, 17409817613, 17422483169, 17435402997, 17448056529, 17460792763, 17473428961, 17486107518, 17496026254, 17504778918, 17515619893, 17528247302, 17540991777, 17553208054, 17563999530, 17574432670, 17584523098, 17590240186, 17595977476, 17607333953, 17618855835, 17631709867, 17644625728, 17658026206, 17671019093, 17684109391, 17697369855, 17710548288, 17723955786, 17737267214, 17750401458, 17763833857, 17776961143, 17790280750, 17803624588, 17816760541, 17830070932, 17842658607, 17855451238, 17868047946, 17880768128, 17893561003, 17906143369, 17918974513, 17931701470, 17944169638, 17957157948, 17969666277, 17982543197, 17995263868, 18007697491, 18020683481, 18033418922, 18045970098, 18058670627, 18071189211, 18084283477, 18096979550, 18109371059, 18122179498, 18134892905, 18147892384, 18160512224, 18172951096, 18186070997, 18198480999, 18211369577, 18223967018, 18236824590, 18249502780, 18262270509, 18274903777, 18287643491, 18300240077, 18313005608, 18325653037, 18338576161, 18351090045, 18363538011, 18376695570, 18389344341, 18401923594, 18414847144, 18427527898, 18440397494, 18453001222, 18465715606, 18478408444, 18491100062, 18503814690, 18516615072, 18528991872, 18542036516, 18554699753, 18567277540, 18579970196, 18592470774, 18605634559, 18618269109, 18630001501, 18640762155, 18651479168, 18662572890, 18673914291, 18685219926, 18695970326, 18706162805, 18716197936, 18726274021, 18736722663, 18745936202, 18755760456, 18760975958, 18767111929, 18778176659, 18790617850, 18803965106, 18816930710, 18830320141, 18843313760, 18856384588, 18869703829, 18882862060, 18896115322, 18909522392, 18922584797, 18936058457, 18949200025, 18962536782, 18975975591, 18989029512, 19002477537, 19015436000, 19028263909, 19040902427, 19053539418, 19066269610, 19078989060, 19091773024, 19104564251, 19117306406, 19129854530, 19142494207, 19155493564, 19168256776, 19180587005, 19193783505, 19206166042, 19219070672, 19231742392, 19244359608, 19257179949, 19269811875, 19282556288, 19295343120, 19307732310, 19320715797, 19333372381, 19345982090, 19358919923, 19371313568, 19384447873, 19397057887, 19409618524, 19422607504, 19435056691, 19448097551, 19460707504, 19473132765, 19486158977, 19498703318, 19511534706, 19524132330, 19536691441, 19549816712, 19562343413, 19575043027, 19587811915, 19600045893, 19613353415, 19625912953, 19638718584, 19651308762, 19663713698, 19676728191, 19689321543, 19701942543, 19714732428, 19727375156, 19740326234, 19753014190, 19765290892, 19778455470, 19791070306, 19802158046, 19813303220, 19824178253, 19835924012, 19848614226, 19861598934, 19874455468, 19887466238, 19900491229, 19913378648, 19926366896, 19939154461, 19952114022, 19965137731, 19978008243, 19990931367, 20003542296, 20016391995, 20029179621, 20041934776, 20054472403, 20067024189, 20079846239, 20092621536, 20105293195, 20118128123, 20130899026, 20143533454, 20156218480, 20168918460, 20181548554, 20194293822, 20206897183, 20219672419, 20232497460, 20245120413, 20257796650, 20268688041, 20277946074, 20287950565, 20297261088, 20307275649, 20317424915, 20327185511, 20337032287, 20347317417, 20357603585, 20362942743, 20369130105, 20380745798, 20392601847, 20405544685, 20418512181, 20431709413, 20444852018, 20458169733, 20471230186, 20484507618, 20497834671, 20511238567, 20524536446, 20537734166, 20551217164, 20564300687, 20577809808, 20590857626, 20604314257, 20617410537, 20630232769, 20642838816, 20655500344, 20668220831, 20680984715, 20693508669, 20706400238, 20719142271, 20731684536, 20744438593, 20757091026, 20770107350, 20782793170, 20795459641, 20808210036, 20820847394, 20833591746, 20846201272, 20859044806, 20871530431, 20884538576, 20897238495, 20909901060, 20922728603, 20935438653, 20947998619, 20960586111, 20973491534, 20986005357, 20999135878, 21011699261, 21024463572, 21037230690, 21049885687, 21062514439, 21075214663, 21088042938, 21100425230, 21113602443, 21126119989, 21138929709, 21151660695, 21164320575, 21177056870, 21189766371, 21202309735, 21214926890, 21227909279, 21240415045, 21253428989, 21265996584, 21277148655, 21286433970, 21296299973, 21306037070, 21315875179, 21326406158, 21334237315, 21339896236, 21350359344, 21362050720, 21375264126, 21388480462, 21401765890, 21415012926, 21428461195, 21441532328, 21455006659, 21468172580, 21481485778, 21494679226, 21507994438, 21521225545, 21534722764, 21547795972, 21561264077, 21574109198, 21586858433, 21599533206, 21612181061, 21624730407, 21637600064, 21650203303, 21663005638, 21675540762, 21688420551, 21700839465, 21714108962, 21726672712, 21739484752, 21752140237, 21764965643, 21777619847, 21790305239, 21803044403, 21815813902, 21828577053, 21841212885, 21853939537, 21866580251, 21879385150, 21892142015, 21904780593, 21917469037, 21930120067, 21942920693, 21955693854, 21968117955, 21981122133, 21993702179, 22006446165, 22018949673, 22031776972, 22044060022, 22057344839, 22069818440, 22082937302, 22095405898, 22108245282, 22120832103, 22133626138, 22146368109, 22158963658, 22171708377, 22182099707, 22190942214, 22199858817, 22209765957, 22219868043, 22226977522, 22232295258, 22241026803, 22250455245, 22261638261, 22273031359, 22284092610, 22296223194, 22309480668, 22322662946, 22335950571, 22349162512, 22362568056, 22375631744, 22389024898, 22401845177, 22415282338, 22428477128, 22441798078, 22455011667, 22468372107, 22481530642, 22494994109, 22508063533, 22520836572, 22533393058, 22546122518, 22558852161, 22571482866, 22584253280, 22597014478, 22609642131, 22622407601, 22635028724, 22647732732, 22660561617, 22673153565, 22685914824, 22698632076, 22711338831, 22724073601, 22736741903, 22749499744, 22762251054, 22774979293, 22787598523, 22800456889, 22813077645, 22825668372, 22838578923, 22851063388, 22863962647, 22876595366, 22889307125, 22902086573, 22914722527, 22927476950, 22940173450, 22952912248, 22965636825, 22978376538, 22990945842, 23003800424, 23016419410, 23029163884, 23041852145, 23054541871, 23066262178, 23076760625, 23087050760, 23095026997, 23100174322, 23109525434, 23121561292, 23132973677, 23144713759, 23155552171, 23168145706, 23181521465, 23194490121, 23207763402, 23221188722, 23234178862, 23247602717, 23260615196, 23274044971, 23287474258, 23300483990, 23313935433, 23327209203, 23340351808, 23353324309, 23365978329, 23378697535, 23391354302, 23403991294, 23416765309, 23429434954, 23442260666, 23454866957, 23467667705, 23480406198, 23492861061, 23505719427, 23518464572, 23531125184, 23543998687, 23556368345, 23569385646, 23582055840, 23594679282, 23607493336, 23620217058, 23633066696, 23645741895, 23658493145, 23671327584, 23683851173, 23696749699, 23709389987, 23722082887, 23734821379, 23747452267, 23760380274, 23772977165, 23785362205, 23798467151, 23811101274, 23823834396, 23836561475, 23848842633, 23862125985, 23874624793, 23887436711, 23900035007, 23912876527, 23925780851, 23938441891, 23951139185, 23963872368, 23976394491, 23989364551, 24002002580, 24014474167, 24026063187, 24039176984, 24052240977, 24065490272, 24078167241, 24090743015, 24103565919, 24115710053, 24128990780, 24141504542, 24153530879, 24164968960, 24176433042, 24187800200, 24200679623, 24213476587, 24226421805, 24239213521, 24252101488, 24265036331, 24277835980, 24290758799, 24303755714, 24316547917, 24329427340, 24342190308, 24354954863, 24367735225, 24381007408, 24391783931, 24402755705, 24413422730, 24423720739, 24433546824, 24443746078, 24449363801, 24454579730, 24464668144, 24476634605, 24488107415, 24499886132, 24510819088, 24523075648, 24534806514, 24546740688, 24559811150, 24573214741, 24586417405, 24599526807, 24612924905, 24625929267, 24639359164, 24652681090, 24665836574, 24679144096, 24692328389, 24705633164, 24719063794, 24732162698, 24744790779, 24757289404, 24770067020, 24782832918, 24795456665, 24808231900, 24820910884, 24833622705, 24846373221, 24858878927, 24871793994, 24884446305, 24897317976, 24909940808, 24922476115, 24935346931, 24948080175, 24960655338, 24973328157, 24985813843, 24998959134, 25011632503, 25024329614, 25037061210, 25049814839, 25062857408, 25075424088, 25088114729, 25100813610, 25113424784, 25126341377, 25138971105, 25151574222, 25164485200, 25176852539, 25189918545, 25202637812, 25215093347, 25227925528, 25240496358, 25253435778, 25266174515, 25278613814, 25291580883, 25304286111, 25317013496, 25329715673, 25342292057, 25355215302, 25367984679, 25380413053, 25393335566, 25405898827, 25418846060, 25431560810, 25444061022, 25456792862, 25469629133, 25482345165, 25494997965, 25507324349, 25516237595, 25525242943, 25535824093, 25547049406, 25558322509, 25569750398, 25581083804, 25593422945, 25603821477, 25613240399, 25623899063, 25633253592, 25643292324, 25653154603, 25659707443, 25664393588, 25674488838, 25685917581, 25698638495, 25711543797, 25724917420, 25738333828, 25751331171, 25764734579, 25777774523, 25791094375, 25804513285, 25817519112, 25830936558, 25844292297, 25857617581, 25871100945, 25884082052, 25897500230, 25910876355, 25924051981, 25936701118, 25949120154, 25962029057, 25974718233, 25987511413, 26000134184, 26012754879, 26025422510, 26038189994, 26050966024, 26063705005, 26076100176, 26089138106, 26101824536, 26114453593, 26127259530, 26139830664, 26152772160, 26165496797, 26178106384, 26190753141, 26203484371, 26216451257, 26229042533, 26241696859, 26254451709, 26267067155, 26279984236, 26292577710, 26305251078, 26317975777, 26330676550, 26343375004, 26355871554, 26368609681, 26381367888, 26394266414, 26406902429, 26419714530, 26432187643, 26445261523, 26457837113, 26470457565, 26483117200, 26495880534, 26508641976, 26521231116, 26533904485, 26546714022, 26559488526, 26572296659, 26584907162, 26597378687, 26610303154, 26623056051, 26635639942, 26648473283, 26661214400, 26673920117, 26686692485, 26698723338, 26708523300, 26717105249, 26726839721, 26735924964, 26746266368, 26755101306, 26760150610, 26767926591, 26777318168, 26786329681, 26795854742, 26806688759, 26818315622, 26829929667, 26842297433, 26855264014, 26868659853, 26881596710, 26894947994, 26908371727, 26921341664, 26934754411, 26947795149, 26961188852, 26974494604, 26987632205, 27001079863, 27014184444, 27027521019, 27040853016, 27054048783, 27066801985, 27079496472, 27092182413, 27104924995, 27117668127, 27130332706, 27142998201, 27155719421, 27168475736, 27181169612, 27193776636, 27206516593, 27219268270, 27232068164, 27244401811, 27257510909, 27270211377, 27282782633, 27295448800, 27307911170, 27321050297, 27333718721, 27346298584, 27359079435, 27371454403, 27384666284, 27397294914, 27409899496, 27422850268, 27435148882, 27448302534, 27460854565, 27473589823, 27486225106, 27498916480, 27511915287, 27524507662, 27537128967, 27549852323, 27562544185, 27575323999, 27587997245, 27600554464, 27613331348, 27626014726, 27638887313, 27651546277, 27664202250, 27677217354, 27689940771, 27702536259, 27715285860, 27727931152, 27740866300, 27753477290, 27766169213, 27778809501, 27791526509, 27804393847, 27817033585, 27829484969, 27839491474, 27850250785, 27861275110, 27871498167, 27881509067, 27891710213, 27902319072, 27912849075, 27921912589, 27930742522, 27939856452, 27949829571, 27956136378, 27962122752, 27973618206, 27984938307, 27997719524, 28011090461, 28024117589, 28037542298, 28050625944, 28063836481, 28077257528, 28090439013, 28103667739, 28116919353, 28130086495, 28143463902, 28156594850, 28170105069, 28183303705, 28196580282, 28209891405, 28222782302, 28235574567, 28248260875, 28260865274, 28273612067, 28286178197, 28299030581, 28311577485, 28324322020, 28337184780, 28349905817, 28362596214, 28375227591, 28387938435, 28400551439, 28413456741, 28425925215, 28438855480, 28451406351, 28464079719, 28477140965, 28489450504, 28502546540, 28515069274, 28527540067, 28540469660, 28552761316, 28566059927, 28578246602, 28591405870, 28603810563, 28616647505, 28629633189, 28641827006, 28655096198, 28666104226, 28676722913, 28687145249, 28697254171, 28706843502, 28711996626, 28717753569, 28726831793, 28737767190, 28749729317, 28760957316, 28772796153, 28785207254, 28798570196, 28811644992, 28824764099, 28837992885, 28851217400, 28864292745, 28877606432, 28890895094, 28904069560, 28917181464, 28930534641, 28943618836, 28956838040, 28970072564, 28983282003, 28996182788, 29008728105, 29021451766, 29034072889, 29046720440, 29059529184, 29072182227, 29084927739, 29097642123, 29110508301, 29123027434, 29135853512, 29148526453, 29161085625, 29174072836, 29186669361, 29199094927, 29212136032, 29224861097, 29237117169, 29250212961, 29262862464, 29275489446, 29288162143, 29301174744, 29313646575, 29326092832, 29335362462, 29346017037, 29356625957, 29366851944, 29376966664, 29383716830, 29388824971, 29399222467, 29410850062, 29422645991, 29434013271, 29446281062, 29457567227, 29469214414, 29482584924, 29495778982, 29509071551, 29522302291, 29535403637, 29548726967, 29561976811, 29575297517, 29588476255, 29601767236, 29615030142, 29628251666, 29641531600, 29654738292, 29667457315, 29680154426, 29692802037, 29705613955, 29718154939, 29730982421, 29743610013, 29756335078, 29769149437, 29781693106, 29794449177, 29807279222, 29819785782, 29832704450, 29845371227, 29857760172, 29870926948, 29883580358, 29895895573, 29909092560, 29921551696, 29934416287, 29947182612, 29959621240, 29972753530, 29985193684, 29997922655, 30010792190, 30023395735, 30036182445, 30048855813, 30061681708, 30074264013, 30087090152, 30099846467, 30112338134, 30122932223, 30132299631, 30142206649, 30152140400, 30162924430, 30173192531, 30181965580, 30192040261, 30201704665, 30208779293, 30214036360, 30224002399, 30236027637, 30247216023, 30259422596, 30270588339, 30282353324, 30293989830, 30306270377, 30317598900, 30331000355, 30343959611, 30357260664, 30370564035, 30383649268, 30397028506, 30410234222, 30423322995, 30436720177, 30449813649, 30462983843, 30476342329, 30489429210, 30502811011, 30515942630, 30528566622, 30541275024, 30553981229, 30566489803, 30579388391, 30591952873, 30604643026, 30617580554, 30629979814, 30642863326, 30655719616, 30668288127, 30680949837, 30693743018, 30706382756, 30719253206, 30731562867, 30744643339, 30757167843, 30769896265, 30782772636, 30795301412, 30808206470, 30820812211, 30833361618, 30846381421, 30858846233, 30871870125, 30884519812, 30896221076, 30906614116, 30917144545, 30927326709, 30936302333, 30941237562, 30949523308, 30960631739, 30971688107, 30983125211, 30994057984, 31006251251, 31018480956, 31031735438, 31044863884, 31058269245, 31071248033, 31084638379, 31097917337, 31111062872, 31124463900, 31137375976, 31150776149, 31164105766, 31177228108, 31190664902, 31203691602, 31216615214, 31229242074, 31241829505, 31254588017, 31267218905, 31280109803, 31292900297, 31305252744, 31318311548, 31330783379, 31343648458, 31356425952, 31368817400, 31381777877, 31394469434, 31407191631, 31419521494, 31432458717, 31445206487, 31457963901, 31470557679, 31483184112, 31495727476, 31508843226, 31521558830, 31533997825, 31546876393, 31559522967, 31572465683, 31585292371, 31597522564, 31610665536, 31623144996, 31636143620, 31648631015, 31661273866, 31674035369, 31686825741, 31699604456, 31712102227, 31724779990, 31737646351, 31750218768, 31763013657, 31775957471, 31788407879, 31801260995, 31813861427, 31826453436, 31839309909, 31852131654, 31865176481, 31877802486, 31890274073, 31903103630, 31915675009, 31928558765, 31941402543, 31953945663, 31966745923, 31979198467, 31991070995, 32002104841, 32012828081, 32023907154, 32036490007, 32049214523, 32061910841, 32073296127, 32082191062, 32091057556, 32101080723, 32109754468, 32119350452, 32125811617, 32130824239, 32141258111, 32153339257, 32165161065, 32176910607, 32189385246, 32202768818, 32216115280, 32229143384, 32242547890, 32255518744, 32268921968, 32282177489, 32295322719, 32308743644, 32321744709, 32335118882, 32348428235, 32361569742, 32374862188, 32388002474, 32401206969, 32413787931, 32426500361, 32439116662, 32451647453, 32464586446, 32477196704, 32489993729, 32502798994, 32515358899, 32528300699, 32540957344, 32553459753, 32566466861, 32578895723, 32591615295, 32604614957, 32616749935, 32629942712, 32642592765, 32655370259, 32667788684, 32680308916, 32693484236, 32706152844, 32718785868, 32731328561, 32743907996, 32757196170, 32769663118, 32782615844, 32795222440, 32807752376, 32820892052, 32833351127, 32846078572, 32858676623, 32871324784, 32884127913, 32896923352, 32909521586, 32922383064, 32935053442, 32947729740, 32960291109, 32972984497, 32985765714, 32998532222, 33011359216, 33023901420, 33036427206, 33049715197, 33062322281, 33074812484, 33087669567, 33100388834, 33113527411, 33126018651, 33138656864, 33151328706, 33164127562, 33175400605, 33187187745, 33198476168, 33211569030, 33224914455, 33238169670, 33251442097, 33264864243, 33277787916, 33290357891, 33303135874, 33315590676, 33328544012, 33341056126, 33353737062, 33366674041, 33379155882, 33391927639, 33404490595, 33417558676, 33429903616, 33442765399, 33455291429, 33468115310, 33480805768, 33493500438, 33506100320, 33519011237, 33531646397, 33544465822, 33557156341, 33569963865, 33582693324, 33595674553, 33608359763, 33621079396, 33633726275, 33646440659, 33659093703, 33671798016, 33684569834, 33697157448, 33710062261, 33722492893, 33735341982, 33748064239, 33760681882, 33773382289, 33786137872, 33798711021, 33811714650, 33824072895, 33837069077, 33849427017, 33862621197, 33875187632, 33887976845, 33900669561, 33913643100, 33926137758, 33939023894, 33951566953, 33964371547, 33977038201, 33989774985, 34002474110, 34013799826, 34024402155, 34034737333, 34043589117, 34053632365, 34063342302, 34073624441, 34082698941, 34092788027, 34097693227, 34103354589, 34112342054, 34123123154, 34134170489, 34145035330, 34156928671, 34169567310, 34182697099, 34195972699, 34209259714, 34222328650, 34235731448, 34248808257, 34262060055, 34275192772, 34288280935, 34301641984, 34314849165, 34328109385, 34341280738, 34354398624, 34367778473, 34380984494, 34394133142, 34406786918, 34419301351, 34431995472, 34444712724, 34457502547, 34470188672, 34482696086, 34495604440, 34507866737, 34521119328, 34533481723, 34546474304, 34559072966, 34571361082, 34584340235, 34596970635, 34609986166, 34622469166, 34635175005, 34648050827, 34660519911, 34673517497, 34686175912, 34698932776, 34711650945, 34724085849, 34737045228, 34749302948, 34762549130, 34774755336, 34787980461, 34800368369, 34813159779, 34823495324, 34834060482, 34843047459, 34852467601, 34862060411, 34871662193, 34880770385, 34885474413, 34893482144, 34904525573, 34915694917, 34928616881, 34941500637, 34954669060, 34967918111, 34981071764, 34994396925, 35007536296, 35020672859, 35034043186, 35047146485, 35060551235, 35073569269, 35086899374, 35100032458, 35113258864, 35126600627, 35139655464, 35152821263, 35165459658, 35178026277, 35190810118, 35203231962, 35216198542, 35228891381, 35241658743, 35254292500, 35267027086, 35279875381, 35292397016, 35305101330, 35317700846, 35330665900, 35343168981, 35355820987, 35368813691, 35381429992, 35394150662, 35406639461, 35419569665, 35432240042, 35444706929, 35457603869, 35470278092, 35483144697, 35495890514, 35508377482, 35520975228, 35533937536, 35546210332, 35559391694, 35571686157, 35584868802, 35597144344, 35610009118, 35621037472, 35630966889, 35641289495, 35651660989, 35657514490, 35662534619, 35672126086, 35683819415, 35695096852, 35707796893, 35720907333, 35733958691, 35746974954, 35760353765, 35773536593, 35786843138, 35799966640, 35813270439, 35826433918, 35839862656, 35852896558, 35866350747, 35879397650, 35892832552, 35905890441, 35918714017, 35931367732, 35943982385, 35956716544, 35969442036, 35982126635, 35994874039, 36007621321, 36020234936, 36032996622, 36045547371, 36058298071, 36070877873, 36083716463, 36096385620, 36108922514, 36121853938, 36134428247, 36147302848, 36159573874, 36172807604, 36185052690, 36198171919, 36210774121, 36223559122, 36236321968, 36249033300, 36261741032, 36274618440, 36287167846, 36299982633, 36312568782, 36325358056, 36338140433, 36350699788, 36363382434, 36376268448, 36388884627, 36401549267, 36414115519, 36427049568, 36439734839, 36452193120, 36465195711, 36477566590, 36490453092, 36501992248, 36511175696, 36521332469, 36531941084, 36541778340, 36548469057, 36553140127, 36563880883, 36575557306, 36588069115, 36601146962, 36614394792, 36627796064, 36640898813, 36654221960, 36667338870, 36680778167, 36693962764, 36707144860, 36720608387, 36733599138, 36746983747, 36760024729, 36773411841, 36786775027, 36799463715, 36812149474, 36824757290, 36837397761, 36849990563, 36862883536, 36875407124, 36888240831, 36900960220, 36913506331, 36926205822, 36939248574, 36951622871, 36964735631, 36977267459, 36990228302, 37003010740, 37015335294, 37028447565, 37040756982, 37053587576, 37066524005, 37078954821, 37091764786, 37104277693, 37117345836, 37130017495, 37142829535, 37155466161, 37167724064, 37180927887, 37193521727, 37206102383, 37219024164, 37231454247, 37244211417, 37256914326, 37270013658, 37282675552, 37295231001, 37307928966, 37320400187, 37333282478, 37346200413, 37358581668, 37371724213, 37384136168, 37396916470, 37409655940, 37422158471, 37435091543, 37447890217, 37460500048, 37473016434, 37486086774, 37498701122, 37511145731, 37524121040, 37536802770, 37548358954, 37558688273, 37569057875, 37579329272, 37588990869, 37597111881, 37602252248, 37610085114, 37619850592, 37630952553, 37643084297, 37656092198, 37669519288, 37682516142, 37695916193, 37708745018, 37721997120, 37735122880, 37748380109, 37761589182, 37774819372, 37787980349, 37801270232, 37814426693, 37827847557, 37840844228, 37854112443, 37867092574, 37879853466, 37892403483, 37905106514, 37917854590, 37930514103, 37943279512, 37955903504, 37968686613, 37981428279, 37994038782, 38006833244, 38019474447, 38032202075, 38044778703, 38057429672, 38070293347, 38083128275, 38095612680, 38108494666, 38120712835, 38133906771, 38146272828, 38159295866, 38171614133, 38184647974, 38197137627, 38210125570, 38222510609, 38235392656, 38248075424, 38260857191, 38273517009, 38286296762, 38298842384, 38311540899, 38324459628, 38337252320, 38349640166, 38362550595, 38375064296, 38387936577, 38400500937, 38413270253, 38425145283, 38435739067, 38445796598, 38454197821, 38463757977, 38472941181, 38480859557, 38486077439, 38495626670, 38506840997, 38518393641, 38529276914, 38541007108, 38553835444, 38566803795, 38580191029, 38593183122, 38606546491, 38619692942, 38632963782, 38646117923, 38659366607, 38672519772, 38685820153, 38698958852, 38712336198, 38725356185, 38738771372, 38751798256, 38764926030, 38777517245, 38790106507, 38802851836, 38815360776, 38828095668, 38840923149, 38853679709, 38866324330, 38878675494, 38891574265, 38904508985, 38917192485, 38929453196, 38942725318, 38954706489, 38968048007, 38980148379, 38993459319, 39005591002, 39018878443, 39031333307, 39044143149, 39056951161, 39069703631, 39082411118, 39095203810, 39107957622, 39120736703, 39133387306, 39146261052, 39158770480, 39171556031, 39184300933, 39196983273, 39209492885, 39222313531, 39234985190, 39247883045, 39260348406, 39273270798, 39285950269, 39298281781, 39311313608, 39322558757, 39332183611, 39342371634, 39351503507, 39361817812, 39371534706, 39380266373, 39390369314, 39399452726, 39408821842, 39416897810, 39421876862, 39432786747, 39444382542, 39456139897, 39468326328, 39481523988, 39494650297, 39508004083, 39520999961, 39534365893, 39547496719, 39560727276, 39573865426, 39587118749, 39600300661, 39613663664, 39626686519, 39640062888, 39653045338, 39666228837, 39679279646, 39692675791, 39705474525, 39718312627, 39730919345, 39743702333, 39756001495, 39769239987, 39781433010, 39794450921, 39807137595, 39819819752, 39832267108, 39845352951, 39857682998, 39870767376, 39883272288, 39895988381, 39908457282, 39921554660, 39934268983, 39946836822, 39959310484, 39972537013, 39984893549, 39997670554, 40010128042, 40023237445, 40035826035, 40048455092, 40060989423, 40073977061, 40086225748, 40099479193, 40111772557, 40124921205, 40137163972, 40150421262, 40162885036, 40175593988, 40188165184, 40201199635, 40213535541, 40226617539, 40239118240, 40249647265, 40259775413, 40270218807, 40279556246, 40289450935, 40299386396, 40308459493, 40318707086, 40323976848, 40330040553, 40339828797, 40351076388, 40362394657, 40374499363, 40386950625, 40400297209, 40413493709, 40426716148, 40439823964, 40452820573, 40466176435, 40479141673, 40492536231, 40505794681, 40519023712, 40532291561, 40545346276, 40558587087, 40571719683, 40585109236, 40598364573, 40611341225, 40623967718, 40636670567, 40649268984, 40661892182, 40674604429, 40687328213, 40700063532, 40712741783, 40725444143, 40738392718, 40750684191, 40763779433, 40776111066, 40789091075, 40801673745, 40814660956, 40827087621, 40840013857, 40852519135, 40865235960, 40878295986, 40890929315, 40903558006, 40916101492, 40928771137, 40941738877, 40954491835, 40967035749, 40979907359, 40992456155, 41005308966, 41017955540, 41030643679, 41043144624, 41056281248, 41068689663, 41081726495, 41094358238, 41106689566, 41119773395, 41132105516, 41145193679, 41157868390, 41170605174, 41183205605, 41195654487, 41208652989, 41221122745, 41233980744, 41246632750, 41259594631, 41272164789, 41284193018, 41294546690, 41303460302, 41313776743, 41323722946, 41332450524, 41342378538, 41352272433, 41362894232, 41371772017, 41381632160, 41387457951, 41392847647, 41402189115, 41413020142, 41424152315, 41437404051, 41450261745, 41463617973, 41476804890, 41489825853, 41503024855, 41516026409, 41529352668, 41542576939, 41555643006, 41568985502, 41581944392, 41595280112, 41608420703, 41621456192, 41634696454, 41647908395, 41661149450, 41674411257, 41687138397, 41699931394, 41712328824, 41725302118, 41737891258, 41750443777, 41763457233, 41775870470, 41788811721, 41801489667, 41813809582, 41826932168, 41839552802, 41852150609, 41864954837, 41877355867, 41890438963, 41903127957, 41915609980, 41928597923, 41941091544, 41954150958, 41966828477, 41979310196, 41992356549, 42004529247, 42017430398, 42030347297, 42042645727, 42055767581, 42068462250, 42081229246, 42093666959, 42106287471, 42119313988, 42132003836, 42144541767, 42157171679, 42169787247, 42182963605, 42195463207, 42208262307, 42220736580, 42233456457, 42246567446, 42259275544, 42271781737, 42284668484, 42297163752, 42310203270, 42322850088, 42335401264, 42348373887, 42360943008, 42373776837, 42386312450, 42398819559, 42411937201, 42424196630, 42435517402, 42446035319, 42456884901, 42468005905, 42479330522, 42491373582, 42504050430, 42516662336, 42529353404, 42541977945, 42553437815, 42563544784, 42574164325, 42584343315, 42589994179, 42595642541, 42606810787, 42617912016, 42629283263, 42640069979, 42652231935, 42663783663, 42675217533, 42686798436, 42698489690, 42710308752, 42721701606, 42733893896, 42745714972, 42757461158, 42769658453, 42782889437, 42795931335, 42809289883, 42822549248, 42835817219, 42849166306, 42862175611, 42875592203, 42888580085, 42901970248, 42914993713, 42928358731, 42941227411, 42954012657, 42966502188, 42979408466, 42992102952, 43004784377, 43017589337, 43030210215, 43042729165, 43055745123, 43068196080, 43080866763, 43093804779, 43106488829, 43119223598, 43131894647, 43144837669, 43157357412, 43170240191, 43182791490, 43195517531, 43208027692, 43220526318, 43233786293, 43246238166, 43259021336, 43271854128, 43284542999, 43297082274, 43310048061, 43322770563, 43335105675, 43347935293, 43360857867, 43373333299, 43385982071, 43399082745, 43411475353, 43424459023, 43437220770, 43449629674, 43462576052, 43475299469, 43487795958, 43500279447, 43513480035, 43525772729, 43536918452, 43546839142, 43557007695, 43567152017, 43576685135, 43581747256, 43589226790, 43600218156, 43611513476, 43622598286, 43634503957, 43647499040, 43660879011, 43673803905, 43687148841, 43700462223, 43713602692, 43726822263, 43739876245, 43753118338, 43766461260, 43779553573, 43792843517, 43805910195, 43819142888, 43832545259, 43845404173, 43858155789, 43870346553, 43883500817, 43896165152, 43908748555, 43921325671, 43934142166, 43947327130, 43959759960, 43972485513, 43985203437, 43997822423, 44010674746, 44023458405, 44035896484, 44048931301, 44061563471, 44074308861, 44086929129, 44099230062, 44112476061, 44125088699, 44137625349, 44150338757, 44162961405, 44176051276, 44188631322, 44201081425, 44214137421, 44226599487, 44239685452, 44252272272, 44264659326, 44277833486, 44290280903, 44303007616, 44315829544, 44328256880, 44341101635, 44353828409, 44366581794, 44379067236, 44391660221, 44404867036, 44417389403, 44430077115, 44442666438, 44455196069, 44468381766, 44480920918, 44493538501, 44506218888, 44518970992, 44532034252, 44544645670, 44557028206, 44569862341, 44582683719, 44595512971, 44607928405, 44620241667, 44631001650, 44641891026, 44653215826, 44665574864, 44678518068, 44691238556, 44704174436, 44716965968, 44729685113, 44742495261, 44755243702, 44768076799, 44780671677, 44793513685, 44806285442, 44819090951, 44831894934, 44844765690, 44857577180, 44870420287, 44883348965, 44893772461, 44904006993, 44913922678, 44922456165, 44931149746, 44941331177, 44951786534, 44962529732, 44968528068, 44973610941, 44984104261, 44995302719, 45006602006, 45018325975, 45031338760, 45044522808, 45057728340, 45070985570, 45084332154, 45097280668, 45110610346, 45123836142, 45136797413, 45150087296, 45163173627, 45176444345, 45189756384, 45202898562, 45216157744, 45229285457, 45242539513, 45255530324, 45268225604, 45280773912, 45293458572, 45306296430, 45318872813, 45331734109, 45344222907, 45356655371, 45369868777, 45382512787, 45395186827, 45407698636, 45420335383, 45433470482, 45446006460, 45458671223, 45471175707, 45483991287, 45497073163, 45509671336, 45522238870, 45534945808, 45547653966, 45560566958, 45573306977, 45585574584, 45598724148, 45611323786, 45624003502, 45636674185, 45649185200, 45662363328, 45674941665, 45687463178, 45700299632, 45712826578, 45726092596, 45738498570, 45751499330, 45764084625, 45776611693, 45789739040, 45802357965, 45814779930, 45827844655, 45840300006, 45853183213, 45865839675, 45878250044, 45891364695, 45903989480, 45916782294, 45929271580, 45941695316, 45954651703, 45967511351, 45980223171, 45992719782, 46005232384, 46016455256, 46027261625, 46038494934, 46049781709, 46061746766, 46074322662, 46086906004, 46099550075, 46111665828, 46122076446, 46132403202, 46142790260, 46153551402, 46163523971, 46172841269, 46178146615, 46185440602, 46196842612, 46208780203, 46222080157, 46235114120, 46248340588, 46261520303, 46274646978, 46288052278, 46300856506, 46314173732, 46327239617, 46340273031, 46353676805, 46366772658, 46380006266, 46393399848, 46406384983, 46419773071, 46432779874, 46445661677, 46458281457, 46471036124, 46483604512, 46496260974, 46509017472, 46521725508, 46534511425, 46547264017, 46559543649, 46572751012, 46585373477, 46597850985, 46610842834, 46623376249, 46636278132, 46649083397, 46661325370, 46674452656, 46686878589, 46699736039, 46712485152, 46724937512, 46737954325, 46750364144, 46763246801, 46775869267, 46788357577, 46801385681, 46814216825, 46826681148, 46839509973, 46851941338, 46865194355, 46877849902, 46890236711, 46903317366, 46915762280, 46928811929, 46941296516, 46953931128, 46966821598, 46979379183, 46992309142, 47004996244, 47017311886, 47030356835, 47042840873, 47055839680, 47068509448, 47080879838, 47094007002, 47106637524, 47119255106, 47131904061, 47144749365, 47157648380, 47170448579, 47182697388, 47195821561, 47208360225, 47219528959, 47230486877, 47241281833, 47252298406, 47263513526, 47274915474, 47286293131, 47297576854, 47309029584, 47320300612, 47331716415, 47342105183, 47352306634, 47362544156, 47372858949, 47383354589, 47392823437, 47402766893, 47407849338, 47413738605, 47424461600, 47435951500, 47448077934, 47461349384, 47474436143, 47487827466, 47500506022, 47513945563, 47527226718, 47540275513, 47553744534, 47566664728, 47580049764, 47593429063, 47606467238, 47619910563, 47632893867, 47646308750, 47659594910, 47672718167, 47685764215, 47698206017, 47711011770, 47723689472, 47736364549, 47749143020, 47761566328, 47774417675, 47787204202, 47799874824, 47812706761, 47825064335, 47838118256, 47850797179, 47863394131, 47876187922, 47889086204, 47901537161, 47914448322, 47926997606, 47939820511, 47952613691, 47965254772, 47977851846, 47990421882, 48003432408, 48016169131, 48028868500, 48041376830, 48053902616, 48066939631, 48079689354, 48092213187, 48105088398, 48117478442, 48130569717, 48143224348, 48155844799, 48168612039, 48181272346, 48194193089, 48206818789, 48219458711, 48232165770, 48244917386, 48257725764, 48270449669, 48283213735, 48295606465, 48308290392, 48321310989, 48333823469, 48346386486, 48359354532, 48372029304, 48384511938, 48397575076, 48410233369, 48423021483, 48435845608, 48447126402, 48457565218, 48468494328, 48478826760, 48489112561, 48499239183, 48509384299, 48519320675, 48529699860, 48537561595, 48542635740, 48551116919, 48562243905, 48573416240, 48584824291, 48595716842, 48608216077, 48621465860, 48634542426, 48647872775, 48661057006, 48673856778, 48687227960, 48700374411, 48713588305, 48726964431, 48740070903, 48753325447, 48766367162, 48779617921, 48792946928, 48805942256, 48819376242, 48832204762, 48844917070, 48857497910, 48870241224, 48882905254, 48895690073, 48908170571, 48920872320, 48934035556, 48946685853, 48959186614, 48972013242, 48984594691, 48997519646, 49010299460, 49022991016, 49035463641, 49048156418, 49061161451, 49073788860, 49086512216, 49099006264, 49111530402, 49124663791, 49137346559, 49149980743, 49162581113, 49175017300, 49188198784, 49200838034, 49213628224, 49226139117, 49238617295, 49251596999, 49264389568, 49277152536, 49289539223, 49302276251, 49315176182, 49327861452, 49340570770, 49353198301, 49365809597, 49378671563, 49391311790, 49404201405, 49416698138, 49429479478, 49442094131, 49454822186, 49467879953, 49480272255, 49493195623, 49505820652, 49518142093, 49531359283, 49544010801, 49555414519, 49565321659, 49575734474, 49585620435, 49595943529, 49605204614, 49615425352, 49624905491, 49632760696, 49637880556, 49646820901, 49658029369, 49669734051, 49681398389, 49693334027, 49705898143, 49718897865, 49732242985, 49745403230, 49758629636, 49771943323, 49785274404, 49798454852, 49811649642, 49824887035, 49838026528, 49851166997, 49864209383, 49877636412, 49890687159, 49904102591, 49917105366, 49929823778, 49942451736, 49954961104, 49967664868, 49980431498, 49993079781, 50005937902, 50018649967, 50031542023, 50044119079, 50056971096, 50069693598, 50082283898, 50095112906, 50107696431, 50120272326, 50133309280, 50145894575, 50158307324, 50171242899, 50183450875, 50196719945, 50209161076, 50221853182, 50234573059, 50247455411, 50259959529, 50273022057, 50285578727, 50298469624, 50311054919, 50323747879, 50336210433, 50349206921, 50361864603, 50374195565, 50387272314, 50399797428, 50412439913, 50425148255, 50437885527, 50450527523, 50463551477, 50476114677, 50489099751, 50501693469, 50512663167, 50521361570, 50530005103, 50538776809, 50547543327, 50556429413, 50566463200, 50575117719, 50580027741, 50588517465, 50599412640, 50610429824, 50622075119, 50634149612, 50647366985, 50660503121, 50673861851, 50687062806, 50700393094, 50713585016, 50726750144, 50740139697, 50753138015, 50766553142, 50779547677, 50792948705, 50806122072, 50819381925, 50832575190, 50845830893, 50859036731, 50871797746, 50884362899, 50897101819, 50909709941, 50922314035, 50935081153, 50947829778, 50960428195, 50973076051, 50986161345, 50998673764, 51011548853, 51024137871, 51036793478, 51049518604, 51062421709, 51074937302, 51087391554, 51100642375, 51113299935, 51126035926, 51138652898, 51151369296, 51163969605, 51176800566, 51189354001, 51201847560, 51214978447, 51227474387, 51240434986, 51253292619, 51265905929, 51278474378, 51291339457, 51304009103, 51316265663, 51329468571, 51341975558, 51354726380, 51367505522, 51380309994, 51392921473, 51405639031, 51418240317, 51431077259, 51443934404, 51456294174, 51469242139, 51481932781, 51491961747, 51501910635, 51511035428, 51519783453, 51529478679, 51539790726, 51546519590, 51551378159, 51559884058, 51569036745, 51580503878, 51592213687, 51604178500, 51617279907, 51630538540, 51643650628, 51656888204, 51670048571, 51683422926, 51696605510, 51709962837, 51723336704, 51736379822, 51749792630, 51762820611, 51776240926, 51789252245, 51802657362, 51815612224, 51828892403, 51841656103, 51854413150, 51867045259, 51879806762, 51892387601, 51905164607, 51917934655, 51930595878, 51943264424, 51955659046, 51968896500, 51981473311, 51994176464, 52006991373, 52019816719, 52032313635, 52045301456, 52057803560, 52070402649, 52083436673, 52095822872, 52108682092, 52121298453, 52134466388, 52147028612, 52159768204, 52172282271, 52185264354, 52197733133, 52210096017, 52223337560, 52235748417, 52248572175, 52261398131, 52274125027, 52286786006, 52299512780, 52312314871, 52324579732, 52337692614, 52350169450, 52362866683, 52375441724, 52388589090, 52401066475, 52413924902, 52426715091, 52439096834, 52452066222, 52463887603, 52473868962, 52482552289, 52491595113, 52501913080, 52511611053, 52520165169, 52528958115, 52537633325, 52547343994, 52556604895, 52566908641, 52572993281, 52578700603, 52589854261, 52600884201, 52611758257, 52623251758, 52634423788, 52646408926, 52659705400, 52672843611, 52686086802, 52699221107, 52712433232, 52725536775, 52738710325, 52751989405, 52765031913, 52778240131, 52791416489, 52804670422, 52817826761, 52831187505, 52844213046, 52857394775, 52870750819, 52883682305, 52896540243, 52909182423, 52921743365, 52934566635, 52947274305, 52959961529, 52972474192, 52985469337, 52997976263, 53010935397, 53023515992, 53036116729, 53048999997, 53061559535, 53074341302, 53087036765, 53099604909, 53112574358, 53125063950, 53137961378, 53150565167, 53163359079, 53176001015, 53188842840, 53201552219, 53214215577, 53226682587, 53239728207, 53252087246, 53264946282, 53277591880, 53290039907, 53303270647, 53315223803, 53325580771, 53335834224, 53345838959, 53353728770, 53359410823, 53369220369, 53380838625, 53392479220, 53404805605, 53417684661, 53431021846, 53443930627, 53457282521, 53470651566, 53483559798, 53496928233, 53510155860, 53523370853, 53536650177, 53549681454, 53563009545, 53576152822, 53589381731, 53602542952, 53615201795, 53627934916, 53640457650, 53653339148, 53666015202, 53678342136, 53691411194, 53704098845, 53716820797, 53729324183, 53741776971, 53754923910, 53767524464, 53780235796, 53792730088, 53805591749, 53818680705, 53831243966, 53843773536, 53856471868, 53869188693, 53882043213, 53894673247, 53907241635, 53920125513, 53932909416, 53945680563, 53958088795, 53970697772, 53983721786, 53996473768, 54008992718, 54021560618, 54034272621, 54047329350, 54059986545, 54072475709, 54085241302, 54097800046, 54110885767, 54123590691, 54136068930, 54148877735, 54161235980, 54174338058, 54187014723, 54199495282, 54212365061, 54225160560, 54237723150, 54250640231, 54263134523, 54275808807, 54288604978, 54301276088, 54313832086, 54326411766, 54339625660, 54352175189, 54364776231, 54377688429, 54390195965, 54401586439, 54412617783, 54423975359, 54435376819, 54446723103, 54458159720, 54470254537, 54482990406, 54495813920, 54508655013, 54521400952, 54534255106, 54547230781, 54559810949, 54572679019, 54585395783, 54598312742, 54611125026, 54622739376, 54633232453, 54643335027, 54653273783, 54663898023, 54673307789, 54683594750, 54690637640, 54695911369, 54704965423, 54716766663, 54728396455, 54739984254, 54752137361, 54765359617, 54778589930, 54791821341, 54805103350, 54818236923, 54831517528, 54844596230, 54857970281, 54871256440, 54884474790, 54897739893, 54910848807, 54924079425, 54936987473, 54950352612, 54963527261, 54976421698, 54988972203, 55001679507, 55014357087, 55026775879, 55039875454, 55052379390, 55065240868, 55077866446, 55090554646, 55103148364, 55115780289, 55128784407, 55141469982, 55154173990, 55166851204, 55179346350, 55192099003, 55204895906, 55217730224, 55230434232, 55243043575, 55255734033, 55268479911, 55281077657, 55293563465, 55306751297, 55319459272, 55332140026, 55344475566, 55357425423, 55370024634, 55382656437, 55395726350, 55408244934, 55421163358, 55433744563, 55446059962, 55459321585, 55471914204, 55484584887, 55497430008, 55509947982, 55522764660, 55535479899, 55548167183, 55560619239, 55573587589, 55586300752, 55599032531, 55611648893, 55624042111, 55637250878, 55649933707, 55660159206, 55670267029, 55680246191, 55690598459, 55700892866, 55709317649, 55714409860, 55724127914, 55735683366, 55748257491, 55761201367, 55774498330, 55787876652, 55800683443, 55814024535, 55827291407, 55840516715, 55853820209, 55866907456, 55880170056, 55893512368, 55906494635, 55919892123, 55932963073, 55946203823, 55959244500, 55971807456, 55984516591, 55996944599, 56009797654, 56022642287, 56035111554, 56047764476, 56060381021, 56073466253, 56086078037, 56098697939, 56111384125, 56123993895, 56137047511, 56149579462, 56162096214, 56174792166, 56187631610, 56200511888, 56212846084, 56225665571, 56238428722, 56251388649, 56263766792, 56276845677, 56289057803, 56302249298, 56314682127, 56327498501, 56340081721, 56352637414, 56365929982, 56378420429, 56391304002, 56403904250, 56416271406, 56429387095, 56442030678, 56454710517, 56467517552, 56480152956, 56493041046, 56505667600, 56517843045, 56531026666, 56543785606, 56556206289, 56568841206, 56581677904, 56594851088, 56607322797, 56619941112, 56632901711, 56645509161, 56658339329, 56670984133, 56683427094, 56696414793, 56709163784, 56721915338, 56734432274, 56746723197, 56757212855, 56768254453, 56779524138, 56790981567, 56802419343, 56813980288, 56825459873, 56837015995, 56848935154, 56861778383, 56874593353, 56887532101, 56900280604, 56913157402, 56925662619, 56938584583, 56951416765, 56964253218, 56977137158, 56989929911, 57002836921, 57015915318, 57028005192, 57038119423, 57048665844, 57059306869, 57068379783, 57077179992, 57087316685, 57097309641, 57105926013, 57115394006, 57122119269, 57127599968, 57138327114, 57149622678, 57161523038, 57174387568, 57187797019, 57201027148, 57214296463, 57227663555, 57240664925, 57254059178, 57267077761, 57280358122, 57293171871, 57306532982, 57319889332, 57332911515, 57346335187, 57359368479, 57372725684, 57385753238, 57399157989, 57411795164, 57424516078, 57437180291, 57450063498, 57462672353, 57475329425, 57487924485, 57500598708, 57513386273, 57526208506, 57539121132, 57551622564, 57564413914, 57577019716, 57589590058, 57602359922, 57614985806, 57627708124, 57640715781, 57653295888, 57666015277, 57678777695, 57691288589, 57704084638, 57716755259, 57729565834, 57742221747, 57754832493, 57767723024, 57780277008, 57792921263, 57805686978, 57818424189, 57831160606, 57843938711, 57856474811, 57869128710, 57882061477, 57894671552, 57907097912, 57920244607, 57932978583, 57945743504, 57958505007, 57971236297, 57983823729, 57996586635, 58009018915, 58021706932, 58034822499, 58047330280, 58058841786, 58068911645, 58078842650, 58087783790, 58098133128, 58105438713, 58110293925, 58118964435, 58128236140, 58137939484, 58149393861, 58161312044, 58172727359, 58186071380, 58199228634, 58212456017, 58225547048, 58238731462, 58251876082, 58264971263, 58278317481, 58291518192, 58304767060, 58317933103, 58331197778, 58344406302, 58357601031, 58370915877, 58383979015, 58397231423, 58409821173, 58422508458, 58435097231, 58447750580, 58460636595, 58472996243, 58486084528, 58498319909, 58511495656, 58523803547, 58536688646, 58549386307, 58561868330, 58574941966, 58587207010, 58600329230, 58612691625, 58625668399, 58638239778, 58650956176, 58663785184, 58676067379, 58689305016, 58701536308, 58714661701, 58726990588, 58740119278, 58752731001, 58765096081, 58778238321, 58790707893, 58803380896, 58816327518, 58828964509, 58841764892, 58854398831, 58864501589, 58874167458, 58883184463, 58893778308, 58903014246, 58912703736, 58922849767, 58931709913, 58939732231, 58944457561, 58953579974, 58964996510, 58976951496, 58990191880, 59003444287, 59016840066, 59029794684, 59043152682, 59056241393, 59069447109, 59082825981, 59095966389, 59109203721, 59122308485, 59135521464, 59148921088, 59162004489, 59175261230, 59188410855, 59201632989, 59214818563, 59227345020, 59240071611, 59252423508, 59265485548, 59278084881, 59290895089, 59303600806, 59315828863, 59329010653, 59341677491, 59354398772, 59367040585, 59379176663, 59392490899, 59405058982, 59417969898, 59430521868, 59442794969, 59456068495, 59468436749, 59481444773, 59493949990, 59506325568, 59519583713, 59532115541, 59544983062, 59557673032, 59569951626, 59583131707, 59595630271, 59608506093, 59621086871, 59633448229, 59646492141, 59658925886, 59671972178, 59684582924, 59696853340, 59710010655, 59722667483, 59735357025, 59747958067, 59760373807, 59773524469, 59786194420, 59798916433, 59811640216, 59823833300, 59837010330, 59849645856, 59862464122, 59874989480, 59887348091, 59900610875, 59913307681, 59925915070, 59938579833, 59950693510, 59960525821, 59970416177, 59980237685, 59989116569, 59999034878, 60009493042, 60019061804, 60029605662, 60039547653, 60044554110, 60050448565, 60061221242, 60072535178, 60085496388, 60098512712, 60111860456, 60125195139, 60137996681, 60151488345, 60164412201, 60177732175, 60191003808, 60204046377, 60217389361, 60230337448, 60243679271, 60256929665, 60270023442, 60283346894, 60296591795, 60309807825, 60322834953, 60335465047, 60348163928, 60360729631, 60373594039, 60386358227, 60398722087, 60411632333, 60424357825, 60437184452, 60449925631, 60462350831, 60475384000, 60488040951, 60500636743, 60513346794, 60525429405, 60538801013, 60551501115, 60564180831, 60576760023, 60589390300, 60602497994, 60614975745, 60627586370, 60640527865, 60653141297, 60665962858, 60678439084, 60690957728, 60704042473, 60716718099, 60729528247, 60741925799, 60754427903, 60769089303, 60781566322, 60794258611, 60806812901, 60819275881, 60832384002, 60845124265, 60857451016, 60870468072, 60883060203, 60895893056, 60908712359, 60920993272, 60934242994, 60946601971, 60959617685, 60972200844, 60984569098, 60997388829, 61010291078, 61022864166, 61035527403, 61048214931, 61060866694, 61073842368, 61085296990, 61096487818, 61107691586, 61118963041, 61131175474, 61144010096, 61156719781, 61169572287, 61182365711, 61195255693, 61207929611, 61220732434, 61233288371, 61246233651, 61259105627, 61271783451, 61284686677, 61297452392, 61310418728, 61322105161, 61332542390, 61342161384, 61352138470, 61362042863, 61372018363, 61382228420, 61389909186, 61394740473, 61403598787, 61414656315, 61425949133, 61438963687, 61452280181, 61465557613, 61478675194, 61492027211, 61505227250, 61518490583, 61531608958, 61544903784, 61558065372, 61571463470, 61584515377, 61597880944, 61610665396, 61624043047, 61637088851, 61650498668, 61663276650, 61675967841, 61688658421, 61701494570, 61714060029, 61726996763, 61739553372, 61752384638, 61765061058, 61777786428, 61790440204, 61803085619, 61815800918, 61828574018, 61841072094, 61853720743, 61866651435, 61879336583, 61891985599, 61904549165, 61917633604, 61929928739, 61942965876, 61955484276, 61968460806, 61981124592, 61993867784, 62006430008, 62019314130, 62031791393, 62044335367, 62057243049, 62069981237, 62082563358, 62094978060, 62108214293, 62120583036, 62133735956, 62146435143, 62159144583, 62171835895, 62184579210, 62197134659, 62209773848, 62222523266, 62235375772, 62247806038, 62259995216, 62270045727, 62280050279, 62290117758, 62300369807, 62309020725, 62318583872, 62324916131, 62330358317, 62340919935, 62352537276, 62364146438, 62375732468, 62387460343, 62399101000, 62412109267, 62425057964, 62438396919, 62451685704, 62464785097, 62478164213, 62491187373, 62504529258, 62517804980, 62530913528, 62544177838, 62557315927, 62570558752, 62584033693, 62596998991, 62610212459, 62622540796, 62635458732, 62648102498, 62660827441, 62673491166, 62685901962, 62699064892, 62711573405, 62724311959, 62736902991, 62749631902, 62762712862, 62775336487, 62787682707, 62800759517, 62813482080, 62826215018, 62838998494, 62851287647, 62864216569, 62877075240, 62889712048, 62902245586, 62914743112, 62927903113, 62940515995, 62953299715, 62966032959, 62978060638, 62991399044, 63003812891, 63016825737, 63029548360, 63041638539, 63054929826, 63067337021, 63080351148, 63093055156, 63105253245, 63118372291, 63130911138, 63143851840, 63156404969, 63168961517, 63182113644, 63194525294, 63207389030, 63220001425, 63232730091, 63245524919, 63258023544, 63270946485, 63283425945, 63296122202, 63308742165, 63321802495, 63333977146, 63347147828, 63359796660, 63370902467, 63379954263, 63390334119, 63400071826, 63410679892, 63421091425, 63431239532, 63442009951, 63448160265, 63453136631, 63462111889, 63471351062, 63482914143, 63494117850, 63505760520, 63517851248, 63529437644, 63540745477, 63552751550, 63565481436, 63578653705, 63591885605, 63605062329, 63618337136, 63631489446, 63644906160, 63657927794, 63671278163, 63684354057, 63697647663, 63710946335, 63723969129, 63737307779, 63750402777, 63763625888, 63776260926, 63788844268, 63801572263, 63814217067, 63826971001, 63839715842, 63852329457, 63865154864, 63877880356, 63890537184, 63903268536, 63915857737, 63928780860, 63941506658, 63953966465, 63966916688, 63979375763, 63992369321, 64005038234, 64017638970, 64030266379, 64043251637, 64055783953, 64068531052, 64081194838, 64094082744, 64106431895, 64119326088, 64132095587, 64144630467, 64157259096, 64170181243, 64183007688, 64195501552, 64208398187, 64220964194, 64233949452, 64246448138, 64256977713, 64265892729, 64275961551, 64285951089, 64294921830, 64304766043, 64314491299, 64323153996, 64331756758, 64341413654, 64350543086, 64357040934, 64362525050, 64371365665, 64380054119, 64388933247, 64400117239, 64411551902, 64422889642, 64434012538, 64447155022, 64460320149, 64473514695, 64486660231, 64499846964, 64513073798, 64526211277, 64539270570, 64552642423, 64565595026, 64578778952, 64592124682, 64605155289, 64618348858, 64631544747, 64644688574, 64657724856, 64670955230, 64684210628, 64696970666, 64709762626, 64722527486, 64735208667, 64747727250, 64760555342, 64773241894, 64785904338, 64798726143, 64811491186, 64824071354, 64836828402, 64849540649, 64862293974, 64874851437, 64887605554, 64900471793, 64913033956, 64925706348, 64938626603, 64951270675, 64963844678, 64976769572, 64989248360, 64998653366, 65008829853, 65019117181, 65028741668, 65037513068, 65047864055, 65054362818, 65059287061, 65069814377, 65081309709, 65093012865, 65104721454, 65116444568, 65128128010, 65140738817, 65153694534, 65167041179, 65180323128, 65193569249, 65206980713, 65219975309, 65233394952, 65246400412, 65259780078, 65273071731, 65286335918, 65299612983, 65312740086, 65325995789, 65338939848, 65351851070, 65364341577, 65377072929, 65389749899, 65402494861, 65415192888, 65427617722, 65440617749, 65453417033, 65466102364, 65478779273, 65491182073, 65504082370, 65516843628, 65529790068, 65542328854, 65555148950, 65567680473, 65580071677, 65593320056, 65605938554, 65618625656, 65631453870, 65643754620, 65656700875, 65669513098, 65682224064, 65694989962, 65709411556, 65721853724, 65734812980, 65747387899, 65759952259, 65772974992, 65785646651, 65798414319, 65811135905, 65823470224, 65836376197, 65849175053, 65861920687, 65874462952, 65887258024, 65900042049, 65912476344, 65925316826, 65938144369, 65950694691, 65963388323, 65976261703, 65988716139, 66001472820, 66014447640, 66027064307, 66039087409, 66049572672, 66058602007, 66068037835, 66077643707, 66086570686, 66097093913, 66105089742, 66110153389, 66120444256, 66132420239, 66144081159, 66157113108, 66170290015, 66183711550, 66196688995, 66210050716, 66223207787, 66236447865, 66249858170, 66262869917, 66276037486, 66289068275, 66302438480, 66315888763, 66328883725, 66342282067, 66355289053, 66368534258, 66381204575, 66393818984, 66406542950, 66419226023, 66431793740, 66444450507, 66457357517, 66470004457, 66482773651, 66495466062, 66507936367, 66521088982, 66533807028, 66546291555, 66558977862, 66571811448, 66584406875, 66597271344, 66609654246, 66622653725, 66635232672, 66648023167, 66660824465, 66673528228, 66686333921, 66698341153, 66711603448, 66724119957, 66737027455, 66749555622, 66762443528, 66774910476, 66787666913, 66800449962, 66813206521, 66825858771, 66838516148, 66851391848, 66864264434, 66877009580, 66889566127, 66902272760, 66914998680, 66927907887, 66940629046, 66953126878, 66965762527, 66978397504, 66991412607, 67004104042, 67016798773, 67029327244, 67041824954, 67054950165, 67067545652, 67080278774, 67093130914, 67105257043, 67115228697, 67125478121, 67135492378, 67145948284, 67152428187, 67157324902, 67166674061, 67177775595, 67189155326, 67200239588, 67211937556, 67223669886, 67236960685, 67250010700, 67263408432, 67276412000, 67289825601, 67302954351, 67316246249, 67329365844, 67342611049, 67355815971, 67369053425, 67382258348, 67395620191, 67409010415, 67422127142, 67435033115, 67447577394, 67460243194, 67472818846, 67485425747, 67498414972, 67510896385, 67523522024, 67536631732, 67549222459, 67561966445, 67574763714, 67587445994, 67599925637, 67612919867, 67625344578, 67637822879, 67650956207, 67663316405, 67676375759, 67689017572, 67701944602, 67714539785, 67727224811, 67739725755, 67752775588, 67765523114, 67777727550, 67790833413, 67803306586, 67816062169, 67828869936, 67841870147, 67854444639, 67867261012, 67879705011, 67892704062, 67905267141, 67917631123, 67930885849, 67943068191, 67956262860, 67968729319, 67981604897, 67994315802, 68007105625, 68019730043, 68032485748, 68045265989, 68056550078, 68066637089, 68076845498, 68087208081, 68097493577, 68102217503, 68107903035, 68119293692, 68130518212, 68142007990, 68154734092, 68167908497, 68181104752, 68194297468, 68207537363, 68220735510, 68233944705, 68247033844, 68260111813, 68273514855, 68286572683, 68299938860, 68313113692, 68326239818, 68339601112, 68352664189, 68365623872, 68378151184, 68390635588, 68403352780, 68416258203, 68429036674, 68441674947, 68454347705, 68467102983, 68479770492, 68492432019, 68505180156, 68517938485, 68530499305, 68543195378, 68555993441, 68568739258, 68581440947, 68594248958, 68606804407, 68619509941, 68632363668, 68644864368, 68657827470, 68670366805, 68683123426, 68695469891, 68708727730, 68720899635, 68734087223, 68746531222, 68759220704, 68772175383, 68784324766, 68797615015, 68809145442, 68819492400, 68829650272, 68839535013, 68849212600, 68853938662, 68860552781, 68870608541, 68882134757, 68893836631, 68905264642, 68917327782, 68930532521, 68943686845, 68956876997, 68970198191, 68983224220, 68996573185, 69009764374, 69022816282, 69035960108, 69049265188, 69062438983, 69075824508, 69088912609, 69102118020, 69115494755, 69128388338, 69141024109, 69153714079, 69166433346, 69179131067, 69191873405, 69204373617, 69217098987, 69229959428, 69242320297, 69255357007, 69267911968, 69280620736, 69293618628, 69306065190, 69318995333, 69331536561, 69344303740, 69357020992, 69369820032, 69382352165, 69395039023, 69407983631, 69420486955, 69433267318, 69446044080, 69458602947, 69471275217, 69483989234, 69496737554, 69509385715, 69521912721, 69535133513, 69547307554, 69560549402, 69572836297, 69585987447, 69598437245, 69611126543, 69622652820, 69632114954, 69642084289, 69652604830, 69662609077, 69673209819, 69683493728, 69689786437, 69694284167, 69703254359, 69714805477, 69726338162, 69739192072, 69752430869, 69765684863, 69778859634, 69792167217, 69805043710, 69818438451, 69831474307, 69844809966, 69857887691, 69871247520, 69884386158, 69897622148, 69911027936, 69924094675, 69937531225, 69950722598, 69963525726, 69976181578, 69988778408, 70001490900, 70014088219, 70026857779, 70039535420, 70051992724, 70065146743, 70077748273, 70090458751, 70103114419, 70115779182, 70128497594, 70141127994, 70154026398, 70166709166, 70179340604, 70192077021, 70204585717, 70217384696, 70230311115, 70243029650, 70255856887, 70268338667, 70281245067, 70293640299, 70306557380, 70318975256, 70331766910, 70344319490, 70357167236, 70370046658, 70382637019, 70395519188, 70408366690, 70421030903, 70433697741, 70446463211, 70459069746, 70471766674, 70484291056, 70497311469, 70509750280, 70522315800, 70535447968, 70547926696, 70560754910, 70573454158, 70584169035, 70594804323, 70604906592, 70614635571, 70623851917, 70631859770, 70636904435, 70645692559, 70654864533, 70663986580, 70675516030, 70687480355, 70700790135, 70713929689, 70727168486, 70740251155, 70753608665, 70766619435, 70779961564, 70793227643, 70806333994, 70819622839, 70832735415, 70845963348, 70859121944, 70872414513, 70885676869, 70898775590, 70912038984, 70924797252, 70937470804, 70949891487, 70962683081, 70975430790, 70988268220, 71000903015, 71013275603, 71026302791, 71039035974, 71051819998, 71064672810, 71077189807, 71089756059, 71102729780, 71115197705, 71127981791, 71141104133, 71153669774, 71166500308, 71179068208, 71191406250, 71204609768, 71217235041, 71230084740, 71242853811, 71255388264, 71268124926, 71280770950, 71293449202, 71306282970, 71319206094, 71331759589, 71344710972, 71357324404, 71369597505, 71382746092, 71395220792, 71408182184, 71420650902, 71433629751, 71446155476, 71458596362, 71471719497, 71484366132, 71497019359, 71509684610, 71522326851, 71534942297, 71547625736, 71560476472, 71573323912, 71585962003, 71598614192, 71610359706, 71619458865, 71629704261, 71639872814, 71650400558, 71655977387, 71661507952, 71671741141, 71683594992, 71696451344, 71709501298, 71722728925, 71736101938, 71749045875, 71762381412, 71775393586, 71788575009, 71802001306, 71814924979, 71828302325, 71841594893, 71854740672, 71868143836, 71880974004, 71894500641, 71907316710, 71920013516, 71932716242, 71945241845, 71958042532, 71970706867, 71983476671, 71996048294, 72008426864, 72021667125, 72034244302, 72047064521, 72059556738, 72072147831, 72085316071, 72097735839, 72110677212, 72123181758, 72135912072, 72148728811, 72161333454, 72173969592, 72186975479, 72199307173, 72212352489, 72224680888, 72237435371, 72250398534, 72263136722, 72275631258, 72288468078, 72301092618, 72314148798, 72326925926, 72339412405, 72352029988, 72364827623, 72377791946, 72390599896, 72402901928, 72415820108, 72428482185, 72441296910, 72453783389, 72466603913, 72479205810, 72491964688, 72504791193, 72517300134, 72530097708, 72542768879, 72555746996, 72568246536, 72580837019, 72593611950, 72606712319, 72619070320, 72632032567, 72644503482, 72657087007, 72670113951, 72682499845, 72695176875, 72704375277, 72714087288, 72725490213, 72737584787, 72750483558, 72763685489, 72776775666, 72789773557, 72802559596, 72815588432, 72828502645, 72841552843, 72854584304, 72867655987, 72880784799, 72893828039, 72906556644, 72919270174, 72932035522, 72944666776, 72957418819, 72970135583, 72982865653, 72995565572, 73008296679, 73020934037, 73033679793, 73046319043, 73059310099, 73072043159, 73084806249, 73097497867, 73110049715, 73122854919, 73135497159, 73148179500, 73161050927, 73173739859, 73185072655, 73193811463, 73203856787, 73214310495, 73224897565, 73235133562, 73243035580, 73248366072, 73257877156, 73269659780, 73281363851, 73293289358, 73306098285, 73319514022, 73332865306, 73346106483, 73359404972, 73372226229, 73385609556, 73399017298, 73412057303, 73425458697, 73438552048, 73451816113, 73465262306, 73478262334, 73491694856, 73504529662, 73517246914, 73529957514, 73542585961, 73555350333, 73567878987, 73580652575, 73593344620, 73606256208, 73618744213, 73631436380, 73644583625, 73657194859, 73669710330, 73682712677, 73695397459, 73708073208, 73720883844, 73733002832, 73746279898, 73758859028, 73771571459, 73784086441, 73796573653, 73809767955, 73822274759, 73835202033, 73847787023, 73860131535, 73873418549, 73886017943, 73898720669, 73911304255, 73923949548, 73936961477, 73949503254, 73962268663, 73974804642, 73987680830, 74000480785, 74013017191, 74025616890, 74038705235, 74051290469, 74063940400, 74076417358, 74089035856, 74102097956, 74114745202, 74127500540, 74140097310, 74152504688, 74165576676, 74177916488, 74190982739, 74203373820, 74216157479, 74229090856, 74241654301, 74254260836, 74267047912, 74279860136, 74291110168, 74302173311, 74313681277, 74326398835, 74339233214, 74351978420, 74364859796, 74377700522, 74390485402, 74403328814, 74416116623, 74429013440, 74441887858, 74454649361, 74467536169, 74480294864, 74493087556, 74503615727, 74513715311, 74522949845, 74532896536, 74543134547, 74553312683, 74563648288, 74572894786, 74577822324, 74584655498, 74595422560, 74607318526, 74618866470, 74630776840, 74643595899, 74656967630, 74670246038, 74683494722, 74696812559, 74709931911, 74723171989, 74736520954, 74749660385, 74762935132, 74775991129, 74789211249, 74802603915, 74815733336, 74829015712, 74842108574, 74855117940, 74867751697, 74880487504, 74893060470, 74905725172, 74918399761, 74931228158, 74943725379, 74956725956, 74968972019, 74982213257, 74994705840, 75007701046, 75020230555, 75032735161, 75045697714, 75058291492, 75070759478, 75083870773, 75096578199, 75109332438, 75121894723, 75134059365, 75147284673, 75159993014, 75172720338, 75185230682, 75197756284, 75210934229, 75223697197, 75236189902, 75248789662, 75261753496, 75274740340, 75287499524, 75299756817, 75312804940, 75325422339, 75338273869, 75350715426, 75363526001, 75376260161, 75389039547, 75401477076, 75414331902, 75426894980, 75439751270, 75452671098, 75465059006, 75477971875, 75490685344, 75503623543, 75516417700, 75528679326, 75541793306, 75554490662, 75567063688, 75580004817, 75592273829, 75605400016, 75618055074, 75628480951, 75637188387, 75646640389, 75657603557, 75670227426, 75682915443, 75695618962, 75708217258, 75720930970, 75731295690, 75741106334, 75751742476, 75761257222, 75771040949, 75777925148, 75782969752, 75794205136, 75805296111, 75816283021, 75827181370, 75838284979, 75849305275, 75860408396, 75871266340, 75882384842, 75893428515, 75904697834, 75915898306, 75927451438, 75939178703, 75952297443, 75965502183, 75978844617, 75991970071, 76005263739, 76018362826, 76031613586, 76044729397, 76058100273, 76071284566, 76084447618, 76097669447, 76110668254, 76123960639, 76137124180, 76150234254, 76162717071, 76175468625, 76188142177, 76200634088, 76213284446, 76226124318, 76238682086, 76251557664, 76264388502, 76276782270, 76289816538, 76302475258, 76314808173, 76327981235, 76340522890, 76353367462, 76366090635, 76378483852, 76391200739, 76403971275, 76416690114, 76429441730, 76442127671, 76454867690, 76467786907, 76480216441, 76492645547, 76505813544, 76518305699, 76531190004, 76543910797, 76556187926, 76569282375, 76581756831, 76594569420, 76607416677, 76620187457, 76632636095, 76645536697, 76658130170, 76670398693, 76683680642, 76696070564, 76709086949, 76721891665, 76734047945, 76747216917, 76759543241, 76769068668, 76778652628, 76789196912, 76799375109, 76809425681, 76819769466, 76829708527, 76838760323, 76847849167, 76852766513, 76860157912, 76869755239, 76881165244, 76892586479, 76904155541, 76916583061, 76927833703, 76939322382, 76951409449, 76963336054, 76976567709, 76989939379, 77002955826, 77016321514, 77029390328, 77042663793, 77055686831, 77069099516, 77082285151, 77095531150, 77108706409, 77121976029, 77135173077, 77148464852, 77161679845, 77174341800, 77187030000, 77199674072, 77212508634, 77225188838, 77237990807, 77250639335, 77263378438, 77276025927, 77288730851, 77301447493, 77314056836, 77327002298, 77339497689, 77352338842, 77365109623, 77377768404, 77390373291, 77403192655, 77416056025, 77428596460, 77441503897, 77454085347, 77466758593, 77479557389, 77492307478, 77505029186, 77517811990, 77530389778, 77543180883, 77555943546, 77568598726, 77581314086, 77593980375, 77606748835, 77619521569, 77632058585, 77644731587, 77657450854, 77668231710, 77678099178, 77688439422, 77695531567, 77700791380, 77711868928, 77723586610, 77736806547, 77750101252, 77763321616, 77776622058, 77789723343, 77803051006, 77816394112, 77829608128, 77843027955, 77856187589, 77869494745, 77882798422, 77896030444, 77909407118, 77922260418, 77935015634, 77947602089, 77960425054, 77973075718, 77985882386, 77998480804, 78011514279, 78024109706, 78036980705, 78049706808, 78062249134, 78075022844, 78087921554, 78100530713, 78113325481, 78125907235, 78138689673, 78151441716, 78164077182, 78176675172, 78189451689, 78202148312, 78214860499, 78227510674, 78240383078, 78252870961, 78265577288, 78278566574, 78290899916, 78303748272, 78316362131, 78329067909, 78341977178, 78354527683, 78367482484, 78380115752, 78392740720, 78405431849, 78418247796, 78430804465, 78443636280, 78456404253, 78468797837, 78481283828, 78494398052, 78506964487, 78518787333, 78527258686, 78537104242, 78546372468, 78556667180, 78567024392, 78574147726, 78578914926, 78588637862, 78599726152, 78610769520, 78622345479, 78633707571, 78645389243, 78658726367, 78671673844, 78684874371, 78698090524, 78711256201, 78724549624, 78737858183, 78751082149, 78764281761, 78777481983, 78790617082, 78803990277, 78817177561, 78830263403, 78843620425, 78856651642, 78869521665, 78882225307, 78894799859, 78907455345, 78920157705, 78932955706, 78945330614, 78958441847, 78971011578, 78983742442, 78996695167, 79009100165, 79022023472, 79034653871, 79047163971, 79060134580, 79072716030, 79085228388, 79098243919, 79110768423, 79123382221, 79136450974, 79148865737, 79161556073, 79174534861, 79186804178, 79199824835, 79212797153, 79223877569, 79234244059, 79244131851, 79254171986, 79264596398, 79271154487, 79276312432, 79285073396, 79296571292, 79307487279, 79318739692, 79330641273, 79342554511, 79355563084, 79368900941, 79382053495, 79395275690, 79408444418, 79421648303, 79434862869, 79448194073, 79461259286, 79474605138, 79487826173, 79501043852, 79514227351, 79527607260, 79540705738, 79553841263, 79566304488, 79579065625, 79591747660, 79604444832, 79617104773, 79629687443, 79642384066, 79655104065, 79668028593, 79680697262, 79693223658, 79706173576, 79718590414, 79731341785, 79744298112, 79756819381, 79769356214, 79782476237, 79794947274, 79807778723, 79820502690, 79833219881, 79845577027, 79858685942, 79870749326, 79884042993, 79896249627, 79909415243, 79921626088, 79934781145, 79947001328, 79960267102, 79972409711, 79985673715, 79997810036, 80011073613, 80023144261, 80036146242, 80048621063, 80061743710, 80074350673, 80086982537, 80099367760, 80109562802, 80119762788, 80129569159, 80139380597, 80144141021, 80150927686, 80162374556, 80174172317, 80187436016, 80200278939, 80213621556, 80226737673, 80240080717, 80253439692, 80266412071, 80279778064, 80293004715, 80306239911, 80319525704, 80332580847, 80345977968, 80359118132, 80372304622, 80385562522, 80398082815, 80410808613, 80423278673, 80436221572, 80448773725, 80461279919, 80474292642, 80486973029, 80499790929, 80512337100, 80524683565, 80537830199, 80550443936, 80563313898, 80575894433, 80588466422, 80601503681, 80614085558, 80626642350, 80639363631, 80652049511, 80664894998, 80677629097, 80690098547, 80703139651, 80715854341, 80728580565, 80741188992, 80753317807, 80766682152, 80779154899, 80792139240, 80804572131, 80816827776, 80829963973, 80842849743, 80855040019, 80868342537, 80880502357, 80893621769, 80906009860, 80918852234, 80931514799, 80944377010, 80957020837, 80969675102, 80982473104, 80995128345, 81007706377, 81020703475, 81033086622, 81045709941, 81058805672, 81071419226, 81083943608, 81096714999, 81109336854, 81122398832, 81134974239, 81147598658, 81160303642, 81172941000, 81183355646, 81192626008, 81203008855, 81214599402, 81226201789, 81237904762, 81250680852, 81263426974, 81276258607, 81288971220, 81301851864, 81314698877, 81327491386, 81340350972, 81353079821, 81365927383, 81378792707, 81391548534, 81404401284, 81415013195, 81425793197, 81436057087, 81446386894, 81456046659, 81465159368, 81475301310, 81483426838, 81488355903, 81496649888, 81508238481, 81519836291, 81531711261, 81544596909, 81557990429, 81571032022, 81584367010, 81597234042, 81610529723, 81623709866, 81636966729, 81650146504, 81663546800, 81676650282, 81689895426, 81703093940, 81716515780, 81729590759, 81743013271, 81755770196, 81768563377, 81781180776, 81793909137, 81806542161, 81819335219, 81831772443, 81844835642, 81857439919, 81870095709, 81882655553, 81895574648, 81908315948, 81921027281, 81933739650, 81946665704, 81959335105, 81972082509, 81984710589, 81997165513, 82010212477, 82022555341, 82035441844, 82047962380, 82061038092, 82073494298, 82086242129, 82099060760, 82111699583, 82124354763, 82136998285, 82149897056, 82162398916, 82175205097, 82187759630, 82200613235, 82213344770, 82225881664, 82238699441, 82251168098, 82264335606, 82276740054, 82289713837, 82302078368, 82315121304, 82327555476, 82338199553, 82348179691, 82358299599, 82369029308, 82379282943, 82389693928, 82398704280, 82403503462, 82411910545, 82423396844, 82434542446, 82445869748, 82457882840, 82470853876, 82484000144, 82497223559, 82510366348, 82523728985, 82536984078, 82550152013, 82563509156, 82576696134, 82589975763, 82603179038, 82616460376, 82629633499, 82643058757, 82656133126, 82669269750, 82681723820, 82694482332, 82707095703, 82719849332, 82732476986, 82745336267, 82758062247, 82770764058, 82783361865, 82796262284, 82808926375, 82821311719, 82834162089, 82847079536, 82859428382, 82872175603, 82885265047, 82898005004, 82910872708, 82923446467, 82936293786, 82948883536, 82961633320, 82974096118, 82987062821, 82999579756, 83012279553, 83025879921, 83038520331, 83051411777, 83063936159, 83076919463, 83089641843, 83102425074, 83115110894, 83127928000, 83140371327, 83153313677, 83165800217, 83178422865, 83191126751, 83203966928, 83216579262, 83229294012, 83242385043, 83255012696, 83267800505, 83280498471, 83291086456, 83301440922, 83311738198, 83321490920, 83331795276, 83341469811, 83351021911, 83358383159, 83363233488, 83373712527, 83385130893, 83396892826, 83409212741, 83422350464, 83435619900, 83448745904, 83462150899, 83475428087, 83488542006, 83501757548, 83514920600, 83528236057, 83541645751, 83554713894, 83567899224, 83581199239, 83594281603, 83607709486, 83620679180, 83633554879, 83646016334, 83658808782, 83671582858, 83684145570, 83696901091, 83709402463, 83722445643, 83735133110, 83747421653, 83760506031, 83773251177, 83785936386, 83798505384, 83810800092, 83824082040, 83836759986, 83849312688, 83861877231, 83874485231, 83887549163, 83900246091, 83912943995, 83925512322, 83938159507, 83951202442, 83963858660, 83976560226, 83989247023, 84001731060, 84014545176, 84027322304, 84039825384, 84052669468, 84065471254, 84078011322, 84090753843, 84103348110, 84116274285, 84129155661, 84141519338, 84154502154, 84167057175, 84179730605, 84192645000, 84205088877, 84217923134, 84230660406, 84243548313, 84256346803, 84268585114, 84281781308, 84294294643, 84307115655, 84319813132, 84332064077, 84345247027, 84357876145, 84370486586, 84383402508, 84395497936, 84406736738, 84417637100, 84428921800, 84440233905, 84452414721, 84465298538, 84477921004, 84489941847, 84499444020, 84508466763, 84518045779, 84528587134, 84538893321, 84547676074, 84552933019, 84559961321, 84571663622, 84582836567, 84594470022, 84607211322, 84620394211, 84633483227, 84646697366, 84660000127, 84673139132, 84686361998, 84699521999, 84712884574, 84725812398, 84738963548, 84752225172, 84765400370, 84778682746, 84791788852, 84805069763, 84818220181, 84831100397, 84843965599, 84856686819, 84869298786, 84882216966, 84894870803, 84907510663, 84920017772, 84932684671, 84945840643, 84958356480, 84971140383, 84983940460, 84996294860, 85009401393, 85021787897, 85034543358, 85047401418, 85060093769, 85072725328, 85085529128, 85098226056, 85110550671, 85123711648, 85136131904, 85149027379, 85161635318, 85174373383, 85187045836, 85199528897, 85212595087, 85225068322, 85237874685, 85250792865, 85263215868, 85275975845, 85288537459, 85301529674, 85314181741, 85326916084, 85339452001, 85352473208, 85365073518, 85377318115, 85390638088, 85402958980, 85415966820, 85428654776, 85441233662, 85453870409, 85466692398, 85479315596, 85492084057, 85503167646, 85511987692, 85521879452, 85532493804, 85542636723, 85551171430, 85556068268, 85564075389, 85575557720, 85587772899, 85600956825, 85614072209, 85627441437, 85640399412, 85653794824, 85667093985, 85680241778, 85693680892, 85706669506, 85720090675, 85733375858, 85746479707, 85759789487, 85772917078, 85786173575, 85799439654, 85812090257, 85824661086, 85837298383, 85850025157, 85862820717, 85875697027, 85888109410, 85900762881, 85913872589, 85926457762, 85939156337, 85951817011, 85964341393, 85977410329, 85989823505, 86002517076, 86015447158, 86028086102, 86040564952, 86053750221, 86066082099, 86079123447, 86091729189, 86104173188, 86117191831, 86129799892, 86142489923, 86155243370, 86167961355, 86180564411, 86193168627, 86206271681, 86218771588, 86231458385, 86244099649, 86256843024, 86269578892, 86282248172, 86295001618, 86307717223, 86320525906, 86333073542, 86346076011, 86358055106, 86371367267, 86383886339, 86396775405, 86409506086, 86421432325, 86434789529, 86447457282, 86460155736, 86472815921, 86485396882, 86498319030, 86511072598, 86523525569, 86536539330, 86549184500, 86561921406, 86574706712, 86586730607, 86597816028, 86608889852, 86621468434, 86634247881, 86646915939, 86659645399, 86672418743, 86685192269, 86697853065, 86710620183, 86723424288, 86735074283, 86745534278, 86755814525, 86766106308, 86776648029, 86787103630, 86792475076, 86799113242, 86810621148, 86822212610, 86835006827, 86848052387, 86861267441, 86874516370, 86887770852, 86901028753, 86914150912, 86927473448, 86940507412, 86953885795, 86967209858, 86980310899, 86993629346, 87006678446, 87020096075, 87033239230, 87045992310, 87058523711, 87071216977, 87084018214, 87096582146, 87109361044, 87122006764, 87134675128, 87147379258, 87160080275, 87172995708, 87185608469, 87198131447, 87211097051, 87223814609, 87236410463, 87249281890, 87261812925, 87274792689, 87287244561, 87299916831, 87312818043, 87325457476, 87338203964, 87350788954, 87363589703, 87376333933, 87389072120, 87401787603, 87414228794, 87427190614, 87439772247, 87452594724, 87465324000, 87477896722, 87490536094, 87503399159, 87516352007, 87529092697, 87541440932, 87554323772, 87567020273, 87580068152, 87592784673, 87605142246, 87618166688, 87630363007, 87643610958, 87656015407, 87669012749, 87681694479, 87693956411, 87707175127, 87719720566, 87732473463, 87745263408, 87757755686, 87770641578, 87783309392, 87794678809, 87805057689, 87815193832, 87823518518, 87828606151, 87835886711, 87845569548, 87856977905, 87868583405, 87880077638, 87891727755, 87904392395, 87917786770, 87930943414, 87944169027, 87957551744, 87970555373, 87983972148, 87997312384, 88010648410, 88024099914, 88037086575, 88050524773, 88063813252, 88077087388, 88090282361, 88102979167, 88115574472, 88128212135, 88141022771, 88153684543, 88166356507, 88179090056, 88191672238, 88204591578, 88217068841, 88229924399, 88242520985, 88255150897, 88268061569, 88280773024, 88293227826, 88306239450, 88318907447, 88331413336, 88344355502, 88356800173, 88369694610, 88382406858, 88394976650, 88407923516, 88420666830, 88433215382, 88445979510, 88458636338, 88471357924, 88483940411, 88496723337, 88509552894, 88522286199, 88535126132, 88547728639, 88560326141, 88573146176, 88585404995, 88598680108, 88611355673, 88623807302, 88636532184, 88648891832, 88662149794, 88674571210, 88687547312, 88700241554, 88712299812, 88725370457, 88738351930, 88750562226, 88763690305, 88776166958, 88789163751, 88801676292, 88814280325, 88827043354, 88839640917, 88852447952, 88865297589, 88877375439, 88888496688, 88899548905, 88910270497, 88921522299, 88933056815, 88945701253, 88958480761, 88971114762, 88984079451, 88996920848, 89009625162, 89022437446, 89034761389, 89045008921, 89055392012, 89065989947, 89072840393, 89077566089, 89086892542, 89098261226, 89111172875, 89124109671, 89137562578, 89150678145, 89163890697, 89177043312, 89190242558, 89203638642, 89216688108, 89230069666, 89243162955, 89256590960, 89269624191, 89283081493, 89296276283, 89309540104, 89322405916, 89334990967, 89347783170, 89360287655, 89373104883, 89385717094, 89398409506, 89411254444, 89423936540, 89436682662, 89449264295, 89462067424, 89474817879, 89487527625, 89499703070, 89512905184, 89525360536, 89538485868, 89550569944, 89563860132, 89576188592, 89589436116, 89601745472, 89614699968, 89627163559, 89640143018, 89652716106, 89665394113, 89678203223, 89690915837, 89703616610, 89716348084, 89729203642, 89741677121, 89754663660, 89767253593, 89780121236, 89792383961, 89805650773, 89817874924, 89831008008, 89842266035, 89852880815, 89863103751, 89872147368, 89882137637, 89892078713, 89901590957, 89911969287, 89918120028, 89922443259, 89932293149, 89941825900, 89953104619, 89964601110, 89977132572, 89990429536, 90003695188, 90016761927, 90030045340, 90043204547, 90056478927, 90069740856, 90083037209, 90096440678, 90109500520, 90122897397, 90135936182, 90149377554, 90162552203, 90175746932, 90189190440, 90201997414, 90214810126, 90227408665, 90240109255, 90252806671, 90265493468, 90278229397, 90290777399, 90303508263, 90316252249, 90329257281, 90341919114, 90354558120, 90367088728, 90379844798, 90392742470, 90405174690, 90418100621, 90430808535, 90443425385, 90456235960, 90468627835, 90481666193, 90494292198, 90507036428, 90519671833, 90532380968, 90544998367, 90557621260, 90570651439, 90583311746, 90595982551, 90608718419, 90621338992, 90634036775, 90646634521, 90659677517, 90672203730, 90685027062, 90697801504, 90710154866, 90723213182, 90735789627, 90748588666, 90761312267, 90774005777, 90786519172, 90799267431, 90812201480, 90824753266, 90837594420, 90850251858, 90862967524, 90875663536, 90888101798, 90899245690, 90908837280, 90919011509, 90929384285, 90935846366, 90940648355, 90950337967, 90961222583, 90972773273, 90983717764, 90996304158, 91009301805, 91022650831, 91035677043, 91048755928, 91061820408, 91075055360, 91088176969, 91101416499, 91114526206, 91127810474, 91141029556, 91154221966, 91167574776, 91180758520, 91194015688, 91206990935, 91219827267, 91232396510, 91245099724, 91257768820, 91270379567, 91283335100, 91295495103, 91308735060, 91321088360, 91334192392, 91346522499, 91359401312, 91371870030, 91385032044, 91397600799, 91410253599, 91423279932, 91435652581, 91448432395, 91461050527, 91473933794, 91486738693, 91499265150, 91512149944, 91524786386, 91537610389, 91550214178, 91562846286, 91575471132, 91588538176, 91600659971, 91613875758, 91626186639, 91639324973, 91651553274, 91664521991, 91677147508, 91689943251, 91700748338, 91709412379, 91718115115, 91728158668, 91738266980, 91746799368, 91751747903, 91758677877, 91767493407, 91777560825, 91789103520, 91800874364, 91812096320, 91824731663, 91837799074, 91851193937, 91864145259, 91877459556, 91890605640, 91903829300, 91916973371, 91930206979, 91943401892, 91956683047, 91969887481, 91983288936, 91996307823, 92009709461, 92022720659, 92036116193, 92048994334, 92061645058, 92074331366, 92086915196, 92099698550, 92112269196, 92124904174, 92137630704, 92150472407, 92163015160, 92175839468, 92188663654, 92201291490, 92213823319, 92226852460, 92239341747, 92252467995, 92264785896, 92277911534, 92290159122, 92303386078, 92315532226, 92328661282, 92341152277, 92353906883, 92366680899, 92379386249, 92391861193, 92404951980, 92417273420, 92430457713, 92442826395, 92455768988, 92468467808, 92481053775, 92493889191, 92506493651, 92519232571, 92531849116, 92544605980, 92557406607, 92567691431, 92576397586, 92586390968, 92596300245, 92606513353, 92616274864, 92625931273, 92630913743, 92637959562, 92648904053, 92660151522, 92671547611, 92683026829, 92695001408, 92708409577, 92721621884, 92734786646, 92748077994, 92761214862, 92774588302, 92787856456, 92800863259, 92814294682, 92827458344, 92840689268, 92854093164, 92867060721, 92880383258, 92893770064, 92906944774, 92919594400, 92932210029, 92944929479, 92957576847, 92970408479, 92983142272, 92995789273, 93008571650, 93021105798, 93033969901, 93046776326, 93059316027, 93072059342, 93084709761, 93097592663, 93110338236, 93122648568, 93135786046, 93148438480, 93160908297, 93173920592, 93186439481, 93199200679, 93211999535, 93224587577, 93237432942, 93250067004, 93262803849, 93275556074, 93288163281, 93300818217, 93313481820, 93326429906, 93339042118, 93351615206, 93364472290, 93376996366, 93389882442, 93402403589, 93414987297, 93428242573, 93440753283, 93453441361, 93465985030, 93478688794, 93491945657, 93504617500, 93517073889, 93530083438, 93542793855, 93555474059, 93568219754, 93580601680, 93593695702, 93606200797, 93618980244, 93631776720, 93644210099, 93657059370, 93669691906, 93681219770, 93691566240, 93702438526, 93713482749, 93724515191, 93735854456, 93747176083, 93759853724, 93772607536, 93785370565, 93798032886, 93810443560, 93819834466, 93828814179, 93838734259, 93848767498, 93857532978, 93866333554, 93875510898, 93885205270, 93896064007, 93906347794, 93916323599, 93926296291, 93932063976, 93937401182, 93948610565, 93960197083, 93971784578, 93983503603, 93996465484, 94009687618, 94023150535, 94036387867, 94049651505, 94062730451, 94076104440, 94089264868, 94102485659, 94115879118, 94128828853, 94142249351, 94155360951, 94168269487, 94181683637, 94194767832, 94208084632, 94221382755, 94234107209, 94246823363, 94259261930, 94272158931, 94284861169, 94297522086, 94310240315, 94322723437, 94335724686, 94348408430, 94361079846, 94373748636, 94386372261, 94399390172, 94411979923, 94424650545, 94437521544, 94449965910, 94462922969, 94475522119, 94488162406, 94500924947, 94513544055, 94526462967, 94539255720, 94551483350, 94564648477, 94577133736, 94590039220, 94602656437, 94615189852, 94627993835, 94640600004, 94653523921, 94666157495, 94678862174, 94691805745, 94704407031, 94717133378, 94729855452, 94742413098, 94755343363, 94767892159, 94780593115, 94793521060, 94805953646, 94818914916, 94831396085, 94844224727, 94856782617, 94869538139, 94882482503, 94895068835, 94907570634, 94920474227, 94933143567, 94945845133, 94958495858, 94971068579, 94982547737, 94992420637, 95002238055, 95012427421, 95022737942, 95030241707, 95035317744, 95043703159, 95054357490, 95066047340, 95078431647, 95091280247, 95104746887, 95117984158, 95131056634, 95144396078, 95157353320, 95170755019, 95183998271, 95197087593, 95210442539, 95223456361, 95236913175, 95250337335, 95263351828, 95276787218, 95289851333, 95302738446, 95315269603, 95327993630, 95340541694, 95353108129, 95366226442, 95378781281, 95391231933, 95404235317, 95416686152, 95429748680, 95442301077, 95454847553, 95467745103, 95480170609, 95493154523, 95505866649, 95518155314, 95531453864, 95543941319, 95556586856, 95569368623, 95581812438, 95594802029, 95607540827, 95620007958, 95633165823, 95645436909, 95658706040, 95671334792, 95683803266, 95696549083, 95709119791, 95722255865, 95734806309, 95747357242, 95760274811, 95772984434, 95785666165, 95798363764, 95810973839, 95823731497, 95836379475, 95849145433, 95861865493, 95874429304, 95887365550, 95900058450, 95912782294, 95925363195, 95937938663, 95951058930, 95963729674, 95976331387, 95989107111, 96001778954, 96014585683, 96027252948, 96039892198, 96052576309, 96065188764, 96076651382, 96087361681, 96098150289, 96110622791, 96123309404, 96135902939, 96148560926, 96160287215, 96170571002, 96180617302, 96190554410, 96199607121, 96209393351, 96219997023, 96225094971, 96230310595, 96240740561, 96251989006, 96263854455, 96276599234, 96289961077, 96303036788, 96316270824, 96329649818, 96342742558, 96356191132, 96369198667, 96382620630, 96395793814, 96408881244, 96422254928, 96435293835, 96448704872, 96461915593, 96475157197, 96488399473, 96501023708, 96513826776, 96526488182, 96539164785, 96551904681, 96564394701, 96577372817, 96589965070, 96602795481, 96615379495, 96628196356, 96640819920, 96653573244, 96666365509, 96678879393, 96691868984, 96704446161, 96717143089, 96730047170, 96742640155, 96755468613, 96767950393, 96780728375, 96793574717, 96806147439, 96818967291, 96831708042, 96844393313, 96857029938, 96870004880, 96882610317, 96895383172, 96908042259, 96920705617, 96933555377, 96946349228, 96957186054, 96965691403, 96975134067, 96984812875, 96995278791, 97002776696, 97007665050, 97018052048, 97029610124, 97041176683, 97052152729, 97064559863, 97077807815, 97090899640, 97104189217, 97117280065, 97130686159, 97143712676, 97157098994, 97170295799, 97183554310, 97196565873, 97210023541, 97223160348, 97236592687, 97249661440, 97263069914, 97275773251, 97288459803, 97301170525, 97313787314, 97326563282, 97339184221, 97351947311, 97364509413, 97377304790, 97389807688, 97402737586, 97415262396, 97427928196, 97440959229, 97453380035, 97466301694, 97478981410, 97491548760, 97504354270, 97517009144, 97529749956, 97542489670, 97555044081, 97567969768, 97580641794, 97593352577, 97605866461, 97618882846, 97631535279, 97644295134, 97656876401, 97669805201, 97682294183, 97695189230, 97707798024, 97720549090, 97733159531, 97746067823, 97758710308, 97771825387, 97784370704, 97797198185, 97809749545, 97822845947, 97835328947, 97846481262, 97855636695, 97865090285, 97875755846, 97886114034, 97891234932, 97896403010, 97905526460, 97914921517, 97926600808, 97938171762, 97949816142, 97962228342, 97975680761, 97988855165, 98002009246, 98015278377, 98028358055, 98041765003, 98054993973, 98068136090, 98081512399, 98094274085, 98107706057, 98121012115, 98134148128, 98147487816, 98160718922, 98173882158, 98186410324, 98199120435, 98211717510, 98224513132, 98237170753, 98249913762, 98262620212, 98275344483, 98287921416, 98300845211, 98313570216, 98325988030, 98338891013, 98351412526, 98364415056, 98377101425, 98389544936, 98402476116, 98415089060, 98427912757, 98440637151, 98453073154, 98466060365, 98478809478, 98491273374, 98504376307, 98516812371, 98529714193, 98542311940, 98555014910, 98567739243, 98580282790, 98593244854, 98605954599, 98618523781, 98631344549, 98643928501, 98656729066, 98669499114, 98682020810, 98694912135, 98707604363, 98720281699, 98733069081, 98745679705, 98758315293, 98771019179, 98783802166, 98796625742, 98808976418, 98822019781, 98834717197, 98847338014, 98860036407, 98872664854, 98885629298, 98898348382, 98910962363, 98923692433, 98936453265, 98947141958, 98957916283, 98968922359, 98980207242, 98991615904, 99001988619, 99011938240, 99022282268, 99032424576, 99042274527, 99052252834, 99057194349, 99062910399, 99072419286, 99081370374, 99092820601, 99104506057, 99116189316, 99127219500, 99139350816, 99150793658, 99162484241, 99174205647, 99186156727, 99197981953, 99210710131, 99224107741, 99237137859, 99250451545, 99263435887, 99276584352, 99289976835, 99303036616, 99316443869, 99329445117, 99342853408, 99356031231, 99369301644, 99382440160, 99395590212, 99408253204, 99420905821, 99433571804, 99446359064, 99459010521, 99471780568, 99484486652, 99497146287, 99509827407, 99522536542, 99535183116, 99547928872, 99560590033, 99573267064, 99586437379, 99599010101, 99611773679, 99624373745, 99637173150, 99649813682, 99662474477, 99675215717, 99687812791, 99700735060, 99713112958, 99726227488, 99738700722, 99751608893, 99764195347, 99776958132, 99789508454, 99802409178, 99815119289, 99827731439, 99840555015, 99853177053, 99865998309, 99878437730, 99891436354, 99904128033, 99916791209, 99929553139, 99942213385, 99954904576, 99967691896, 99980278229, 99992537414, 100001571815, 100011221082, 100021399645, 100032038717, 100042384515, 100051501069, 100058545668, 100063690003, 100074321506, 100085443365, 100096980628, 100109979252, 100123347321, 100136667355, 100150017968, 100163220021, 100176473467, 100189756208, 100202947764, 100216387000, 100229452823, 100242928069, 100256010189, 100269474144, 100282473989, 100295894609, 100309094709, 100322026317, 100334497720, 100347420905, 100359990514, 100372781253, 100385432465, 100398188780, 100410925137, 100423582209, 100436276024, 100448859427, 100461611592, 100474075122, 100487253982, 100499473860, 100512716014, 100525098001, 100538081611, 100550612279, 100563451114, 100576210236, 100588560119, 100601625759, 100614219050, 100627000633, 100639544486, 100652183430, 100664730395, 100677957107, 100690629438, 100703515147, 100716007364, 100728879706, 100741422765, 100754311648, 100767064362, 100779475341, 100792456448, 100804982295, 100817657860, 100830354605, 100843294086, 100855833666, 100868727004, 100881305769, 100894130870, 100906586038, 100919550910, 100932211095, 100943883306, 100954410989, 100964652113, 100974699695, 100984547631, 100995195980, 101002623451, 101007305263, 101016166935, 101027943272, 101039927433, 101053050751, 101066030576, 101079442407, 101092512137, 101105913043, 101119145064, 101132297741, 101145567055, 101158695561, 101171951387, 101185351743, 101198467127, 101211739249, 101224766376, 101238064682, 101251490673, 101264254984, 101276921943, 101289721105, 101302514407, 101315232697, 101327957213, 101340618130, 101353196223, 101366187279, 101378919729, 101391435566, 101404173693, 101416726639, 101429771222, 101442426402, 101454882730, 101467758003, 101480290991, 101493280154, 101505977631, 101518368652, 101531435086, 101543976924, 101556749169, 101569473807, 101582150288, 101595036241, 101607715835, 101620513715, 101633001049, 101645766946, 101658440498, 101671389500, 101683630619, 101696763703, 101709346068, 101721984525, 101734706477, 101747211938, 101760138480, 101773026874, 101785479723, 101798421402, 101810831526, 101823866283, 101836563272, 101849131965, 101861772009, 101874333805, 101887535431, 101900127684, 101912706815, 101925637751, 101938121972, 101951139150, 101963707050, 101976455309, 101989089249, 102001777326, 102014510814, 102027230752, 102039415597, 102050262127, 102061119948, 102072459274, 102085016554, 102097736126, 102110429697, 102123022805, 102133637463, 102144060532, 102154080831, 102164245599, 102174703214, 102185507630, 102191339768, 102196148472, 102205009411, 102214144581, 102225038168, 102236621696, 102248669456, 102261854603, 102274933365, 102288289044, 102301313364, 102314675573, 102327812930, 102341079925, 102354345272, 102367481957, 102380867542, 102394070084, 102406983748, 102420305430, 102433616187, 102446748783, 102460139312, 102473270687, 102486032740, 102498634880, 102511341574, 102524107288, 102536711016, 102549496261, 102562224622, 102574767986, 102587649423, 102600152198, 102613070073, 102625795687, 102638323732, 102651203520, 102663869565, 102676666895, 102689317009, 102702071127, 102714576649, 102727418169, 102740295272, 102752878919, 102765588237, 102778338998, 102790952003, 102803678472, 102816499118, 102829048402, 102841982451, 102854564450, 102867193690, 102880173698, 102892654440, 102905342518, 102918225786, 102930813156, 102941777911, 102950761774, 102960825591, 102971231449, 102980871133, 102991233473, 103000350576, 103005217873, 103011402610, 103020523559, 103029168068, 103040014842, 103050646284, 103061657120, 103072468494, 103084035115, 103095317984, 103108237079, 103121306382, 103134560926, 103147912088, 103160886603, 103173986301, 103187135925, 103200381314, 103213819756, 103226821004, 103240216661, 103253365675, 103266611003, 103280076666, 103293059787, 103306437500, 103319457669, 103332440668, 103345066734, 103357663382, 103370367451, 103383052904, 103395856277, 103408518903, 103421305431, 103434093850, 103446544319, 103459468846, 103472089053, 103484787751, 103497508727, 103510060758, 103523073115, 103535804710, 103548218314, 103561200397, 103573536303, 103586605728, 103599353071, 103611758679, 103624671243, 103637334114, 103649899694, 103662958315, 103675479524, 103688357298, 103701022122, 103713607722, 103726456871, 103738892569, 103751843769, 103764434008, 103777175491, 103789794966, 103802444531, 103815257059, 103828066535, 103840485449, 103853570682, 103866258393, 103879074461, 103891689725, 103904316706, 103916901635, 103929676993, 103942483296, 103955211290, 103967783341, 103980439742, 103993172863, 104005942484, 104018558785, 104031227148, 104044166812, 104056866670, 104068870729, 104079258031, 104090213264, 104101175333, 104112996287, 104125771462, 104138530584, 104151155125, 104163939150, 104176635895, 104189424253, 104202094020, 104214849115, 104223676729, 104233977178, 104244311808, 104255115003, 104265840500, 104274732567, 104284213988, 104293991795, 104303507274, 104310772331, 104315997415, 104326640332, 104338140852, 104349787429, 104361729842, 104375093944, 104388246803, 104401497624, 104414526765, 104427891843, 104441062586, 104454318533, 104467497638, 104480911117, 104493979687, 104507385414, 104520575261, 104533868256, 104547107724, 104560326380, 104573580801, 104586646686, 104599226426, 104611774551, 104624676557, 104637173351, 104649972512, 104662565986, 104675459874, 104688148745, 104700820588, 104713378783, 104726445705, 104738952631, 104751748253, 104764152945, 104777227436, 104789735949, 104802452652, 104815285322, 104827852794, 104840699807, 104853285285, 104866106725, 104878757693, 104891455598, 104904226561, 104916855801, 104929479304, 104942267540, 104954989920, 104967788044, 104980327196, 104993234329, 105005861189, 105018418224, 105031024760, 105044151984, 105056419226, 105069532840, 105081918916, 105094836547, 105107415616, 105118151368, 105128756199, 105139188911, 105148196640, 105153489717, 105160762831, 105170382618, 105180389612, 105192113520, 105203955286, 105215634272, 105227289577, 105240496513, 105253848896, 105266976365, 105280246106, 105293388651, 105306612189, 105319979403, 105333013794, 105346430751, 105359573174, 105372824727, 105386241563, 105399264295, 105412655191, 105425609016, 105438298192, 105450916995, 105463705598, 105476246825, 105488990689, 105501615962, 105514333947, 105527036063, 105539996540, 105552477221, 105565151139, 105577950300, 105590618603, 105603371256, 105615889412, 105628709814, 105641204838, 105654220857, 105666945495, 105679324980, 105692334773, 105705078332, 105717721915, 105730489094, 105742950793, 105756029556, 105768546309, 105781421947, 105793912455, 105806777107, 105819467809, 105831882695, 105845015901, 105857582336, 105870030180, 105883043635, 105895491785, 105908489920, 105921014058, 105933806933, 105946436906, 105959140609, 105971877698, 105984563517, 105997083505, 106009902075, 106022607609, 106035537508, 106048037415, 106060799528, 106073532162, 106086010401, 106098984001, 106111615194, 106124077076, 106137153275, 106149580856, 106162487134, 106175154155, 106187517649, 106197936445, 106208345049, 106217507379, 106224316077, 106229643456, 106239409483, 106250622284, 106262186769, 106273176670, 106284965458, 106297128940, 106308394048, 106320195532, 106332194158, 106343572791, 106355375251, 106367239356, 106378656747, 106390578591, 106402296457, 106413890604, 106425791453, 106437284892, 106448922192, 106461014995, 106472348035, 106484056196, 106496193982, 106507517928, 106519185684, 106531384749, 106542522477, 106554129076, 106566606766, 106577747301, 106589354449, 106601682238, 106612938312, 106624537648, 106637453264, 106650656111, 106663901805, 106677025062, 106690173100, 106703288118, 106716686216, 106729895105, 106743196097, 106756399554, 106769670699, 106782545056, 106795051372, 106807819527, 106820443335, 106833171391, 106845866915, 106858537476, 106871282255, 106883963986, 106896762842, 106909437370, 106922194357, 106934647389, 106947661332, 106960213668, 106972921400, 106985754924, 106998430612, 107011157569, 107023596319, 107036588961, 107049169984, 107062028410, 107074466184, 107087411768, 107099976799, 107110222684, 107118964788, 107128905131, 107139299331, 107149646106, 107155789279, 107160893941, 107172010367, 107183558800, 107195168633, 107206243312, 107218621088, 107230817712, 107243981069, 107257379595, 107270493331, 107283777232, 107297005897, 107310187870, 107323469269, 107336637876, 107350059045, 107363122000, 107376549578, 107389728682, 107403072581, 107416310096, 107429332096, 107441952059, 107454534608, 107467216216, 107479941281, 107492594691, 107505099236, 107517974875, 107530575367, 107543321184, 107556188522, 107568899244, 107581647319, 107594260324, 107606969154, 107619506231, 107632384189, 107644867738, 107657996367, 107670649167, 107683325037, 107695944207, 107708708823, 107721528004, 107734286577, 107747034469, 107759289870, 107772488811, 107785065561, 107797623878, 107810297857, 107823321933, 107835893067, 107848673247, 107861441647, 107873822780, 107886913139, 107899284324, 107912158131, 107924913897, 107937746872, 107950532544, 107963210551, 107975911386, 107988413551, 108001202642, 108014026461, 108026621705, 108039017181, 108052267941, 108064766810, 108075628232, 108086205903, 108096681950, 108106008343, 108115094196, 108123594052, 108132324376, 108141419873, 108152105209, 108162893634, 108168501469, 108173970144, 108184754113, 108196056696, 108207455715, 108219075131, 108231669215, 108244907950, 108258121540, 108271467514, 108284737743, 108297844644, 108311099309, 108324225130, 108337598387, 108350898707, 108364069572, 108377341632, 108390518173, 108403760815, 108417215127, 108430196172, 108443628267, 108456396667, 108469124112, 108481792110, 108494564660, 108507119376, 108519667196, 108532644396, 108545341141, 108557980696, 108570579663, 108583293864, 108596204903, 108608883947, 108621401371, 108634470125, 108647044006, 108660182705, 108672754878, 108685250390, 108697918204, 108710816243, 108723765123, 108736432876, 108748890547, 108761790477, 108774633218, 108787457709, 108800349705, 108812552860, 108825670563, 108838163146, 108851286098, 108863914911, 108876495689, 108889259633, 108901720356, 108914968308, 108927657606, 108940204388, 108952900279, 108965557229, 108978755132, 108991308750, 109004167848, 109016589569, 109029225279, 109042262477, 109055034600, 109067668723, 109080241505, 109092885943, 109105820358, 109118407606, 109131123638, 109143861032, 109156456032, 109169218328, 109182048984, 109194238955, 109204696143, 109215144602, 109225547408, 109234620016, 109244924494, 109254620270, 109265250431, 109270383353, 109275441872, 109284910049, 109294408560, 109306120627, 109317687125, 109329602500, 109342206045, 109355453997, 109368771040, 109381796947, 109395244910, 109408146550, 109421305146, 109434712888, 109447685450, 109461042777, 109474201312, 109487451034, 109500872936, 109513868935, 109527260564, 109540316683, 109553651792, 109566310940, 109578982294, 109591649071, 109604384023, 109617116901, 109629875596, 109642375869, 109655410626, 109667979869, 109680786111, 109693502387, 109706028416, 109718703799, 109731435456, 109744290770, 109756915676, 109769339778, 109782391197, 109795093679, 109807903583, 109820192553, 109832813981, 109846042401, 109858508495, 109871322305, 109883836677, 109896471471, 109909569094, 109922208039, 109934956297, 109947538479, 109960177851, 109973062035, 109985880178, 109998181660, 110011283433, 110023918594, 110036743024, 110049405528, 110061642924, 110074896491, 110087465367, 110100258975, 110112897370, 110125121887, 110138288723, 110150972468, 110163649926, 110176178580, 110188973286, 110201917711, 110214706313, 110226670455, 110240054515, 110252232707, 110265188789, 110278158788, 110290356266, 110301993566, 110313749883, 110326730807, 110338673586, 110349937962, 110360682380, 110372002236, 110383352671, 110394712200, 110406671398, 110419234965, 110431952095, 110444644446, 110455653145, 110465588301, 110475698809, 110485775200, 110494697540, 110504430486, 110509225884, 110515363381, 110524744033, 110535702867, 110546742268, 110558173269, 110570406514, 110581482840, 110593403159, 110606461170, 110619644791, 110632955426, 110645991953, 110659345617, 110672524172, 110685792449, 110698942379, 110712195396, 110725395680, 110738697526, 110752003034, 110765218942, 110778463232, 110791660159, 110804948028, 110817778378, 110830435572, 110843034051, 110855728476, 110868381154, 110881022418, 110893802475, 110906440382, 110919249737, 110931996469, 110944689979, 110957387579, 110969982883, 110982884034, 110994996308, 111008003416, 111020832973, 111033855523, 111046177513, 111059207936, 111071817828, 111084492966, 111097317701, 111109831830, 111122698984, 111135295632, 111148111822, 111160690769, 111173538881, 111186054596, 111198787657, 111211623256, 111224361566, 111237112388, 111249603566, 111262550921, 111275074265, 111286587664, 111296791800, 111307525171, 111315070928, 111319680169, 111328840668, 111340013857, 111351514805, 111363341068, 111376366120, 111389539671, 111402896753, 111415971732, 111429335345, 111442419357, 111455796703, 111468988991, 111482273198, 111495459321, 111508729429, 111521924403, 111535213492, 111548408099, 111561705978, 111574244703, 111586994671, 111599551645, 111612262794, 111625089788, 111637665317, 111650504457, 111663059539, 111675866452, 111688412136, 111701292107, 111713940635, 111726674000, 111739244403, 111752254746, 111764798537, 111777509075, 111790456369, 111802964699, 111815633245, 111828395786, 111841021303, 111853917144, 111866512510, 111879240810, 111891874017, 111904650901, 111917380971, 111930038897, 111942828660, 111955494276, 111968201092, 111980960642, 111993564308, 112006372137, 112019118869, 112031762270, 112044491424, 112057146177, 112069847316, 112082593255, 112095386435, 112107976186, 112120569782, 112131125541, 112141536220, 112152029662, 112162151157, 112171756662, 112179106253, 112184131997, 112194370923, 112206179426, 112218164625, 112231491617, 112244451606, 112257803988, 112271012023, 112284089993, 112297457634, 112310633199, 112323702562, 112336998915, 112350174418, 112363405159, 112376682896, 112389887329, 112403000455, 112416385003, 112429351828, 112441870107, 112454681841, 112467413498, 112479833632, 112492846172, 112505478953, 112518046181, 112530959966, 112543127111, 112556403871, 112568555634, 112581585630, 112594258693, 112607231378, 112619765891, 112632630116, 112644795673, 112657969163, 112670678969, 112682911787, 112696183054, 112708522561, 112721173164, 112734151707, 112746648135, 112759176240, 112772141661, 112784887112, 112797471857, 112810374839, 112822104607, 112832696682, 112841733524, 112850304669, 112860755997, 112870437796, 112879364592, 112889199589, 112894962453, 112900575231, 112911460579, 112923378395, 112934406199, 112946333476, 112958263499, 112971486793, 112984685245, 112997962311, 113011113705, 113024323022, 113037634023, 113050665240, 113063913863, 113077284496, 113090317848, 113103533452, 113116917756, 113129971922, 113143230372, 113156500296, 113169661823, 113182637131, 113195285475, 113207972882, 113220450755, 113233391762, 113246111700, 113258690403, 113271538393, 113283952485, 113296885801, 113309666835, 113321988642, 113335049339, 113347508413, 113360324176, 113373308030, 113385800857, 113398294111, 113411290049, 113423905251, 113436432136, 113449389134, 113461752322, 113474877960, 113487594175, 113499938016, 113513004205, 113525513145, 113537753287, 113548278773, 113557784852, 113566501261, 113576368667, 113584795831, 113589733989, 113597877401, 113608872917, 113620352502, 113631595638, 113642936490, 113654742429, 113667567958, 113680698600, 113693970600, 113707094101, 113720198499, 113733354532, 113746622443, 113759765475, 113773061279, 113786227261, 113799654472, 113812680196, 113826070237, 113839105910, 113852492533, 113865573493, 113878281102, 113890950747, 113903556123, 113916268859, 113928917996, 113941627803, 113954322900, 113967111319, 113979859822, 113992293506, 114005320450, 114018004927, 114030571850, 114043341410, 114056131904, 114068763891, 114081469730, 114094127840, 114106879028, 114119343656, 114132410884, 114144717859, 114157704764, 114170141988, 114183078235, 114195691239, 114208397078, 114220868726, 114234017557, 114246474251, 114259454931, 114271856267, 114284788484, 114297392334, 114310218839, 114322804439, 114335649987, 114348189384, 114361132710, 114373631885, 114386542252, 114399164595, 114412132214, 114424508708, 114435171400, 114445207507, 114455247277, 114465360898, 114473455604, 114478159938, 114486761234, 114498359105, 114510075078, 114521726782, 114533188483, 114546521152, 114559805481, 114572903469, 114586175774, 114599277364, 114612713243, 114625979933, 114639243082, 114652592291, 114665712253, 114679003418, 114692142727, 114705540703, 114718821370, 114731874193, 114744462784, 114757117536, 114769878490, 114782343668, 114795445197, 114808040868, 114820758670, 114833462617, 114845922546, 114858993985, 114871551631, 114884356102, 114896991019, 114909414632, 114922414110, 114934982438, 114947847029, 114960562816, 114973126566, 114985798348, 114998302161, 115011565616, 115024159394, 115036867370, 115049381376, 115061882931, 115075025353, 115087610953, 115100329121, 115112914416, 115125592850, 115138442976, 115150881726, 115163988870, 115176694709, 115189334692, 115201954044, 115214357760, 115227503905, 115240219571, 115252982356, 115265561853, 115278090080, 115291009053, 115303615710, 115316424820, 115329373091, 115341686780, 115354804361, 115367252388, 115379991064, 115392755008, 115405354280, 115418219726, 115430616850, 115443674617, 115456379479, 115467379024, 115477670685, 115487944218, 115494184985, 115498705604, 115507256424, 115517548268, 115529314656, 115542280321, 115555329848, 115568667278, 115581880989, 115595043370, 115608325868, 115621615995, 115634800287, 115647993674, 115661361010, 115674425186, 115687794719, 115700639779, 115714029149, 115727221254, 115740463042, 115753358822, 115766110681, 115778737968, 115791319540, 115804097827, 115816822892, 115829507186, 115842164930, 115854592632, 115867866219, 115880169105, 115892962285, 115905843233, 115918516236, 115930962737, 115943995479, 115956457606, 115969369377, 115981897787, 115994729480, 116007328447, 116020200057, 116032748304, 116045499126, 116058268014, 116070902442, 116083778325, 116096334201, 116109087525, 116121669585, 116134554684, 116147046840, 116159950737, 116172485739, 116185256336, 116198065081, 116210656479, 116223424391, 116236226238, 116248755564, 116261646705, 116274419743, 116286892612, 116299801759, 116310707370, 116320959358, 116330862714, 116339946736, 116348877622, 116357812718, 116362578453, 116370049870, 116379930032, 116391595713, 116402971172, 116414437451, 116425446334, 116437777541, 116450638225, 116463628366, 116476868749, 116490159975, 116503232146, 116516598872, 116529815513, 116542948536, 116556265457, 116569359113, 116582621469, 116595985510, 116609135622, 116622461577, 116635566646, 116648873436, 116661463980, 116674192341, 116686784533, 116699471817, 116712239545, 116724889538, 116737708291, 116750223396, 116762761511, 116775934878, 116788508271, 116800929504, 116813778531, 116826546687, 116839511803, 116852206106, 116864438375, 116877547716, 116890234695, 116903028364, 116915526073, 116927928324, 116941084602, 116953783544, 116966500918, 116978974886, 116991474976, 117004540677, 117017320674, 117029639185, 117042632621, 117054930502, 117067999438, 117080763321, 117093216659, 117106003796, 117118560100, 117131576729, 117144214392, 117156848942, 117169487581, 117182223755, 117194998930, 117207761775, 117220171839, 117233197440, 117245920919, 117258453296, 117271296830, 117283569565, 117296746533, 117309438029, 117322068368, 117334663123, 117347277837, 117360327547, 117372889527, 117385651518, 117398268429, 117410966211, 117421057311, 117431972200, 117443105716, 117454745396, 117467489809, 117480231476, 117493022398, 117505729213, 117518555719, 117531325766, 117544115956, 117556766558, 117569644943, 117582570691, 117595438639, 117608112191, 117620969031, 117633715214, 117646637361, 117658028933, 117668175941, 117678197095, 117688507249, 117698662374, 117709054193, 117719576933, 117726586375, 117731469541, 117742610992, 117753566531, 117765034214, 117778185120, 117791248197, 117804599603, 117817701437, 117831109545, 117844253615, 117857520000, 117870739326, 117883931614, 117897198670, 117910406034, 117923725946, 117936890890, 117950238024, 117963538954, 117976628826, 117989599252, 118002227637, 118014815862, 118027496615, 118040053041, 118052968718, 118065599728, 118078381800, 118091065361, 118103744040, 118116529346, 118129192156, 118141938522, 118154816297, 118167562114, 118179971384, 118192782020, 118205626225, 118218188693, 118230840821, 118243612517, 118256326169, 118269270166, 118281772332, 118294442526, 118306852040, 118320035600, 118332392502, 118345489087, 118357888165, 118370703684, 118383478187, 118395835638, 118408958346, 118421268740, 118434463957, 118445758423, 118456368015, 118466371835, 118475169725, 118479804479, 118488122939, 118499172349, 118510652483, 118521692067, 118533477071, 118546904221, 118559898695, 118573360635, 118586364020, 118599773104, 118612934692, 118626258205, 118639424492, 118652675008, 118665908250, 118679149427, 118692433878, 118705757147, 118719088412, 118731927246, 118744620695, 118757166378, 118769966272, 118782421807, 118795530050, 118808061939, 118820742998, 118833476974, 118846304517, 118858854534, 118871796517, 118884307105, 118897028691, 118909800753, 118922411317, 118935249174, 118947783505, 118960666590, 118973327751, 118986005453, 118998782398, 119011202532, 119024177658, 119036824842, 119049498149, 119062455636, 119074924415, 119087640203, 119100384738, 119113124390, 119125956999, 119138332883, 119151364283, 119163933159, 119176665365, 119189516163, 119202086992, 119214866623, 119227576978, 119240244670, 119252504710, 119265598548, 119278294134, 119289891455, 119300454599, 119310586959, 119320585651, 119328759275, 119333243273, 119341394985, 119352722837, 119363800629, 119376670469, 119390035913, 119403256582, 119416472308, 119429627425, 119443033458, 119456060829, 119469387333, 119482546662, 119495819822, 119509166406, 119522184073, 119535735003, 119548802169, 119562257701, 119575327675, 119587878424, 119600628941, 119613102420, 119625872834, 119638401610, 119651426418, 119664112421, 119676703880, 119689532033, 119702258075, 119714961168, 119727633193, 119740282392, 119752931224, 119765704629, 119778444648, 119791235020, 119803817263, 119816672211, 119829392698, 119841964566, 119854797968, 119867264183, 119880122183, 119893012409, 119905534654, 119918161270, 119930965619, 119943880198, 119956576943, 119969286566, 119981890050, 119994539737, 120007396271, 120019959349, 120032837307, 120045292292, 120058127342, 120070814810, 120082636923, 120092371273, 120101398045, 120110946726, 120121694745, 120130275107, 120139071532, 120148646642, 120157252821, 120161917909, 120168865523, 120177977377, 120188779168, 120200317164, 120212143244, 120223222745, 120235733455, 120249080406, 120262171620, 120275528580, 120288621076, 120302005014, 120315235815, 120328461001, 120341678679, 120355063411, 120368181846, 120381519520, 120394617081, 120407777204, 120420877024, 120434303870, 120447533084, 120460592804, 120473277403, 120485914394, 120498559381, 120511314537, 120523973684, 120536741779, 120549524644, 120562182631, 120574812970, 120587443797, 120600451332, 120612992133, 120625781224, 120638519594, 120651296966, 120663913999, 120676669826, 120689415643, 120702056419, 120714793996, 120727601825, 120740269761, 120752994582, 120765704388, 120778382029, 120791050027, 120803815436, 120816726352, 120829252443, 120842005035, 120854782651, 120867465786, 120880082208, 120892677940, 120905630544, 120918349078, 120930985154, 120943716384, 120956527630, 120969114939, 120981884926, 120994450080, 121005988746, 121016467968, 121026817917]
